average_shot_length,net_points_rate,net_points_won_rate,winners_rate,unforced_errors_rate,slices_rate,dropshots_rate,crosscourt_rate,middlecourt_rate,down_the_line_rate,ace_rate,opening_1st_body,opening_1st_down_the_t,opening_1st_out_wide,opening_2nd_ground_fh_bh_ratio,opening_3rd_ground_fh_bh_ratio,player,cluster
-0.2133206757799592,0.339090624987386,1.7790562127535148,-1.3859124269874,-0.0167761776218581,-0.7730920277747864,3.983293184165402,-0.0214997227206134,-0.5831100484630493,0.7168941739232465,-0.8959294317983336,0.3972103469634713,-0.9881071709146728,-0.0254019295310892,0.1691937237287664,0.1644459488481746,Abedallah_Shelbayh,1
0.7061685506878621,-0.2328460798099289,-0.3727293903845488,-0.6084903140963882,-0.7620261930864741,-0.9522314132888976,-1.5104798613379675,1.639420301174083,-0.6189197861274889,-0.6500767023651386,-1.00515428478692,-1.822523495535577,1.0968261030958215,1.013600824949285,-0.472322075217197,-0.3422334538397953,Adam_Walton,3
1.6770608455089664,1.001139543723828,-0.1108718831243608,-1.6965054032737534,-0.6385484944457686,-0.8025933557503396,0.4265721068031187,4.152872249187703,-2.1608588191127875,-1.215148980137731,-1.4195394254045728,-0.8687071783163471,0.1444842195961329,1.1652774663725731,0.158381659701587,0.3461213178020502,Adrian_Andreev,3
1.1916216409284484,-0.6065674400801525,-0.4284437536313976,-0.3470700030235909,0.3815772745830078,-0.7305703720186383,-0.9102369907313648,0.3708433341234769,0.2842420189579289,-0.4084671421693011,-0.451124934361578,-0.6491659139872584,-0.0833357478592459,0.8735630441739868,-0.4333576024834246,-0.2745672368356599,Adrian_Mannarino,3
0.4903003697215536,-0.2226478515162615,0.7183435565328994,-1.290514270091906,-0.5368168682377386,-0.8261595053166098,-0.5860468969503889,1.0397518798385224,0.5418948854998975,-1.3034726040608535,-1.9096550122231477,-0.4247490379379416,1.1991438261164489,-0.8045490456181896,0.4485053777642277,-0.0786784419577462,Albert_Ramos,3
-0.0756896457005566,-0.3523294814639457,-0.4927077391655805,-0.3942834447747185,1.0619930402423108,-0.0134899193633511,0.9053524113570128,-0.0009385777021968,-0.4772224766863911,0.6802868080904002,-0.5452311454187337,0.9515814085561424,-0.0612328994107029,-0.9042016071000228,-0.473621886193142,-0.3378856566452696,Alejandro_Davidovich_Fokina,1
-0.9629609161088026,-0.0446424122086124,-0.8610582552751695,1.061804834145628,1.0333920888509418,-0.2640705782879936,2.580087145983844,-0.7372409827975241,1.1835347358814174,-0.5594462442670346,0.0837678082927929,-1.1461810160528505,-0.7355913000917818,2.0262707272499902,0.141291623013465,-0.1772423841763628,Alejandro_Tabilo,0
-0.8045166247404822,-0.7121628096122973,1.3350369613123272,0.8117103870878315,0.5736850951792751,-0.1786695277622871,0.3790843740454629,-1.5355408181955188,-0.3855587961226424,-0.5519352035546916,0.6887202702785503,-0.2051827837290561,0.8076673206462217,-0.5195237137962211,0.1850938178863827,0.0255177255305055,Aleksandar_Kovacevic,0
-0.6142617296568137,-0.7121628096122973,1.1363967698781117,1.6248797993813606,0.7352488379833476,-0.4441598554940872,-0.2417974983791359,-1.2517727869402306,-1.6768664932377977,-2.0748248484951475,1.7535697470120135,0.9611597621249096,-0.782588914493602,-0.2438742152578706,0.0809573391391433,0.1222713096267395,Aleksandar_Vukic,0
-0.3952039592387284,0.6880776519182238,0.8676482755847604,-1.383782503390439,1.4178301021475317,-0.6982860654567953,0.5165900123793837,2.234913665853102,-0.8924710027161395,-0.9157682057712552,-0.7484344024714694,-0.5421914529799036,0.4948171746256165,0.1292403409031986,0.1560881915746095,0.0671961925258063,Aleksandre_Metreveli,2
-0.7700286544672384,0.2987919951512548,1.1522055048365432,-1.1661794855549654,1.5403579723371552,1.916653940665275,1.7977437247007524,2.00064762372869,-1.2385489547032085,-0.3224053948199181,-0.8209913422929742,-0.7227318115071438,0.1670694026040307,0.9768592782691085,-0.1551681970866082,0.7201588421188522,Alex_Bolt,2
1.0674058190671556,-0.3090545189408158,0.2757710931381145,-0.3312161708774299,-0.3085971700632303,-0.2926481007747252,-0.9109239831962176,-0.7634832824939027,0.5511147437472458,0.3122812151320461,-0.8547408424794912,0.4259270581983058,-0.4946246079593079,0.0953940349190484,-0.3118466904920062,-0.3618468500728779,Alex_De_Minaur,3
0.1701421139227877,-0.1461085711266751,-0.1751602531702757,0.3268653952628454,-0.1432352686128903,-0.31337525428857,-0.0740470283206624,-0.0525697979268836,-0.0869295418706802,0.3374119726293852,-0.1022669384006857,0.1869806548450606,-0.7248512954260741,0.5809091394751903,-0.4943702057824251,-0.3359590261348991,Alex_Michelsen,3
1.1913340496429845,-0.4674053305642796,-0.0396466411495901,-0.5715716384157191,-0.550689362720651,-0.2347765894750658,0.1949593559579481,-0.1869979609351734,-0.1748794949585446,0.5842891674065193,-0.0822426421815489,-0.2588196829715131,0.7489458448256872,-0.4276030442836371,0.0927884712700335,-0.1058325946971088,Alex_Molcan,1
2.8934162116870024,-0.472023396206695,1.8530594213270464,-0.9380570287091898,-0.4371153631735467,-1.2585611741759115,-0.9439923208715036,-0.7800317609133965,1.4212892381499973,-0.498106078449566,0.1247747747000983,0.0584742681578937,-1.4727001108750346,1.731100840307429,-0.0560576101707996,-0.4259990002519194,Alexander_Blockx,3
-1.225511823237544,0.9663436500950304,-0.5733010980732037,0.7301374323485785,0.329854379679975,0.2231523748953558,3.398958165081639,0.1664236924290373,0.2712222273031061,-1.003119579635504,0.9486498434810848,-0.5605274312342045,1.8186702007227693,-1.133850576249537,-0.2518349613113425,-0.1707835865975322,Alexander_Bublik,0
2.628947528824061,0.1817340703891591,-3.2531619702466137,-1.763180808789655,0.4232384591684222,-1.1899810154576382,-0.9943853842872354,-1.829849685363533,0.4064064566501363,1.3252316944747848,-2.0099922079913326,0.8299152718271167,-1.203098366541764,-0.1988702154965084,-0.5227783740106996,-0.3579241708262613,Alexander_Cozbinov,3
-0.3276911589662056,-0.0305017931981914,0.769921550387179,0.2559274304122979,0.2873882500279874,-0.8409933277790875,0.6754037544540932,0.8716248873071113,-0.3397079430297636,-0.5050784336305064,0.6346783909293583,-1.1225827737780636,-0.3231908939661599,1.584868923020176,-0.4619226853895284,-0.2910783218376444,Alexander_Shevchenko,2
0.3431320946031203,0.1593841086207401,0.3164650210849724,1.167908909889384,0.1967937493572455,-0.738869967132218,-0.5990425967541886,-0.0203383557049172,0.1283332254177917,-0.3005438386240464,0.7570357937899799,-1.1134669168065905,1.1747243218155834,0.1914027608548867,-0.5586148265106785,-0.2564538935964697,Alexander_Zverev,0
0.1210740829253921,-0.1396792145508315,-0.6499902804247476,0.623670486745943,-0.1388496827591609,1.575868409406039,-1.0352064163703465,-1.4592044124398915,2.4609614684092125,-1.1591094875794423,0.3301383442939278,-1.1920347434754086,1.077749917447908,0.5982345260395043,-0.7776254424931371,-0.499630958610284,Alexandre_Muller,0
-0.7466632223785999,0.3839100642117377,0.2006812094552774,0.9712949514965488,0.1112010383723199,0.8579244640847935,-0.0881751102125835,0.579717184822875,-0.2199304000033648,-0.1480461199242529,0.5701722657851608,-0.0122847635304725,-0.1236473271966439,0.3278102961270483,0.4407295782926262,0.1368506168193226,Alexei_Popyrin,2
0.5826479554978117,0.0663019501376486,0.5131289852403412,-1.031098564745153,-0.7664908245155252,-0.0641178727956172,1.1092799927569543,0.2482054661650575,-0.9790426004226024,0.8617778052615567,-0.9507644792116122,0.5747348484087553,-0.497625080642292,-0.3009300673858838,-0.534171731802781,-0.2436557071474785,Alexis_Galarneau,1
2.0847636368784483,-0.7853613080191814,0.1509856241358258,-0.2649205975579163,-1.470520680577497,0.4146829842642606,-0.178208824426454,-1.3545124788762577,-0.7421598770279972,1.3309272142909632,-1.6948021238332711,-2.197988386014774,1.654314257497932,0.7845670713448262,-0.0120994710703993,-0.0917029628937777,Alvaro_Guillen_Meza,0
-0.940380051554979,2.029120955725503,-0.7448426901753419,-0.2476768651760346,-0.6421715514241235,0.8653663413290127,-1.0898628625416158,-0.1268305329746104,-1.8669580086133764,2.1348110032548413,-0.2097850096029019,0.801685324857403,-1.0927731695456095,0.0148987833699676,1.5627486427874144,0.5613837297558016,Andrea_Vavassori,2
0.1745327707135464,-0.6843042347613038,1.3350369613123272,-1.2481840029932152,0.2022716072974146,1.1078552317631771,-0.7914764445920712,-1.3524772814857289,0.5589404148023673,0.9511395974576344,-0.8586537564707383,0.6573989292344217,0.5203530782722845,-0.9444547725186064,-0.4521395556997958,0.2041397269389375,Andreas_Seppi,1
0.2195690810327891,0.0161399329208292,0.4128431313960137,-1.596064888554286,-0.4189006651329742,1.031202208647209,-0.5860468969503889,-0.8508011247204155,-0.2571143005533315,1.053621970253929,-0.8996359579164467,0.1735116268402755,1.0693750066756529,-1.2742325573553033,0.8269276187154978,0.6209243968919456,Andrej_Martin,1
-0.4470633275611332,-0.6267243192409062,0.2307080502337753,1.1884277491131232,-0.1243979584246682,0.1499820772230686,-1.0009390519996382,-0.3208374435635863,0.2578906554788399,-0.1316527475176603,0.9799060683328052,-1.0454811357743117,0.8185787396591704,0.4721392907255128,-0.3243235406421487,-0.2590757384872099,Andrey_Rublev,0
0.5725729491754104,-0.2816704977411983,0.2675660212037185,-0.2945691118334312,-0.3519549124564364,0.6555032525989016,0.6785719444500335,-0.3167354833145583,-0.4830995535290939,1.0456108113185256,-0.0085951498272372,0.1736417623765532,-0.0629734923630091,-0.210991138112649,-0.3082555672197806,-0.2264054527522013,Andy_Murray,1
-1.1766797094920465,-0.0292592260956057,2.329640084540588,1.74786274444833,-0.5442031180966489,-0.2031934646082475,0.0570369043627214,-0.2028878188101919,0.8476027479898289,-0.590551749825759,1.8196182562117973,0.9513156610590134,-0.6956288224136918,-0.0609760156104177,0.1691937237287664,0.1412912449618967,Antoine_Escoffier,0
-0.9494565906595104,1.001139543723828,-2.189365847002101,-0.8944422384593887,3.668146398843645,0.4574997487356061,3.0367309364604247,0.6289798968659912,-0.4842920475068439,0.0721916794209432,0.0282520211439187,0.409406686757422,0.9561392339424586,-1.5215658959828269,-0.3714094776301915,-0.1531042758779262,Aristotelis_Thanos,0
-0.2011110390609022,-0.0398956004937418,0.3359936455696549,0.7832227142265393,-0.3332020038601136,-0.4642000624368905,0.2477262429554589,-0.4102561461661105,0.899008315922402,-0.5205204569097389,0.8402657068320606,0.4590051352528211,-0.3888272351636923,-0.1694769781523674,-0.369136671378232,0.0477462412613324,Arthur_Cazaux,0
-0.9352392436049962,-0.2815597013119383,0.1671190250570702,1.1952298789285114,1.1061488950219671,0.2748464485742097,0.0134947719821467,0.1960811851712184,0.1385689441921583,-0.1786419229343706,0.4831118984845642,-1.4496120837711557,0.3288084551122026,1.5567010571423503,-0.3330188155047003,-0.2728622086403975,Arthur_Fils,0
-0.7481943786858445,0.082824661094055,-0.2895511233724894,0.8909758981646333,0.0204863231513732,-0.5906126140391547,-0.1497778671347403,-0.4841606052825282,0.8576061459986467,-0.6829228224475137,1.3520009982913048,0.1037418297508873,0.5471657771012872,-0.4996382255295728,-0.0273892585835817,-0.1343448876021548,Arthur_Rinderknech,0
-0.4965640637022218,-0.5598081541149917,0.3876375959378138,-0.4734425964444043,0.6554886090555236,-0.3153142143890928,-0.9347653817371636,0.4041588035727382,0.1096906282753757,-0.2946959380304193,-0.2977546519267389,1.1701019923329377,-0.3726403414543615,-0.9822495298819128,-0.4540899672497969,-0.2033606355962308,Aslan_Karatsev,3
-0.9830912767027216,-0.5190208533567188,1.002022522731436,-0.9430754669178488,-0.7032481060927173,0.7095503849233461,1.3847805510269695,-0.1467609719710466,-0.267564057403435,0.6164552901228898,0.3486257481285894,1.0622842230744218,-0.3961774062868063,-0.5787828070194108,-0.4845011818225253,-0.431342393456445,Attila_Balazs,1
-0.5920310388172807,0.3988481845973196,-0.2223724991190218,0.4757309628548141,-0.0556862207622972,-0.1742539226225761,0.148725054613479,1.53998886721805,-0.2464305176995565,-1.6348003241627422,0.3631168468939861,-0.3693469160793679,-0.1451641541378745,0.4704515831246536,0.1133667264642467,-0.0816181457426814,Ben_Shelton,2
-0.7718060197019081,0.5362764180498947,-0.0858246432994744,-0.5768457349415286,-0.900429767387047,0.0344950996712733,-0.2526981586927692,0.6958549185870738,-0.7041378040117141,0.3315583920031658,0.6528962901644619,0.7144906685097026,-0.1582222260420928,-0.864975953870914,-0.3562725879921407,-0.0829604762380852,Benjamin_Bonzi,2
-1.4093443367557748,1.0911567320667162,-0.1093315448463597,1.3167100383102672,1.1713496190916592,0.2067262258243906,2.7544096194773493,-0.0689062506821021,1.4416226725518713,-2.5182012138696925,0.6806671467495756,-0.271252872381578,-0.9591692369934468,1.3038478760793029,-0.678534774634121,-0.3177167085484418,Benoit_Paire,0
0.9993038018166353,-0.7046892988016706,1.002022522731436,0.0310714499010852,-0.6385484944457686,-0.5323295122159096,-0.6635999979896111,0.186278780464994,-0.2384528779528928,0.3854231435988932,-0.3955863242785413,0.5059532849736577,-0.7159940124070534,0.2588565339847635,-0.6547410016244761,-0.2281772909626295,Bernabe_Zapata_Miralles,3
-0.9020104979233506,0.7563820646758097,-1.8915029324936372,0.9310184617875128,-2.3605874762580785,0.6990081563184727,1.801465011074244,1.6684767789924448,-0.7244403032307626,-0.9016125910486104,-0.2528053473791996,0.6573989292344217,-1.2564815263786135,0.0148987833699676,-0.2567360712813216,0.8590870654365209,Billy_Harris,2
0.251244336775658,0.1882512139519314,0.2345229884151498,-0.1199582873342276,0.0657589941588494,-0.2365208659630167,0.0401818853766927,0.3015473332555253,-0.3722403553179901,0.3839970039182826,-0.4081042013847158,-1.3987594495042162,0.7329080347076793,0.9756004672479472,-0.1821983571545561,-0.2550104177070958,Borna_Coric,2
-0.5557241661677693,-0.2608912076175142,1.1522055048365432,1.471370653895996,0.605474609626697,-1.2618611198205103,0.6624492837354338,2.662336333935773,-0.7726079023597756,-1.3254061008216842,1.1258213008393767,-0.7065584043890776,-1.787254714548119,2.49244807882635,-0.3293625619689393,-0.0671010900146072,Borna_Gojo,2
0.1133264020831204,0.1558604640746312,0.2534516052376383,-0.8057415241616767,-0.2715722571721464,0.2407980783870738,0.2749477953851356,-0.2609646372704753,0.1318706172327801,0.2945382613158264,-0.2007123143322384,0.8501026526429348,0.1176670137684005,-1.1531669078550255,-0.045993188868904,-0.0209330850138753,Botic_Van_De_Zandschulp,1
1.449045317372804,-0.8375263964417701,1.1984156531765773,-1.317701176331762,-1.5924476388899065,-1.549203886823953,-1.2768037508955563,-1.7460335768792064,0.2270852661949264,1.5130846082906502,-0.7698904630168953,3.367167822641641,-1.730636828181522,-2.923121481538791,-0.4307698291519594,-0.3793588109952733,Brandon_Holt,3
0.3646645472677513,-0.3539024117090449,0.3919872237381224,0.7327113494403629,-0.1168059709364443,-0.2832652449380874,-0.2120164541225159,0.0249697523914456,0.4575783898137547,-0.3703436307051156,0.24153110528619,-0.4588386808598555,0.0257506860689003,0.4917093607867041,-0.2561498813447139,-0.2582216751866886,Brandon_Nakashima,0
1.3650743636743947,-0.9164208496811468,-0.529843894740662,-1.707769760064722,-0.8027711705674854,-0.4361504547580774,-0.990397018931351,-0.79425126214201,0.822474309103134,0.0108994662075465,-1.9068563507709373,1.0570411041613856,-0.7412124176416401,-0.1354315737465653,-0.1527655161916798,-0.0161607414647948,Bruno_Kuzuhara,3
0.0218904576708097,-0.6142598179930899,-1.3290785473348,0.5667541950715784,-0.3691138238220732,-0.140704587068057,-0.9712272987785432,-1.4562723484026898,1.7297552087656984,-0.3241965973407027,0.631588505573545,0.4158760496046483,-1.1248030654477197,0.9768592782691085,-0.5951308024693073,-0.166844429832421,Bu_Yunchaokete,0
0.4013451283819037,-0.1111367220658132,0.4645255341447346,0.1379479587676257,-0.1071286977006378,-0.981925339245848,0.1111760376359151,0.7230072091951965,0.0536328865044787,-0.5056535054786128,-0.2595243039200677,-0.7979995594336865,1.0837894820159737,-0.0293956938726358,-0.0295735139426081,-0.1614350688105554,Cameron_Norrie,2
0.6289919077187742,-0.8853245634966093,0.3057196056986638,-0.8096801613837041,-0.7820248746941265,1.3585383650530662,0.2764551008687489,-1.5376802440238362,0.2755584901488221,0.8456430372261536,-1.1055407598682792,0.9003301055384212,-0.2124231282089436,-1.0386769967576628,-0.2452687306464345,-0.1961762478487539,Camilo_Ugo_Carabelli,1
-0.0821083497362382,0.0326805485537637,0.5299379035104747,0.2393500029638034,-0.0814565184702057,-0.0199942275941636,1.2658073506842569,-0.1026526496040247,-0.4958151413773168,0.7865452949151569,-0.5696828827371505,0.169653389213213,-0.3821918798369054,0.2925854230935295,-0.2502386287452317,-0.1962849435660386,Carlos_Alcaraz,1
-0.643661615705138,-0.4946006060140591,-1.0868862283668794,-0.4996773752481003,0.668548763499844,-0.7598251583893317,0.7139369592196537,-0.461569623781812,-0.0833298025867548,0.72695940696574,0.4549291875519692,0.8978762552727242,0.926296564728108,-2.033720789100425,0.2845224066853438,-0.031969815152668,Carlos_Taberner,1
0.061973000379315,0.0221724341725177,0.2196176320870846,0.9373307276569038,0.1550109408582395,-0.2695875165217483,-0.1531551574773618,-0.7360034268059857,0.0798239423759056,0.3205086008045447,0.3500173442334346,-0.9493006186381204,0.4669301592960073,0.6529830628322628,-0.0491973239313322,-0.0886064764177739,Casper_Ruud,0
0.665586171979665,0.061953868307015,-0.0921677754629189,0.7517321430132639,-0.0921745190301912,-0.2136838253973785,0.8868190955324249,1.5128222903057236,-0.367402407892492,-0.6991983022878819,-0.7005093388993291,-1.3726771022052051,0.1807255597715977,1.701436756985129,-0.4159297412715174,0.0823519987059154,Cem_Ilkel,2
-0.4508556019443548,0.481566649604351,-0.4410400444524237,1.6015958618782116,-0.0794449289222917,-0.934485319564828,-0.3528183967608576,0.4775852821526212,-0.5693876154695471,0.2995773557344011,1.2119719715737876,0.8662345018466321,-1.4503466857861196,0.3168006151024462,-0.4920658443103066,0.1148287262347221,Christoph_Negritu,2
-1.3319750726520765,0.969214655152347,-0.284745267945126,1.1936350414004977,0.2332368337281125,0.6705518584682137,-0.3300766841732788,-0.2602178744655822,0.9294255522771456,-0.5386415749038457,0.8597351230687448,-1.851929690295696,1.6084147181989583,0.7096480296860145,-0.0460029129474565,0.1755602067135884,Christopher_Eubanks,0
0.3889591874133841,0.438885415147658,-0.2291729904652584,-0.4954911270130233,-0.0691323495943727,1.1186528338509192,0.1853973958812615,0.683862224034233,-1.3565779113367868,0.999570085867698,-0.2213440094498655,-0.4660358077698186,0.5679790768807693,-0.0690205726107466,0.1453606793677801,0.2145746892205299,Christopher_Oconnell,2
-0.5995972651757564,-0.1206655685795872,-0.0921677754629189,0.5909738936564138,0.2325654498926331,0.4133634604549655,0.9278795519742152,-1.313366096850351,-1.5369185794316342,3.065147963835312,-0.42170000679726,-0.086577798196578,-0.310042588437808,0.4502304425199265,0.7778728837773704,-0.3019559437182861,Coleman_Wong,2
-0.2461161374641812,0.3892458461037829,1.1522055048365432,0.5105770760163608,-0.8941386958279296,-0.3591657029485646,-0.0683644368933368,0.2924273980364005,-0.5831100484630493,0.5494086960961589,-0.7710048705937008,1.829725893671149,-1.4611169724198694,-0.5996870883711498,-0.8456986862891169,-0.313119818806313,Colton_Smith,3
-1.0024345148357594,-0.6489995892128088,1.8530594213270464,-0.7667132098706843,-2.2325641700300505,1.969590531033111,-1.5104798613379675,-1.1988943369419331,-0.8830697897247874,2.3508988356509315,-0.2528053473791996,1.297378909820228,-1.480920402681926,-0.1040533208379898,0.6377164982398627,-0.2523387211048328,Constant_Lestienne,1
-1.283078065283654,-0.3858195042149401,1.002022522731436,0.7062909101442145,1.0506141671081115,-0.506548561030629,0.401415587736356,0.7533044549053506,1.509422372611627,-2.1466230347940067,-0.1225403292293142,0.2966829401769669,0.7898729340339385,-1.214272960112268,-0.2452687306464346,0.1297138930187575,Cooper_Kose,0
0.6817150391781345,0.4787467153079089,0.1509856241358258,-0.4866795423590393,-0.2374740400169812,0.0586968581998313,2.2788624701606928,1.2671792948013627,-1.0869321290958194,0.2542286869555037,-1.241165296377158,-0.0414210018052434,0.4282485040147648,-0.2602889203947123,0.4430993457506379,0.2078610186349464,Corentin_Moutet,1
0.304042563227262,-0.3854115750831933,-0.9720321389594112,0.3675471742113012,1.0353991731591097,-0.8577849388933809,0.1940467130453401,-0.8600795871980933,0.2120059915203521,0.0011927402028243,-0.0709410232058302,-0.6024016625487375,-0.0399237996633508,0.7431830413831928,-0.1309536786924051,-0.2402580060337311,Cristian_Garin,0
-0.3098407783613369,1.7703773350175986,-0.529843894740662,-0.7764702884434325,-1.9125059044599773,0.6670895890171812,2.173756624469492,0.7174893024190733,-0.5594547108088022,0.1709270804756231,0.4221388250059649,-0.4195959523799784,1.6434950803774595,-1.2318325564477284,0.2172473416273407,-0.1689817871142311,Dalibor_Svrcina,1
-0.4813813544779358,0.8577609021513201,0.4914003835740697,0.5300340068945687,-0.4911718863907319,1.3123383110443518,-0.9967491757851744,-0.4597868840828544,1.6890525016288382,-1.164847592919605,0.5083607729684338,-1.1974069553272826,1.6229450457285162,-0.0214672445437072,-0.0732586211231301,-0.2302365037588399,Daniel_Altmaier,0
0.7811054867415201,-0.4585586746950739,-0.5656770273131088,-0.1043991637101389,0.2754606782472657,-1.0836640550121737,-1.0060498812316443,-0.4931677530092997,0.0805923864228199,-0.3102255481587559,-0.3117624577817099,-0.1552985400877951,-0.0286688501310823,0.1753328462742762,0.0140205825979543,-0.1646402801355541,Daniel_Elahi_Galan,3
0.0133045875225743,0.8338644618892357,-0.3429916293076819,0.1290571362057225,-0.8212229025764783,4.279342017608093,-0.2622720664281653,-0.754634887773542,0.0407192685088298,0.806080006977854,-0.1722844375803079,0.2113063747195819,0.2044218206555549,-0.3214869748315319,2.000036565664437,1.0284058376049314,Daniel_Evans,1
0.7625159053120347,-0.2352712298365268,0.3181796236314804,0.2316180757238315,-0.3434212089244164,-0.6815915707657061,0.1521034168984294,-0.539007013659944,0.0285773884533305,0.3832203734501167,0.2722481174249106,-0.7940985937501687,0.1284416251186278,0.7980307496466359,-0.5404065996141337,-0.3972210111361163,Daniil_Medvedev,0
0.9873662707785392,-0.4317543812351562,0.4363632667786658,-0.4237591794405025,0.0603905683824077,0.1928245376394041,-0.7552842238709747,0.344971957034541,-0.1630161748011432,0.1047317990502736,-0.9942020713775576,-0.3762494091571073,0.1037423208367889,0.3437108323967282,-0.2951383282911755,-0.210132678577946,David_Goffin,3
-0.564571755780607,-0.1527171432168278,2.5338889402035343,2.355551933408759,0.399026013546099,0.565543879223925,-0.3962626459834004,0.6700371902052589,0.6286746911374679,-1.4812897012305837,1.1348580844828464,0.0905595178584219,-0.6718088234035987,0.506567480762863,1.1422794861748902,0.2107553566207312,Denis_Istomin,0
-0.9276746348377468,0.4778947563596907,0.1957770398513844,0.8873605578424858,0.1714544943682553,-0.7816215238507672,-0.1883392532186773,0.7958471445479316,0.5221909037281582,-1.1143999280133727,0.4546395171304417,-1.1232379496110338,0.9576306141808328,0.4492350884873658,0.2166613218968699,-0.0434673232893024,Denis_Shapovalov,0
-0.1204848824356533,0.4273638141522448,-1.125569723757589,-1.178678749608944,-0.5018787339844738,1.2163213163512454,-0.206241105380292,-0.7301091864448791,-0.1077181643703547,0.9455785384686872,0.2464492470296091,-0.383355399849381,-0.9881071709146728,1.5261755171596014,-0.3593960731555479,-0.427509089635807,Dennis_Novak,1
1.5405915067386462,-0.7105613430100199,0.4975156187735593,-1.1462299212520644,0.0497823582420509,-0.6970886065496337,-0.7364631081049735,-1.4189094752429128,0.5915147102066604,-0.0385969452428547,-1.112958719572677,0.4929722297513066,0.3444505236758734,-1.112400492822573,-0.4703562453940733,-0.2888987798726405,Diego_Schwartzman,3
2.7885721236076737,-0.6872722185226682,0.769921550387179,-0.3186103420852087,-0.3912413088491406,2.8701646147041924,-0.5894207398861069,0.7913580544220189,-1.9605785564834568,1.668516207031699,-1.634670742617865,-0.2841309405087643,0.0476358924605721,0.5982345260395043,-0.3966376270269428,-0.1951329820916749,Dimitar_Kuzmanov,1
1.3545975906770922,-0.4674053305642796,-1.696980212814641,-0.9043130358966212,-0.4380494502525516,0.1200777818206792,-0.018523248963464,0.1613069800394477,-0.1437051385929253,0.230826930818465,-0.4603157237498571,1.1340593433460573,-0.8472106342961032,-0.6435860792098015,-0.400842318593068,-0.1891895286877103,Dino_Prizmic,3
1.72431601825493,-0.8445473580282065,-0.529843894740662,-1.6755917618527132,-1.2066239762848865,-0.7626393428044279,-0.4908022884983288,0.3239703144761,-0.790852436836889,0.6794060332250336,-1.6879035520386705,1.1065924250418175,-0.4533839268204798,-0.734973286553157,-0.1286480400388106,-0.1474872318084786,Dmitry_Popko,3
-1.0818943810094743,0.2773943099796891,0.2511076122058984,1.4318818285219237,0.1287545892869283,-0.9965733768593674,0.8591933713175315,0.4276324811793404,0.0488949640545478,-0.1966629778608674,-0.1314537162237251,-1.6465290008744808,1.133132391909592,0.4774902997342503,0.144122270912119,-0.174538916046938,Dominic_Stricker,0
0.0634790258719906,-0.1855043277637754,0.1851981627728361,0.2480229616951346,0.4084698720045991,0.963825434028973,0.4041092737489262,0.3837549722199984,-0.5415570678645047,0.1675998259948171,-0.0552416335985518,-0.4223836871900238,-0.1530795334854387,0.5382323266136934,0.2246624289583826,-0.0122257802263174,Dominic_Thiem,2
0.5513231728415433,0.3372767923333137,0.0271984388855556,0.1933833216877449,1.5108373040775158,-0.634003880991781,-0.4250166386377061,1.9265539722995648,-0.0121535488033352,-1.610589134150394,0.2559441994777264,1.6629565151685586,-1.4779363241492878,-0.3639555211279811,-0.5693534190508561,-0.3114571140059687,Dominik_Koepfer,2
1.0331386337305126,-0.5123016728748627,0.6570075638413241,-0.6419335194199068,0.2721902138096281,0.4671158934504656,-0.4962660665175643,-0.0639955856496134,0.956716051135248,-0.7863244482354773,-0.7260196841659684,-1.1269712888249386,1.0235690351343063,0.4585643239168104,0.1895458442505151,-0.0506687195146677,Dusan_Lajovic,3
1.144259607105666,0.0011304150419263,0.769921550387179,-1.1924766384996988,-0.5320525772032015,3.703087996508785,0.7253580060180467,-0.1809608672911886,-0.6874643644833961,1.1418044770786482,0.2164531097539292,0.4306631646840219,-1.829460775294128,1.4723452792131908,2.99234377526999,0.4839808624788144,Elliot_Benchetrit,1
0.7512615047624795,-0.7192882092934622,-0.1509952108497128,0.1074682892823018,1.0977718365774582,-0.8160314275876858,-0.7294166586212214,0.4025564319470868,-0.0561530492880865,-0.1113573273826321,-0.6584419258768336,0.3281865200073127,-0.3038990570337306,-0.1586523943851652,-0.370930765117919,-0.2635168540154498,Emil_Ruusuvuori,3
-0.2265652682580633,-0.7013646855366494,1.5126446618888023,0.230871505190573,-0.2949917103009132,-0.4720759964212507,-0.2250628870876602,-0.5957190205399386,0.4352156284689542,0.2593400826222046,0.4248245203056155,1.7660701308963036,-1.452088938035696,-0.4279645653846617,0.6737567116637939,-0.0538698306510198,Emilio_Gomez,3
-0.4736672653900267,-0.0757933640874507,0.1509856241358258,0.7169947706654477,-0.2344676295075744,-1.2258633580996317,-0.7415273955311137,-0.1577271175646556,0.4049385760221085,-0.1216466303880407,0.3021299044116937,0.3521777077242683,-0.7905423569308327,-0.0134667184026995,-0.6155528588890756,-0.3044368048489586,Emilio_Nava,0
0.5271092112231693,0.0531352234674207,0.0029792069887637,-0.756790757084838,-0.1277742201794045,0.6392461652397677,0.133625671416495,-0.6961228083865069,1.9650161328416105,-1.2173473526554983,-0.3941041963518013,-0.2088274951922822,1.3663108102064876,-1.3787396018458065,-0.607414746180446,-0.2361842765330108,Enzo_Couacaud,0
-0.8554425488519913,-0.7422559422821354,-0.2448454914900387,0.3009776788829138,0.6239910988905077,-0.3996198995231859,0.731779874892577,-0.1424570329387647,0.0153713321609976,0.2970609240224583,0.776641304140541,-0.1394286039703651,0.0635848345596475,0.0854250309468173,-0.5918716840702709,-0.4084539411215952,Ernests_Gulbis,0
-0.4834221187869064,-0.2018174277674938,-0.3727293903845488,-0.1890941583639871,1.1045766789805698,-0.4971411445573052,-1.029774719856424,-0.4015167636369972,-0.0845283163658336,0.7625720315124518,0.0320977649724757,1.2483591666264215,0.9291991951684092,-2.0250032590048064,-0.4975502246139483,-0.1134104977871636,Ethan_Quinn,1
1.5159146747115295,-0.5132973578857827,-2.2805483718516317,-1.4144171491680153,1.185930496271573,-0.1998852299149442,-0.2733710413487043,0.8435007028946875,-0.5941081749063696,0.0227698674206102,-2.4637899797610645,1.8973601416194212,-2.4203456257382525,0.1685452513052477,-0.7127314988803569,-0.5215121537828169,Evan_Zhu,3
1.986084709181488,-0.7937486359616368,2.0962128209257918,1.075652802983546,-3.362181577924422,-0.1207823904661356,-1.0940273872821782,-0.6889424807657485,-1.029859026233326,1.853187413456706,-0.4768916276881735,1.2242383406104207,-0.0286688501310823,-1.0386769967576628,-0.002690371062287,-0.1027237113781119,Evgeny_Donskoy,3
0.0857516458904622,-0.2565923194134317,-0.1521234082406924,0.5690083056329388,0.0863618333192307,0.1964651294758264,1.3315268872860235,0.1001861100052568,-0.3270815914401547,0.3494480447428116,-0.1651444777995528,-0.1825164029504542,0.5464015639264597,-0.1892155025002579,-0.4443439379715105,-0.2392631236161111,Fabian_Marozsan,1
-0.0443883952407144,0.0341751370622926,1.4228649451138802,-0.0398984946312325,0.0685333800366169,0.2042811783708063,0.0767540963841069,0.0924227093834716,0.6246929498003446,-0.5424632205070707,-0.4541785749557306,0.671370323176788,-0.2505974324575142,-0.5217818370236839,-0.3411356983540896,-0.2553588998726083,Fabio_Fognini,3
0.2275143567950459,0.219494691280158,-0.7774182652412023,-1.1233958172983023,0.3575762308085478,-0.2674137720047161,1.667986124528665,-0.2331289695785497,1.362237818082507,-1.126903478134742,-0.1888884463616465,0.0174189486486146,2.0044833234400987,-2.2848418979838927,0.2478269166537055,-0.1679894426619624,Facundo_Bagnis,0
-0.6629215305060593,-0.5373360388637135,-0.98373024065832,-1.383782503390439,-1.7308512131904776,-0.750837924289506,1.7459098067628165,-0.6850638404497849,0.381886852370271,0.5253418679039958,-1.0032223169790058,1.507658046298421,-0.3502388367673409,-1.682528862391216,0.3854350042723498,-0.0386029929238031,Facundo_Diaz_Acosta,1
-0.980528295460258,0.2092771115096523,0.1509856241358258,1.01678998970609,-0.401533162350102,-0.7549373644052157,-0.1822156546126487,-0.8671898194967786,1.2144083014663831,-0.2948303033815302,0.9597137984429612,0.8908033927421861,-1.6176029017455344,0.6656367652135047,-0.5140033655248729,0.164445948848175,Federico_Cina,0
1.198099238989666,-0.7657035081540511,-1.5510881730553936,-0.3360559487286917,3.263608804242225,-0.5553047050086255,0.0797545386482342,-2.320904222783427,3.0483368584756447,-0.8172140866341983,-0.9230514372853802,-0.6135613134602026,1.2726846895375252,-0.2539825355167708,0.1776737739461615,-0.1574609100586197,Federico_Coria,0
0.1105032407759069,-0.4105157543531186,-1.0868862283668794,-0.6283060889026254,-0.4308304194406984,0.3084574016098598,0.8775392286026059,-0.8417609092147449,2.4083803441202414,-1.6647394975827603,-0.375288871048081,-0.2219681576029397,0.8717271124504411,-0.3704631686406792,0.0971132968809049,-0.1052382493567125,Federico_Delbonis,0
-1.3333316505621473,2.039610561970418,-0.9018435287659592,0.1189110230662224,-0.4853033341164514,1.9410615554283008,0.138998565314392,1.0652773597155296,-0.5463058606265755,-0.2461429331694362,1.3695046266309925,0.3739792235464214,1.2576110964139495,-1.9078770153629585,1.3154138447800467,0.2990326651871668,Feliciano_Lopez,2
-0.2410741572091972,-0.2393918239259853,0.2170362491014557,0.6983884306226198,0.1200401063028107,-0.6002558407663515,-0.2171496967930126,-0.5873491322073406,-0.417558929915201,1.1040208629286492,0.5191045699789556,-0.4938439316165531,0.3282285434877499,0.218194391648117,-0.144838199608412,-0.1426487431770753,Felix_Auger_Aliassime,0
-0.5469398666973345,-0.3314289533153807,0.2871515279111243,-0.5491783433307228,1.1359179036746443,-1.050037926196177,0.3094975373000856,2.4576666332577264,-0.2930697139257276,-1.9183668408386216,0.6306014588626606,-0.3045103749187903,0.3806020419514277,0.0148987833699676,0.523043091890993,0.0736082643712374,Fernando_Verdasco,2
-1.114696077783179,0.1769561959090738,0.5514735764161137,-1.1924766384996988,-1.5924476388899065,1.9182312663957128,-1.0213903278538456,-0.6516594265657815,0.1966485906889902,0.2587877533338272,-0.1783421343715196,1.0622842230744218,0.1550854279467796,-1.3146135106006132,0.4863476018593546,0.5812306188011823,Filip_Bergevi,1
-0.2234907896407502,0.047605198265925,0.1509856241358258,0.465520557841057,-0.429051380351701,-0.3584970012929486,0.4601005853654568,-0.1528254122133853,1.5880160563318515,-1.284433067919377,0.3557842018054251,0.6573989292344217,0.3933917573290065,-0.8643004498152422,-0.3089635632817969,-0.3672216750021362,Filip_Krajinovic,0
2.9057334766721525,-0.3884513050649189,0.8318151430123136,0.0861277320436078,0.4938580922335278,0.6824443543477269,-1.1918306198255877,-0.0900304637949602,0.2535252065334143,0.0435494929207509,-2.172062840766236,-1.0065490202886744,-2.3522713342124324,3.385208402595454,1.2936483825553986,0.2041397269389375,Fitriadi_M_Rifqi,3
-0.4180202067639633,-0.362509268115129,-0.2073457015886414,-0.5121807253642079,0.6525987456885725,0.7329485338092752,0.6530568949518862,-0.2065964923046305,-0.3213734962123172,0.6667936493359932,-0.6901278069039822,-1.2234772994223049,0.2052002310589231,1.3318685085295066,-0.205011045438853,-0.1875055502232539,Flavio_Cobolli,2
-0.3445277849280775,-0.0636246306658543,-0.5807470363389042,0.1601540049448588,-0.3368623252605388,-0.5446272387568325,0.656542040096005,-0.2407130399352363,-0.8378969999780332,-0.0564174322806418,0.1966157022776962,-0.5755568525721312,0.4545945196160633,0.2035569699872982,-0.5583048392519133,-0.3136986864034701,Frances_Tiafoe,2
0.3472034094264619,-0.5633238020830974,0.0411744114138117,-0.0357409145863394,0.8230197134234579,-0.1865840430861641,0.7273304471333928,-0.7510631939695891,-0.3465408661324488,1.2027277026611338,-0.2625761128000813,-0.5758597901106592,-0.0895064151703745,0.7319156337346061,-0.5329230266781764,-0.173814073142672,Francisco_Cerundolo,2
1.5775766255462738,-0.2552821820559974,-1.5510881730553936,-1.7066909202593894,-0.113868609214079,-1.316114186581465,-0.2611224391705906,-1.0897353134154013,0.1795719080618997,0.9298313813316728,-1.5371273029539607,-0.9297514226183774,0.8717271124504411,-0.3948251311241106,-0.3398742908842522,0.0255177255305057,Francisco_Llanes,3
0.7074549964277056,-0.4242128342616881,-1.5510881730553936,-0.2983734383787672,-2.002122218819597,1.2732329339224169,-0.9420785116131728,-0.1459765149126724,0.0266419347098966,0.4082600010232072,1.4617810362276094,0.8908033927421861,-1.3527805598097926,-0.129709657039707,-0.0182153860756722,-0.391266944422502,Gabriel_Decamps,1
-0.9951582171501814,0.1036954538810956,1.4525714690467586,0.9863964753085168,2.822626381298336,-0.3087832624565886,-0.9081643499350776,-0.4067613694730332,-0.1571142009909651,0.5778983065575252,0.3011637004465676,-0.0428144612888723,0.2361534918046595,-0.2622673940819084,-0.085490451133676,0.0428837534452143,Gabriel_Diallo,2
0.3084674412317374,-0.1635134630946349,0.0367121183173343,-0.2261534984372587,0.0234344887415601,-0.0272387958441598,0.0010604891789237,-0.2136209323148742,0.0861354949713181,0.2805396071314217,-0.1052171034393152,-0.4882133548097043,0.587391545319433,-0.0017366236846782,-0.1658164419618607,-0.1688031012964594,Gael_Monfils,0
-0.2824894665277824,0.0372181138927448,0.6485148879301829,-1.175405934993347,-0.8436320741599257,1.2532418636339182,-0.957367250846657,2.059710576858752,-0.9314914261209356,-0.6782872503495652,-0.3841155287672499,-1.135493134895593,1.57203508334718,-0.2946703964700031,0.8751579043269345,0.4065779952018268,Gijs_Brouwer,1
1.9408830070263583,-0.6687880664898636,-1.8915029324936372,-1.787178308304905,-2.5085777201547,-0.683108044116911,-0.5351360960130961,-0.844031881225832,1.0932807029362817,-0.088536648301878,-1.5015486312440904,2.565997453614371,-0.7695009712424626,-2.676831743496195,-0.3469951395043031,-0.391266944422502,Gilles_Arnaud_Bailly,3
2.937640773015558,-0.6450293296448413,-0.4998072983196405,-1.4169185278743175,-1.214673948380969,-0.2984360461811566,-0.9312403502836768,-0.1143949163768262,0.1975083837823792,0.1174932619674357,-0.8246542155091809,-0.0454819408718177,-0.2859248394400887,0.2361496971967707,-0.605343226581886,-0.4730411518183453,Gilles_Simon,3
-1.8480610497710903,0.7111960685438685,0.3857544237484087,3.2038057015783123,0.4105738312460443,0.2473227690135161,0.1619535334785396,0.0174250065979038,-0.4433485688890784,0.5004616479041457,2.8363741156216307,-1.9369814536018857,2.845672107340702,-0.4294940777351487,-0.047047556814817,-0.0022679191330279,Giovanni_Mpetshi_Perricard,0
-0.6674775237522856,0.7371853996524359,0.0029792069887637,0.6743322408736737,0.1801827550366481,-0.7325110155369206,0.138998565314392,1.0419324484712316,-0.3802557162862409,-0.5258122457830872,-0.4319617654553688,0.6573989292344217,-0.8231358759383086,-0.129709657039707,-0.0875927969167388,-0.2349726931901242,Giulio_Zeppieri,2
-0.4878352073492519,-0.1808599892397704,-1.107068921614206,0.0810685061169982,0.3942844096117289,-0.3489651839191247,0.518956241803959,0.0003588111842382,0.4256934561694486,-0.3563281220929165,0.2212754254961288,-0.2256953976348954,0.4929019818521171,-0.0787880873222755,-0.3121781703508621,-0.1438010466379037,Gregoire_Barrere,0
0.2162034459027008,-0.2424040605874021,0.3090353338750111,0.4799816553081245,0.3989132971292768,1.325622950089817,-0.6299907229941046,-0.4566469401676735,0.0666987201250575,0.5785292433352145,0.1964595997181754,-0.4813636550545833,0.0203597576968669,0.5247570177740346,0.4038766339483372,0.0643276340686398,Grigor_Dimitrov,2
0.6984972716181646,-0.4330935344360525,1.1041469505629091,-0.9012936039775564,-0.2386379638348874,0.2838758047325404,-0.7387055516198915,0.5704294933856835,0.3511589311778325,-0.7271267827385716,-0.0455255380933999,0.360735312065674,0.3920769267761714,-0.984521232358579,0.0896567010000918,-0.2925547857494212,Guido_Pella,3
1.3389555217541624,-1.1417371605945326,1.5126446618888023,-0.1890941583639871,3.972298738488418,1.9519229439978476,1.854456129032846,-0.7340316744388333,3.0191429659393294,-2.248360081242692,-2.1649475446931907,-1.3670275399655782,0.9819796792971572,0.8928786001429928,9.215287293135336,6.485680109802133,Henri_Laaksonen,1
-0.4254109897816165,0.232619324996563,0.0354401444309397,0.6750268321899066,0.1320822444902274,-0.1122140829010617,0.96483256520693,-0.8370230184925016,0.914289733222724,-0.0316028730031189,-0.4286425176329781,-1.1229632891452344,0.3828927372429345,0.9000858971463548,-0.2179751187259725,-0.2004661701907681,Holger_Rune,0
-0.3722960024152758,0.2283965947019575,0.191937775647194,-0.1612934447341382,0.2684012825914315,-0.3407631073542907,-0.0030228956453691,0.7926251840032829,-0.7471615743528534,0.1861332096703701,0.976784223856132,-0.2934108264187909,0.2594926110360494,0.0734119445264078,-0.2770905110669688,-0.0862655415321336,Hubert_Hurkacz,2
-0.9190692304860208,0.0926838699566449,0.1509856241358258,-0.1755677328246986,-0.5332320108143568,0.0251484742229047,4.246020277710075,1.034217372826731,0.0147227904902208,-0.7245986102876915,-0.726354493162613,-0.5353981143359337,0.0265701659782137,0.4070271923336257,-0.3533893709182262,-0.2126449430140702,Hugo_Gaston,1
0.499069845028477,-0.0720278644097889,-0.7198428302410765,-0.1787759430836212,0.847138110691417,1.3894871243861682,-0.3770807627849298,1.3657207758341552,-0.0524339833116719,-1.123668201490108,-0.0435351969891474,0.5186620103661693,-1.4138934079488106,0.6767604913988647,-0.1431547926119648,-0.0671010900146072,Hugo_Grenier,2
0.8909723763343228,-0.3695023389450724,0.2770651646685093,-1.0885801843023797,-0.5111352516252792,-0.9167183407122133,-0.1323490802987317,0.0690073778389357,-0.0692135191341793,0.2107481751532067,-0.8916718335689711,0.9099001215746394,-0.6425751882548474,-0.3538527396747032,-0.3167484872705634,-0.2948209050945333,Ilya_Ivashka,3
-2.2796320183569176,11.977571104108012,-0.7155246726160678,1.387207909019026,-1.8702340580639305,-0.384212200310659,0.09697363724681,2.853096088032932,-1.45959767941102,-0.9451106762572498,2.678467672365411,1.0847086393486367,0.0405923777598045,-1.573569315899383,2.403686956012461,0.4423023954835132,Ivo_Karlovic,2
-0.8629342171489667,0.1828816971025132,-0.9038206727150704,0.3486749301298011,0.4222349170143387,-0.0231897468023686,-0.4075509014428935,-0.2449175249280233,0.1912069919692178,0.2568490051165848,0.3734917107854225,-0.1595166930427542,-0.4259023630346962,0.5993578966924039,-0.1191279836626777,-0.0841624507729173,J_J_Wolf,0
-0.0269510675063798,-0.2581771629909737,0.3572975995529436,0.416002936042179,-0.4592683743039749,-1.2734183096467375,0.8008978956260058,1.6537108333957191,-0.401517979903679,-0.9832561165376068,0.1372546358802374,-1.198543014464416,0.3707003268204,1.022687444020726,-0.0792940635625442,-0.298978910361479,Jack_Draper,2
-0.3743794735811387,-0.7219531087742179,-0.98373024065832,1.358633035758393,0.5227200292253551,0.1800716509715888,-0.6976933902339122,-1.6066999816156768,4.3641695540861285,-2.881800161909104,0.5005341745412322,-1.643969080952137,0.3314895349015269,1.8586563985933224,-0.2378486867062139,-0.3218028327636674,Jack_Sock,0
-0.2710129249903821,-0.3135109959120142,-0.1160063440510323,0.1073503298669628,0.4258919602915446,-0.0974990870755456,0.0700594746299177,-0.5570865565274797,0.6138302217289222,-0.0121475523615266,0.2285444319622691,-0.0857483927033439,-0.2846342575539236,0.411604713958716,-0.2134150066606378,-0.0366116662637315,Jakub_Mensik,0
-0.4453799097681741,0.8575484893489905,0.678388772561275,0.917205069650813,0.1432990597822473,1.545464362145293,0.9673816926906096,0.2578494243447717,0.0542521657643193,-0.0208581651464003,1.200152801312258,-0.9297514226183774,0.3314895349015269,0.6868460031402565,-0.5086152024195411,-0.1583578641546447,James_Duckworth,2
0.1262091239570656,-0.3186311766331313,-0.3727293903845488,-0.5032720884064809,-0.1201796172675724,0.4210609059455355,1.478676475285846,-0.3410461641003147,1.7174523600464362,-1.2191977594263377,0.8349707457958523,0.6573989292344217,-1.6176029017455344,0.6656367652135047,-0.7044210496673093,-0.4508076115586459,James_Mccabe,0
-1.3393220599430846,-0.7040042269773634,-1.0868862283668794,1.896025007079324,0.1833595120150112,-0.30297409164823,-0.153650832962641,-1.2400326256590202,2.746129259411902,-1.941508021792624,1.3218784751020696,3.4349120449768207,-1.1541638033579855,-2.4229585078698004,-0.6410896953196025,-0.5246380388074645,Jan_Kumstat,0
-1.1219175664837528,2.0101106660907058,-0.6856269202462988,1.129782421694636,0.3905081621669886,0.0733530572717434,-1.3513812329516444,-1.0940938170328685,0.304436155483058,-0.293669933103507,1.383476627562926,-0.0514254997483814,0.0849733587384304,0.11275517459865,-0.4004600739052384,-0.1965646168532137,Jan_Lennard_Struff,0
0.2987105080604268,-0.4361458557507369,0.4729070264214897,0.1757167532269651,0.1925430700465948,-1.000302781430786,-0.2765968792104718,-0.3025051497635855,0.3469727575124498,-0.0337333750084536,-0.062978117801903,0.6995773816050609,-0.8591106477285471,0.1201959719627869,-0.3767249710201066,-0.2839026502200804,Jannik_Sinner,3
1.046601676396274,-0.2296409223462049,-0.3865113644508745,-0.1525559941872665,-0.1944017181175662,-0.8685005778233834,-0.8840290120668136,-0.9601172058350884,-0.7104075119772314,1.8074125293109324,0.1832399033605949,-1.2698550694439776,1.000355107104944,0.506567480762863,-0.2399388399288113,-0.4691278168313056,Jason_Kubler,0
1.0178190409858872,-0.7057639212711726,-0.0921677754629189,-0.6512034007583278,-1.9024592324465677,1.5574406105448306,-0.1039580500762848,-0.2086931072484506,1.1801861728552854,-0.9302605235112884,-1.2549523100163535,0.190590002218892,0.059605263847498,-0.1738955693871082,0.1491206934673362,-0.1938426270763406,Jaume_Munar,1
1.987449314631441,-0.7691936785166902,0.5545701327481778,-0.8876891931412544,-0.4274742299508628,-0.3386871622335123,0.0735309888458125,-0.8972186158790529,0.4181952244713429,0.5339831787464829,-1.0186819545386954,0.6714073171589828,-0.4180722231804618,-0.3669798165468427,-0.6793545040745231,-0.4704640314193307,Jenson_Brooksby,3
-1.5113072488108792,-0.6267822936653146,-1.2507222088451782,2.305044703149827,0.3806174335655992,0.793504132157793,-1.0097453389613629,-3.950752007195734,-3.3772451720911905,-4.770792883668831,2.43722595535207,1.1187798454707,-0.6045034773634519,-0.6568578671377653,0.6061813114939244,0.0255177255305055,Jeremy_Chardy,0
-1.1974372575998364,0.8154614561701589,-0.2272529974622224,-0.419794860617413,-2.6593085241234804,-0.7700529211314223,-1.1398921972002158,0.2980319397239235,0.6556568982454495,-0.8375615524054502,1.3242089777214154,0.3837523168460083,1.5237379819060264,-1.8712440643872563,-0.4172788401697395,-0.3714200553771208,Jerome_Kym,2
-0.1203436042323315,-0.1270099676723062,0.5727384234398452,-1.070061245118213,-1.3780642192979464,-0.3349267740172997,0.3300578425328053,-0.9339574042002204,0.200696368212303,0.7563307626826964,-0.213897431124583,0.3921938575880674,0.5384185813148633,-0.9741262955758936,0.0490596789823309,-0.1097544919103828,Jesper_De_Jong,1
-0.4721748344279121,0.0326925176101896,-0.3185519750893377,0.743512864867742,0.429949517465914,-0.1389096344750214,-0.5536793734426114,-0.4320560844599731,0.4563061048921627,-0.0327734598306116,0.4231666035734596,-0.4851449073109468,0.3275135453703472,0.3971067404049223,-0.0415029085957505,-0.211748246219851,Jiri_Lehecka,0
-1.2072443117391258,0.2591582096018838,0.8910177098711387,0.6838128030496238,-0.5247228986885314,-0.0704655489458812,-0.3013139510404499,0.9315114976473228,-0.845198186896081,-0.0358056354266012,0.4038257269540671,1.001073218021445,-1.1275773083998708,0.2084691366742573,-0.0004072806191421,0.1594842265868293,Joao_Fonseca,2
-1.2602745208254396,-0.5176119929331038,-0.0492583520043169,-1.0691180292114912,-0.2359092947518502,-0.6294582872988108,-1.5104798613379675,-1.00059999889868,0.933081717283686,0.1092970146136229,-0.2032946620952486,0.9626201507445756,0.4907903590505659,-1.6082382625104217,-0.0560576101707996,-0.3337794037393284,Joao_Menezes,1
1.2048650892188029,-0.7488764314694999,0.6372924233333177,-0.4473906383989227,2.0387588650323685,-0.9224921874785188,-0.4388441956147796,-0.6276747866027438,-1.2373000918517505,2.2031217058862564,-2.092500893767645,-1.822523495535577,-0.8165153173899143,3.210745316423781,2.9082499439474847,0.2149653027818727,Joao_Sousa,2
-1.6073941536505951,0.7933265898151335,0.1383308003648881,2.3253642869958364,0.628509165286949,-0.7117632108660594,0.2801267278618591,-0.8345560704241479,0.8760114479750444,-0.0285166072695518,2.6927724100693284,0.1809815851962746,0.1952718266687812,-0.3097880922668498,-0.2795531388009943,-0.2018193671711349,John_Isner,0
0.6377081965658623,-0.3509308284734463,-0.7187965805962512,-0.8239233894538662,-0.5418681647562817,-1.2111527771140744,-0.8425219930952867,0.3883403560817932,-0.4435025060098584,-1.17586027063025,-0.1785940576349024,0.5921378127931053,-0.6802711914729737,0.1092431057863677,-0.4060363493512227,-0.3010229703016229,John_Millman,3
0.0720797685842671,-0.0814416136039436,0.33015128699806,-0.3541526537540398,-0.139362033623364,0.5224428903121215,-0.9342921917539284,-0.5183390852402225,0.4271105521481083,0.150521866385855,-0.1929777245416447,-0.4594332676550043,0.9708965978396638,-0.5051354157955941,-0.1131212814253562,0.097055392761246,Jordan_Thompson,1
-1.0369552706494003,0.1036954538810956,1.8530594213270464,-0.859148691086194,-1.5587572951456878,0.8002250581953896,-0.905275546523077,-0.4755707569090997,-1.182125510766897,1.601423430596714,0.9217802385736662,-0.3345700406735777,1.471991087504789,-1.145985641029921,-0.3520032088634598,0.1818119767628834,Jozef_Kovalik,1
0.4118360921940146,0.3107979361524955,0.7379076231672813,-1.4030444211368749,-1.1657032847964766,-0.464849019925472,-0.9990914129533454,1.0823425607922907,-0.2754745116371079,-0.5708326623681909,-1.1079761452523091,0.9626201507445756,-0.0286688501310823,-0.7415145972344844,-0.1611748993239304,-0.0692060630951778,Juan_Manuel_Cerundolo,3
0.8188531799892869,-0.8856129916148296,2.480139241344864,0.5589036720820107,0.9974491307805636,-0.8036646208094775,0.5966573195300692,0.056655746446659,0.1690855126778353,-0.0744739753823581,-0.1729468372860894,-0.8735138117259555,0.5739583689195434,0.4213965253089757,-0.2801587244930058,-0.0836401642190917,Juan_Pablo_Varillas,0
0.011176205162198,-0.6252864347966186,-0.1424753753799008,0.3613002641494809,0.1093255780436483,-0.9267747473389868,-0.9593027949381664,0.4632138194801805,0.630473004602408,-0.9207374525857476,-0.651794651638251,0.3053007283114461,-0.4281619393310749,0.1281671692881262,0.0026630823906047,-0.2443999654866804,Juncheng_Shang,3
0.4729616669690468,-0.244566431729517,-1.5510881730553936,0.0382457723810469,0.8079893528856373,0.2028318275065527,1.4206490501348588,3.0794876896352537,-2.0788552447546937,-0.3136428570527375,-0.1883182956013944,-2.244480445421817,2.7262740204541744,0.1433197117934857,0.0210284018748297,0.2499402401205869,Jurij_Rodionov,2
0.2922077232058568,-0.4151142353996219,0.2541416118443853,0.5496897127414208,0.4343930045008261,0.2265845086211843,-0.3212093449906977,-0.5941187295068496,-0.1021497081447376,0.5478576115349171,0.3112531525001007,-0.5108805039067774,0.4886142881563271,0.1877625533988875,-0.3892557569462214,-0.2027593742338325,Karen_Khachanov,0
1.2173425988813005,-0.869803219846614,-4.38787783504076,-0.2300738883695299,1.074704574194031,-0.8358081375969414,0.3249397697733837,2.163973773458595,-1.7797062054963635,0.1424605103014154,-0.1266002997215644,-2.0999385464420515,2.3367781702102066,0.3690669128479008,-0.3714094776301916,-0.0995176754553966,Karim_Mohamed_Maamoun,2
-0.8244934191752701,0.7019915137762505,-0.9128104991086862,1.8777915343293607,1.4094781623190489,-0.1707365550799107,-1.5104798613379675,1.1011658053597524,0.1163926801509538,-0.9761408461741798,2.09737448539897,1.318711575839755,-3.405153709811793,2.234236653546228,0.3223646307804707,0.0255177255305057,Karlis_Ozolins,2
1.0265870995990456,-0.7180605801917678,-1.8915029324936372,-1.3426955901329196,0.1833595120150112,-0.5158496790127267,-0.7975696938865273,1.9331936786031656,-0.1352315433587705,-1.4928044453285838,-2.145542191766707,0.7052046627239638,-1.1134832628799058,0.1481824663981615,-0.695771398445566,-0.1134104977871637,Karue_Sell,3
0.6194133582996427,-0.6605342788756059,-0.6132107746030889,-0.8912716597355551,0.0418924406168461,-0.3959763151688061,-0.8042199752993174,-0.40928479529752,-0.8277499655182122,1.3901312540626585,-1.5448494919273514,0.223412504899672,-0.7321031958978969,0.5910730381272663,-0.4680780874682108,-0.289386247322878,Kei_Nishikori,3
-0.0748250906431985,0.1418845640871694,-2.189365847002101,0.6893431309855945,0.9023655081178368,2.177632769673016,-1.5104798613379675,2.169973784737887,-1.4420796630000978,-0.4602209061609046,-0.5418229463833644,-1.2843275650535777,1.2165596087582582,-0.0112538069168875,0.6096852211323615,11.27870381426174,Kilian_Feldbausch,1
-0.1543171137261605,1.385758439370713,1.002022522731436,1.6920705904618767,-0.0561679641535592,0.8314538381246164,0.8525369858325443,0.8635668344698437,-0.0621201486311275,-0.3224053948199181,0.9442012333970736,0.0905595178584219,1.9007510696864656,-2.326380728024768,-0.4074496910541221,0.0255177255305057,Kiranpal_Pannu,2
0.1900453864303106,-0.7578508723679273,-2.7294469557262384,-0.6434659015833378,1.0353991731591097,-1.4890470684249528,-1.2213960133679738,0.8639575838819611,-0.3740826556250414,-0.2863966843505449,-1.0064394263683922,0.6573989292344217,-0.7489856201963001,-0.2145466087467156,-0.38010883949114,-0.2149349686731527,Kyle_Edmund,3
-1.001806864730057,-0.02008993782135,0.1509856241358258,0.1305732682213053,0.7047929962298647,0.1312064746608814,0.7631255375612286,-0.6474188990047495,0.6947863729933265,-0.0118254009796229,-0.6259090040936385,1.204692154011249,-1.969177390177468,0.4599437249756048,0.3466224667388858,0.1297138930187575,Kyrian_Jacquet,0
0.8379516790565373,-0.5285947003262838,0.0614027927047098,0.90866588178449,1.484767103536536,-0.0764346997503073,-0.5286957118133196,0.2642945266172086,-0.9702152753493396,1.04984497862753,0.9353733841206652,-0.3007529166994411,-0.8088414881633675,1.1288356759007447,-0.4662386916747179,-0.0806444073820528,Laslo_Djere,2
1.4022453102547163,-0.7121628096122973,-2.572332451370125,-1.1269745725567732,-0.6076529755973751,-0.3288905161207464,1.515541712736502,-0.1843471878615089,0.4499226050908922,-0.0088032038429124,-0.0712822007857171,0.1523965445539855,-1.829460775294128,0.998236178155756,-0.3714094776301915,-0.5034782017175425,Laurent_Lokoli,3
-0.5689402795793387,0.0204887170744846,0.7892632980825333,-1.0808435444079454,-0.0311878068407734,-0.4092007532022832,-1.5104798613379675,0.5949158787658304,-0.0790493962328974,-0.3079295540397018,-0.2729384855879745,1.7347692011874811,-1.0423596689314722,-1.3200956929948446,-0.206456193112971,-0.0229456081849605,Leandro_Riedi,3
0.9598267657326158,-0.5618861811390463,-0.1450272101582995,-0.5094811384073209,0.3279019545305286,-1.0077925212329537,-0.8166786262099708,1.601223574663262,-0.5180031556118653,-0.6837888130905416,-0.438682043994462,-0.5607027845735779,-0.1381394838795953,0.8928786001429928,-0.1240746796228251,-0.2956114464005004,Learner_Tien,3
-0.4703612272094959,-0.3948845960315335,1.98398817495714,0.1114238616766594,0.5227200292253551,-1.1605573090048111,-0.7422296352259097,-0.8472464991410675,-0.1095712344163785,1.2000922108258028,-0.2801690185720437,1.318711575839755,-2.029548766978912,0.3563353787817005,-0.623690971597705,-0.3533774289722287,Leo_Borg,3
-0.4823248042225004,-0.0050856479180234,-1.0569377158063302,-0.0135143395597512,-0.655691739660425,1.4802618887780852,-0.726373605259556,0.5724075325064938,0.1451777812448669,-0.4797927076581414,-0.2953548717793562,-0.7253456954858208,0.7898729340339385,0.0148987833699676,0.2563607515447845,0.075134948143959,Li_Tu,1
5.120833343969998,0.2564518947053907,0.5514735764161137,-1.9375626386004745,-0.0651520558186846,-0.7443471441062984,-0.1084231986834674,1.2056386385718794,-0.5000130931135127,-0.3520945766019162,-2.4637899797610645,-0.0179841992135777,-0.5076028727808285,0.5641031793939448,-0.0470475568148167,-0.1951329820916749,Liam_Broady,3
0.198775524858399,0.3953647830799838,0.2607968368578399,1.0557393791956866,-1.5033879476008425,0.4451088649099823,-0.445626699828222,-0.1511698192358342,0.5639434934188348,-0.4563714719598328,-0.3718929342859476,1.3021787596746217,-1.6606365323100925,0.1685452513052477,0.3057671640720819,-0.2832116596198705,Liam_Draxl,3
-0.3809351867484101,0.2296525191221808,-1.4673796256525466,0.4839668617270471,0.968018485670673,-0.6793223101766123,0.7063642377274074,0.437279820133276,-1.183344366716006,0.7242854130153504,0.1415266575486888,-1.0828975092006654,-0.1076509521119184,1.107495888687511,0.1499722765693364,-0.1748595196392094,Lloyd_Harris,2
-0.0412058880592188,-0.162259720917233,0.3327604956805199,-0.2357466084699647,-0.0665884658232827,1.1226062085897908,0.960377211387628,0.2942928393312222,-0.305461817346094,0.2656734584622461,-0.7004534867385828,-0.4145565117137139,0.5701472104417427,-0.0283043585442945,0.0513510640319906,0.0158810857628059,Lorenzo_Musetti,1
-0.7071275578612037,0.4639597480115117,0.0493692780348579,0.0198344267983712,0.1047195624471828,-0.2508583383524069,0.843337893483461,0.2742767904013912,-0.2993976333919146,0.1198729057066658,-0.5041387699585104,-1.0065490202886744,0.2940537171024379,0.8974940257030904,0.191563511371206,0.0801780101145066,Lorenzo_Sonego,2
-0.0904662189484611,-0.1527171432168278,0.5514735764161137,-0.8092895527335857,-0.4751533299907434,-0.1450504658084329,0.3064402198557726,0.2790631026262049,-0.85932217434412,0.7822539593505656,-0.3715063334643856,1.6910472676259505,-1.0690423363072126,-0.8114351618281738,-0.5509174637224609,-0.1237782756466912,Luca_Nardi,1
-0.1224346748541636,-0.4123348977784753,0.8676482755847604,1.2391606176431442,-1.3741133181909426,-0.6219950023819298,-0.540757673911223,-0.0588776674793351,-1.051518246341123,1.4266341801724314,1.3126777784596713,0.8557927232160215,-1.1541638033579855,0.3375563660340553,-0.0770810680014258,-0.3667501991311486,Luca_Van_Assche,2
-0.6243435489875465,0.4833833380453284,1.1235992225308085,-0.9468438912137292,0.7710595530121667,1.1340030813722073,-0.629606565429384,1.6476167818279062,-1.830869566486445,0.740809282608694,0.3329854179937127,-0.1056541245409626,-0.11524538499469,0.0385367015138563,0.1331535103048358,0.2149653027818729,Lucas_Pouille,2
-0.6715553834151937,0.1341172874350866,1.5126446618888023,0.4266525540269871,-0.0167761776218581,-0.367755613710198,-0.2011662464076941,-1.3384763904878505,-0.3619492801397703,1.8499538709317536,1.343772200904518,-1.0911565431457808,-1.325849474189209,2.660743044763933,1.7099128476017962,-0.1951329820916749,Luciano_Darderi,2
-0.8764343438033364,0.6843945708381577,0.4914003835740697,-0.8800212191025992,-0.8284375855936039,0.4778137268881171,-1.1831514576054054,0.2366238467734305,0.1812526069700357,-0.1095728991888413,0.1519207721251568,-0.1595166930427542,-0.5583135340025668,0.2679635540868981,0.1051222331973341,0.1148287262347217,Lukas_Klein,2
0.2223524906682309,-0.2747448249682495,0.0470421861394156,0.3694443839337802,0.2725832419628606,-0.98891195119623,-0.724279863587783,0.3404425540006863,0.1577730861486996,-0.2810685287758289,-0.5488441093070777,-1.3982476108158906,0.8663030403866956,0.7454908236726616,0.1890020853052778,-0.1481425536165809,Mackenzie_Mcdonald,0
1.0113256268766952,-0.0292592260956057,-0.529843894740662,-1.5409846062887715,-0.97298002810912,-0.1180962515984596,-0.5652731224697678,-0.1598058758631175,0.526094254404912,-0.1652273736211069,-1.0439677667991076,3.3026495156557543,-1.6960687808376065,-1.897146150935732,-0.5516105447498441,-0.2149349686731525,Maks_Kasnikowski,3
-1.039227796894185,0.1036954538810956,-0.529843894740662,-1.2818869585117916,1.5825303555652122,5.1364221694297765,0.0767540963841069,-2.8630545446671665,-0.2914867711986398,2.5483177093395133,1.3387223836887796,1.4509741051608218,-0.9290648127126058,-1.2962177430110842,2.403686956012461,0.2339100605070095,Malek_Jaziri,1
-0.9511173888119532,1.1344233194430458,-0.5876501746452694,-0.5647416834147947,-0.6130693462454837,-0.6165652662858784,-1.308502911135643,0.7949051733657392,-0.8219265083751595,0.3138542540184892,0.6892338159663474,0.0484674823602033,-0.45212239688972,0.5199544997512833,0.185712154881401,-0.1267689807984779,Marc_Andrea_Huesler,2
0.5823036610074143,-0.3690652720182012,-1.2725670062422854,-0.6646227964664513,-0.9784939087500388,1.064891425764527,1.0494137304971214,-1.13915100894146,0.6468644029121373,0.5431457649401705,-0.4127040157269341,1.4722305830874218,-1.7571075283009707,-0.1332603107104802,-0.5743315488649308,-0.3235394355551382,Marc_Polmans,1
-0.9041436878250848,-0.1324740434459389,-0.1584823389898502,1.7050800285588747,1.5370109577952449,0.8240209607099549,1.3704584865822451,-0.0616742461051614,-0.747027330248434,1.029756212205477,1.3801440869943356,-2.0574635147243145,1.511482138495207,1.1470306523667646,-0.2873156463076869,-0.2950858667410388,Marco_Cecchinato,0
0.9849567798608112,-0.4363593966437346,-0.8400953210641241,-0.3243151072250065,0.2614210091598902,0.1045426198542191,0.0915931950193202,-0.9316663949985194,0.7153086520574347,0.3316322344805861,-0.6646012351603223,-1.2563111189066751,0.4693377663409991,1.080906136124474,-0.2762506685020944,-0.2655426431556856,Marcos_Giron,0
-0.9583785009393035,-0.5293784065399846,0.1976177829629831,0.74806547841176,0.4752034256412514,0.2289737565353043,-0.2449983853045611,-0.8145176457179999,1.0700172975411566,-0.2564591046268445,0.6312304927947661,0.2312920613724633,0.3394733414662895,-0.4658708542285028,-0.2464051337724143,-0.234345005434171,Marin_Cilic,0
1.1624990936631516,-0.3016018770156223,2.2785778706248507,0.0138530759491761,-0.7389589307030469,-0.5618505570947375,-0.206241105380292,0.3681874518625005,0.2304671190289186,-0.3557092649447317,-1.3431308482565394,0.3374089389415188,0.2617814603790868,-0.5402110362671707,-0.4134563932914439,-0.3579241708262615,Martin_Borisiouk,3
0.1002984401062697,-0.0128557266179604,1.8530594213270464,-1.7512911385752807,0.3279019545305286,-0.984506010884954,-0.9677482499878368,-0.3586116138561166,0.6633442817799888,-0.1966629778608674,-1.868524886427488,-0.9915884493139412,0.2052002310589231,0.8928786001429928,0.1932205326780533,0.0453646145758868,Martin_Cuevas,3
0.3127338604979027,-0.8226984453114023,-2.572332451370125,-1.7668137635773802,1.074704574194031,-1.34798970114454,-0.8094515300107176,-0.3966977069587092,-1.0816917805602628,1.5130846082906502,-2.059860094998996,-1.3905370086401587,2.440158789205352,-2.2848418979838927,-0.3293625619689391,-0.495463111910754,Martin_Landaluce,1
0.6452066751910234,-0.3608638396845542,0.2899304239065378,-0.6161930514881394,-0.0356626506165081,2.045601980425228,-0.6083522499785029,-0.4319039521285042,0.50762103301504,0.021929450548601,-1.0861279773596288,-0.1095014508625191,-0.4675173024817413,0.620188398227607,0.0227803566940486,0.110128147250289,Marton_Fucsovics,1
-0.1015884685679104,0.0129135372785069,-0.1288073288271143,-0.0684355385197845,0.4744346544300791,-0.2295074031375507,0.4816781523368913,-0.0036255650887047,-0.4643234427534867,0.6345363574949159,-0.3998173452781431,-1.3838782573970694,0.5243199997202863,1.213874111188623,-0.4179845226703477,-0.2384458987730658,Matteo_Arnaldi,2
-0.6001829760352068,-0.1843730194017568,0.0258331390482365,1.3408157618429402,1.002541624428794,2.648957012568019,1.2018424050820185,-0.8303001300856963,0.0882511763225445,-0.3169378846887923,1.214808937319605,1.024794844015162,-0.7651038195264638,-0.3948251311241106,0.8932743752459158,0.3684418210614614,Matteo_Berrettini,1
-0.654696785894628,-0.3314289533153807,-0.1213461834147688,1.2522109402093342,0.013033822996727,0.4080613738757979,1.949140475082239,-0.1228876684196479,1.2450229692267394,-0.9960254856719688,0.647099867693818,-1.6271356681294562,0.517025672645598,1.6537944413462822,-0.3714094776301915,-0.4225257946689776,Mattia_Bellucci,0
-0.4738171613276813,2.297447673496664,0.1084337792060455,0.7800405091355131,-0.4739282265818639,0.5986405603121148,0.250242459204897,0.5250869716206993,-0.5947049724653097,0.4106046637320605,1.6101023592498522,-1.4367577850157995,1.9722110667167452,-0.1444382944888407,-0.4307698291519594,0.3641552698673246,Max_Purcell,2
-1.9708947483453287,5.287813827609504,-0.2745328251619787,2.188287729304503,-1.416330921327539,-0.0061074603223016,-0.1927128032969043,0.2638313360538102,0.5554800713220399,-0.6688802312756672,2.297610881683164,-0.162776531918561,-0.3807790030959241,0.4864246291005842,-0.2017719213416906,-0.0748193246433666,Maxime_Cressy,2
0.0213094922837141,-0.3196272300069858,1.285701488929973,-0.5715716384157191,-0.8210251526440897,-0.6403639743256626,0.1832798653587453,0.129679121491819,0.9717511026410174,-0.9811231272116564,0.3715084950977739,1.4060547555800815,-1.4727001108750346,-0.0546769756950643,-0.6903313662306332,0.0120730587578282,Michael_Mmoh,3
2.171896124360989,-0.6570518540650615,-0.5826668746534924,-1.12707464515752,0.148669325811288,-0.5735956638285502,-0.1140090818016129,-1.649940434748414,0.2427280197417994,-1.341035864209296,-1.113416660154863,2.227469020678209,-1.087081322702078,-1.3200956929948446,-0.6945936136931502,-0.4098595691044207,Mikael_Ymer,3
1.0069106956053149,-0.193771969156664,0.0478296364272675,-1.3349195502836713,-0.98998502134624,0.3224383161398783,0.0624270329359379,-0.5712370421636089,-0.2626161819892106,1.0491949431892278,-0.4739582147668053,0.3341730851070965,-0.129836935814399,-0.3821651225301924,-0.2638796605292839,-0.1809627531618101,Mikhail_Kukushkin,1
-1.704921287026523,1.951374462380839,-0.529843894740662,1.414341398792198,0.4815974804771056,-0.0042881899972679,-0.4411146101608074,0.3608743386534335,-1.564780859965193,1.4577614968743466,2.024274562232044,0.2606113412712219,-1.3527805598097926,0.7451714074388263,1.635873713502635,0.7833080345359744,Milos_Raonic,2
0.347713778601942,-0.692110389642098,-0.2247969025167803,-0.7312066813367183,-0.6796187394533677,-0.35967803677916,-0.236975094916567,0.3425753194598142,0.2830350799617618,-0.4438618187035284,-0.6914977708790385,-0.0692482198066192,-0.0232447780673383,0.0015704150671477,-0.2741132017997172,-0.1155728047648706,Miomir_Kecmanovic,3
0.6235484648783888,1.4090686754705246,-0.2073457015886414,-1.9375626386004745,-1.1657032847964766,1.0665805270084256,-1.5104798613379675,-0.3966977069587092,1.5358623129501148,-0.973820971566105,-2.031347397251084,0.2966829401769669,-2.075023310543634,1.6537944413462822,1.268420233158647,-0.3317262772863581,Mischa_Zverev,1
0.7865505914264782,0.5344686170056069,-0.3980704394742446,-1.0496684884803835,-1.7631453805272774,-0.3007613256766822,0.6404025188706475,0.7724711576030844,-0.3083235256594698,-0.2920414589065113,-0.1759713378514071,-0.4536063170625378,1.5920438825156589,-1.1159392206336884,-0.027389258583582,0.0474537607911902,Moez_Echargui,1
-0.5187323596049873,-1.3133215300811132,3.555133218518266,-0.0992196103144482,2.882385681603816,-1.1352114818053889,1.0680151504404267,1.6098577892592698,-0.560186750435591,-0.5825621195627787,-0.2041002555798056,-1.2221212242754729,0.9191163736389408,0.7912177792534846,-0.2632888373584001,0.1743693933708658,Mohamed_Safwat,2
-1.0867596300678817,0.8692385391648098,-0.4060567094903917,2.4119105100022504,0.1693749002481676,-0.7060018081320285,2.951861579723523,-0.5673529066171236,1.3021623294867348,-0.8110605744561271,2.787298522145864,-1.509495823475273,1.910944930934302,-0.0311508784895976,-0.3575712522226906,-0.3290086534751648,Nick_Kyrgios,0
0.5046167297924312,0.2266330004348946,0.8056293922862949,-0.4056101150287863,-1.1377854298557848,-0.2211902613398217,1.0132221314401426,-1.3074994191550464,0.7215121505246633,0.6737539750889955,0.908468691188339,0.9291712497571613,-1.0154041515902854,-1.19743499102347,-0.5921557848517659,-0.2912386236337802,Nicola_Kuhn,1
-1.0689113343520718,0.1727296146382286,0.0842376320891115,1.7246530519401049,1.706614483140071,0.014583864934118,-0.3133214630122837,-1.5806900805034818,2.0377870260096675,-0.4396365115250349,0.9407047448531836,-1.236768063078592,0.7861691250558163,0.9103587412914164,-0.1942756627168307,-0.2394382432253349,Nicolas_Jarry,0
-1.5145970010890453,0.9242157645944508,1.7529374332569738,-0.2060247510423331,-0.8711895756334055,1.603151688820195,1.6052016112275975,-0.7527724504099517,-0.564644058385374,1.3231126542738147,2.997342062222141,0.0905595178584219,1.2576110964139495,-1.0386769967576628,0.2592942572885928,0.6090162634647169,Nicolas_Mahut,1
0.2059894509126841,0.1232051080081113,-0.3980704394742446,-1.0008830956166426,-1.5924476388899065,0.5372997342430101,-0.1389026913498689,-0.8000317985110323,0.0753429999044696,0.95893716930083,-0.1503733670328373,0.053591730159987,-0.5669490451526451,0.5359607181070024,-0.1191279836626777,-0.2523387211048327,Nicolas_Mejia,1
-0.2935456020331291,-1.1881271806330105,0.1509856241358258,0.0794084476098292,2.5683098135210347,-1.3376378459327365,-0.9018700560056336,-1.1424118633657376,0.394013957045802,-1.7199926015351834,-0.7166270778468767,0.2729680481628089,-0.6050468884618146,0.5252815142276439,-0.3509542213625553,-0.1967674317777652,Nikoloz_Basilashvili,3
0.1015833780225875,-0.1893475142308169,0.5661255746702697,0.6928167253916592,-0.2769464481721425,-0.0835775311969298,0.0375322267663739,1.3830848186264877,-0.9018668235577976,-0.1260568257513703,-0.0860693775774671,-0.0983869526002446,-0.3961774062868063,0.6782613115984762,-0.5085189852212314,-0.2353271019230774,Nishesh_Basavareddy,2
0.4225011118636427,-0.1085794422599821,0.0798541818651487,0.7171975634392649,-0.068686667894725,-0.3671848901215448,0.0687295948734446,0.1449456794521971,-0.464951883625619,0.2284774101049253,0.2717603892338298,-0.3465801931430734,0.081135535549591,0.2773837828116031,-0.4717960321368128,-0.2409976416503292,Novak_Djokovic,2
-0.5283660848173892,-0.3179225749040803,0.33015128699806,-0.0656490457546983,0.2725832419628606,0.2167825448496821,0.3399502518101069,0.977467312852456,-0.4084798986421978,-0.3670854414551135,-0.0752082063304766,-0.4344326886508937,-0.089098109364741,0.6789815038419147,-0.0340209736495407,-0.3054583359027652,Nuno_Borges,2
0.0874722394471448,-0.6924243032374572,0.8910177098711387,-1.2851490265719343,-0.5860952814755488,0.3888064278777683,-0.8545469197452241,-1.2893504571619625,-0.4557919063485563,1.904844953655514,-0.8500408303945457,1.4893729039959696,0.3707003268204,-2.2848418979838927,-0.6407948016971975,-0.4634027526835995,Oleksii_Krutykh,1
1.9504915397184293,-0.3948845960315335,0.4128431313960137,-1.605294557474453,0.4490050820435277,-0.8283986393901055,-0.445626699828222,1.727652278121818,-2.0683366428117145,0.920870542201345,-0.7802348875466303,-1.3265390105815782,-0.7789988189490177,1.107495888687511,-0.3834228821048351,-0.0970660009262613,Omar_Jasika,3
-1.5184646828214827,0.9283738067095526,0.1509856241358258,0.2599011443054371,0.26296259629892,-0.6278547208182162,0.8508787283959292,0.5176548891058373,-1.449067793684527,0.9159000447066268,2.1060762300065883,0.389299207637665,-0.5153693704454186,0.3969386495874198,-0.2567360712813218,0.1537591624391236,Oscar_Otte,2
-0.696213152692332,0.6601891689800826,-0.529843894740662,1.5806971082168482,0.1311832156923372,-1.420365767932801,0.4946282586012956,0.8925174287792514,-0.8472557331819408,0.2034513001550877,1.0176585644547642,1.7836519081692686,-1.168908278727771,-0.8868516659969127,-0.1813343794354895,-0.4474626302588628,Otto_Virtanen,2
-0.4458360420140425,-0.1002691119922526,-2.7294469557262384,-0.2746170731581627,1.301992328004661,0.3050992973713624,-1.5104798613379675,-1.330931000129713,2.011306270054794,-0.8444497606379272,0.1789146911332732,0.2065039429126033,0.3806020419514277,-0.2923941525005911,-0.4159297412715174,0.0255177255305055,Ozan_Baris,0
1.3625872071985594,0.6546017268538618,-0.1584823389898502,0.0444635185303477,1.5872161759238843,-1.514634048755684,0.1571646272819285,-2.153955048567728,4.038105653442415,-2.028975569187047,-0.7449084917267832,-0.2461767661273209,0.0159052074224581,0.5868895946933845,0.0250328700330442,-0.2291840172185546,Pablo_Andujar,0
0.2494312754560687,-0.5973501746908523,0.0523146793711181,-0.0677090898445749,-0.1389614795585113,-0.4567079439534185,-0.4161593819718683,-0.0097370299770157,0.3026154458089908,-0.1225498976664621,-0.1586702807991544,0.6496111453686083,-0.6737022678783947,0.0341988303726332,-0.2905678939278941,-0.1744350444781024,Pablo_Carreno_Busta,3
-0.2991046384629025,-0.3450265910402703,0.769921550387179,0.3967257794367669,-0.0691323495943727,0.3597773976167785,-0.4429240268294639,-1.5225712278631858,0.9202277630381988,0.6743851693986052,0.9259616756485948,1.5591889018780585,-0.5402574652342207,-1.214272960112268,0.0423321724765306,-0.1347840706052664,Patrick_Kypson,0
0.227937119932966,-0.0084850573492457,0.1509856241358258,-1.352137924235579,-0.1958297527659549,0.8818593073683082,-1.280634506804448,2.1609573743455117,-1.1389060776861737,-0.4718533494023955,-1.035048585249286,0.409406686757422,-0.5914163267445337,-0.2539825355167708,0.2936962791932538,0.0850583926666495,Paul_Jubb,3
0.217560378123584,-0.3086437225331329,-0.7448426901753419,-1.1253517736257548,0.6912113370695299,0.1029804128897093,-0.3461421484068978,-0.1369855693658803,-1.190379147764847,1.5071685266776704,-0.9869213385997412,-0.8975794560267669,0.0321687149082091,0.9450828054646327,-0.1191279836626779,-0.0161607414647952,Pavel_Kotov,2
0.7695761814943229,-0.3175538127797788,1.1041469505629091,-1.0674450836882672,-0.838337752889188,-0.3578421975134679,-1.1070103181280433,-1.179361048774106,-0.1987119024936137,1.422509360103423,-0.2185601665547875,2.216207310518421,-0.4650852605660039,-2.2803913090509424,-0.5021095287217949,-0.3748149179769885,Pedro_Cachin,3
1.1379119595955705,-0.1202538969787422,0.2794440239238424,-0.5000276518043366,-1.2275578257673874,0.3265865893798016,1.0409230776346985,0.1367810544374991,0.2520359551278662,-0.2144419822229284,-0.8927383994754777,0.2060075447625243,-0.1443160379855894,-0.138465764440659,0.0387624751469227,-0.1561576434233694,Pedro_Martinez,1
-0.2588477392018061,-0.782093517911731,-1.1583019121651124,-0.9257174532784338,1.2904475532079311,-0.4665575193424118,-0.0630124565731963,-1.055659809424944,1.2567978414422607,-0.1438036487343574,-0.8841942515451583,0.7089297848140576,-0.2625379313210886,-0.5118891066938471,-0.5248590461258956,-0.2707508952794638,Peter_Gojowczyk,0
-1.1510824035896254,2.542902467299804,0.6690080841505449,1.201310297994284,0.1181616443271613,-0.6879398200873827,-0.9825087331417156,0.6865818748027757,-1.9067506719596292,1.4343932967941389,0.3116472210626716,-0.5634859568061938,0.6639434287777812,-0.2792619757539855,-0.102851758245419,-0.4767612356949139,Pierre_Hugues_Herbert,2
-1.0073332473680712,0.3050731520897085,1.808268005611488,2.285858515031985,-0.3579371859767694,-0.0268097649853693,0.3942008879285253,-0.2153011395401536,-1.2133926154538677,1.6802468937291366,1.506545228997832,-1.1620173277675687,0.6740792182252285,0.4406119237955234,-0.4448585201776954,-0.1934708298685322,Quentin_Halys,0
-0.2728412390987129,-0.491181771386087,-1.1583019121651124,-0.171432860583821,-0.2906618314533837,0.5711116129677527,0.1298092704583871,0.3244828502585464,0.2647566575128549,-0.3837004448695943,-0.2396028117559026,0.3626424353189011,-0.2087480426473865,-0.2660547579974007,0.0700831368129571,0.1609727432652333,Radu_Albot,1
0.1872032954252417,-0.2473312165097937,0.0732107230339429,0.1741479382157552,-0.4290612449923417,-0.4965951276398687,-0.1973521526629794,1.1267191028689485,-0.8561050586396153,-0.218806470437365,0.1140574385810788,-0.5224925316740574,0.7838939530468712,-0.339603152073542,0.3935567425087283,-0.0582511867170509,Rafael_Nadal,2
1.934422197151588,0.5179004184238949,-0.2745328251619787,-1.319000676252661,-2.462039907608593,-0.5528300276162544,-1.003712392908634,-0.0817171951549794,-0.156612422211215,0.3201939046997217,-0.8656326096154773,0.6573989292344217,2.049167986595508,-2.8216513938967305,-0.3545907113656906,-0.0995176754553966,Raphael_Collignon,1
-0.7219551019614547,0.074271057492809,-0.0192217555832955,1.815721044150163,0.2022716072974146,-0.8875694684108593,-0.4084265893824615,-0.1131309439022735,0.381395223672612,-0.2455323014825085,0.4509111270242797,0.9826346570731096,-0.5452894843991698,-0.6903636923985276,-0.0630654294476745,-0.1706162368003214,Rei_Sakamoto,0
-1.5926562651258742,0.412191859764535,-0.2438954968125367,2.617102940175623,0.6060677769631568,0.3363085736233706,-0.1329474499468666,-1.162823697486234,1.4095469001755792,-1.0351953393607636,2.601639212640803,-0.3345700406735777,0.7873149909584229,-0.3807408715633767,-0.2115871699334943,-0.2040481621976215,Reilly_Opelka,0
0.386995714822144,-0.2189810728039318,-0.0821751699999571,0.151252972913148,-0.16566521958833,0.0235850875772201,0.9037325003872492,-0.3687456199201397,0.3445260521204119,0.2059262237287155,-0.0730504992180737,-1.1036246353213526,0.3507114711813565,0.9724557970190508,-0.4366334736315487,-0.2921397796769218,Richard_Gasquet,0
-0.7054235749078901,0.289957434791851,-0.8964444049049245,1.1478100682844965,0.8703555986642167,-0.6778827298321028,-1.066389515700802,-0.1639220054169954,-0.1762733711408874,0.5010209404699867,0.992775157962075,0.0584742681578937,-0.4109124191515401,0.498063776877136,-0.2441114760869505,-0.2091765546372074,Rinky_Hijikata,0
-0.5815897998935047,-0.3450265910402703,-2.827643520948808,0.3630537827633249,1.821507193857532,-0.4003357943963327,-1.5104798613379675,-1.4032587389558553,3.3090441182313377,-1.941508021792624,-0.2832532289692062,-2.194511859251077,0.1120180190222808,2.7037119722373597,-0.0070028752326719,-0.2775983980716818,Rio_Noguchi,0
1.256996232487203,-0.4683804599628773,-0.1774847577782683,0.2257982703896622,-0.2673427124621901,-0.1256886030621304,0.0589865520812512,-0.5429015792018175,0.1088796087000069,0.6192190766099321,-0.0222933032826177,-1.2237852527425015,0.6080653465152139,0.7633386829537727,-0.1725153537553882,-0.282950024547709,Roberto_Bautista_Agut,0
1.357529882605847,-0.3121932706801706,-0.0921677754629189,-0.5886465259180282,-1.0910230228301256,0.75177768812289,0.6378327669229643,-1.0359999840379774,0.0019193226671514,1.1545891466782368,-0.8516136853159546,0.7178848420336904,-1.4835769604000073,0.7044341516648808,0.1038184528667525,-0.2642468545320616,Roberto_Carballes_Baena,1
1.582404092519924,-0.059476198817583,0.4914003835740697,-1.6097247985561332,2.2994608704421737,4.112810477294234,-0.445626699828222,-0.2792713258738568,-1.3688496136035964,1.9046148380307573,-1.6733035386137851,0.2966829401769669,0.7898729340339385,-0.8045490456181896,10.476694762972894,9.194780464496674,Roberto_Quiroz,1
-0.3005668934197348,0.0318999266936772,0.531712657718073,-0.9763097125445356,-1.0771933446882094,1.6517801772233225,1.6517282655553032,-0.7553973170753209,0.0199633236771976,0.7753047539163084,0.0497351418413757,0.6490455063299331,0.2746224214753251,-1.087474190784627,0.775870649698264,0.1286397057250645,Robin_Haase,1
-0.3602734637818205,0.2689635303831833,0.4313271907320269,-0.3768860052118168,-0.6771408233343713,0.5059795713325888,-0.712681549606223,-0.0083548624149422,-0.6826687821115441,0.9511395974576344,0.2838366701478569,-0.5576037491111369,0.2701777755651409,0.164926169619406,-0.1967530587296049,0.0143538504424785,Roger_Federer,2
-0.4916143297986303,-0.1438753295237962,-0.2234706112462421,-0.3576212407964193,0.8947521357208977,-0.9011991471162356,-0.0201046687524749,0.8583440224456899,-0.9190965569038893,0.3100195566178219,0.0057813453931823,0.4179581433945596,-0.7660620953487091,0.3045312056847476,-0.2420887118149113,-0.2523387211048327,Roman_Safiullin,2
-2.0280886287426414,-0.0245108446678662,0.4128431313960137,1.535957333297905,0.0291809066651274,-1.4764962398977786,0.138998565314392,-0.2337002016636929,0.6584562255829564,-0.3429515413818547,2.115013835050515,0.7991087820784211,0.4536861298233047,-1.5215658959828269,0.0700831368129574,-0.3079100104319005,Sam_Querrey,0
1.5754277534792445,-0.510743501390657,-0.9226301556309432,-0.5945681199003103,0.4536263012752259,-0.1354509529772099,0.2152892497250122,-0.275592170330729,0.498669114390178,-0.248144984456187,-0.7654949009797728,-0.7209862835888358,1.2315818226221458,-0.3416232063078469,-0.209050100324366,-0.1927980539686887,Sebastian_Baez,3
-0.0575256283028544,-0.2158211457839953,-0.0528555491804876,0.4047161343760609,0.9426547796324306,-0.2048552994541837,-0.4965508595738299,0.266953099981193,-0.5891193928234748,0.5771108130724013,-0.0299677908049054,-0.7324968875029558,0.2113874975629244,0.6330138602810507,-0.4730298790078874,-0.2957537908916044,Sebastian_Korda,2
-0.4325369362204187,-0.472023396206695,1.002022522731436,0.2399580701811292,0.0798863243839775,-0.1247605153026527,2.489047860972819,1.1736961590838653,-1.1148778863416946,0.3235771751361068,0.0250071747885735,0.507667763965289,-0.4533839268204798,-0.1397140145523258,-0.4035180314078749,-0.2389802380935184,Sebastian_Ofner,1
-1.1763506532158858,2.3259379620631,-0.5733010980732037,-0.9215362748266892,-0.7460125563905418,0.6641521556495973,-1.1599656956743467,0.0249697523914456,0.0089557584023947,0.0364844202507025,0.3431555103491836,1.6021312815277546,0.1857111409597564,-2.11176343948025,-0.4723220752171967,-0.2931999632570884,Sergiy_Stakhovsky,2
-0.4898356366634881,-0.5440250631358331,1.0541268226454523,-0.4212166571307457,-1.0047996758760018,0.2737365714955112,1.8377151539563723,-0.2381003938896971,0.029574965606664,0.3786659249418139,0.2180964225004139,-0.5674671031737174,-0.3614238797807761,0.9768592782691085,0.1927836816062478,-0.2856814947010734,Soon_Woo_Kwon,1
0.154817968122978,-0.3489742923152388,0.2811442086269198,0.3388860277796495,0.5776130400176563,0.4468271237573519,-0.1920211257582662,0.5270916503228908,-0.2314697808510445,-0.0473215439767955,-0.0435351969891474,-1.015276020023936,-0.1342871448620526,1.3134592543068462,-0.1239448140964251,-0.1054093959207008,Stan_Wawrinka,2
0.2843644333555342,-0.4435265521205704,0.33015128699806,-1.0196166864763183,-1.7153500128688126,-0.7877183996767728,2.6511017521948363,-0.0063200590797686,-1.426999269927946,1.7673772945701751,0.2589966508573416,-1.2781502803421636,-1.2365170926184914,3.012878645521763,0.1451669147794792,0.3902043117393872,Stefan_Kozlov,1
-0.448452638544395,0.2173138005941174,0.4424108056475334,1.0273443437650664,0.1936578109451665,-0.633552477860966,0.1985613132389791,0.4479262219344935,-1.0954724754863994,0.6920945473821699,0.286137515090028,-0.3088821180942178,0.4294190774705556,-0.0175747573288823,0.0107364754091601,-0.1623341463210739,Stefanos_Tsitsipas,2
2.4617203704493607,-0.2838372212782662,-1.5510881730553936,-1.5571600815869986,-0.2960090948085999,4.173791894327067,-0.701601017498831,-0.9967629375723918,0.6717338782335477,0.3458530831295166,-1.076709998125274,0.4770409347056946,-1.2309020956234566,0.4758381871758064,0.2081561166195017,0.1330750597119271,Steve_Darcis,1
-0.9942180043611084,-0.3450265910402703,0.3401049349348511,0.8658013142727538,0.8281355382481225,2.55375526960783,-0.4431702911511472,-0.1369855693658803,-0.1840146366112995,0.1303349876566279,0.6419340219015348,-0.003913717370911,0.2214411394748958,-0.019244876171205,0.2029334979979777,0.4535668460227836,Steve_Johnson,1
-0.1368164549465922,-0.6142598179930899,-0.1584823389898502,-1.7491500868508534,-1.474725058450339,-1.6524173810325655,-0.2028622484995687,-0.8467676376640564,-0.9551088537583812,1.9101197283908409,-0.4342281661405966,-1.3626106094873232,2.099539788697972,-0.4767699140229269,0.3133545774244883,-0.1499705565549712,Steven_Diez,1
-0.5085309407483672,0.5524174988024619,-1.0404660338980272,-0.1959241133649106,0.3279019545305286,0.0298159092704299,-1.0352064163703465,-0.582517265316405,0.9492541451012736,-0.4917195720811607,-0.6816023669926545,-0.8305545256275781,1.3781998414025474,-0.6765103223387895,0.6377164982398629,2.2136372427837965,Strong_Kirchheimer,1
-1.0441580727404611,0.5659719007953168,0.2241468240150946,-0.2550706967108306,-0.4735648084545186,0.2378486666755476,0.0422262647395321,0.7793014275295146,-0.9229475639465818,0.4574407310137822,0.8388251004014714,-0.3014518397704492,0.0429047557974967,0.1712322324615088,-0.0269482070207017,0.1299776807845505,Tallon_Griekspoor,2
0.2026536881131458,-0.720700861206996,0.9196641131899256,0.1481440498536687,0.4082033114835927,-0.4636409344547701,-0.4719193704827848,0.1134678611439473,-0.6699685943839635,0.8625745839299721,-0.713427145792088,-1.026641415027997,1.3585691154741713,-0.0279793007049945,-0.2900283505438966,-0.3726049442753524,Taro_Daniel,0
-0.046070049490815,-0.4205510426676343,0.509058786080953,0.96146147969643,0.0021704793138248,-0.6106133255754678,-0.3050530964947668,-0.513427601193449,0.31619915047602,-0.2066143911948992,0.5869024078405144,-0.3517718147182262,0.5300603684038642,-0.0193725811201855,-0.4407223112970339,-0.2583616209596452,Taylor_Fritz,0
-0.2185060523138945,-0.3306547105979489,0.678388772561275,0.2340127975906756,-0.3231567395350896,0.658908789247528,0.3391388630108029,-0.4983374202874123,0.6718705166122708,-0.1085681955125226,1.2848624351979878,0.1631795136218954,-0.1568390939149286,-0.0900838566427499,-0.1068215693227992,-0.1401274638097923,Tennys_Sandgren,0
-0.624521463446324,-0.4783529494354369,0.6579863296821473,0.3104261476747981,-0.0266949727917094,0.4698272396097392,-0.947670811394014,0.1041257453509192,-0.8358346729971744,0.3802873721295127,1.440205556787386,0.1883528987347925,-0.3451019360223532,0.0659506449203478,-0.0142469131368574,0.0688200289022466,Thanasi_Kokkinakis,2
-0.9172237388960096,0.2668671065797741,0.1509856241358258,1.8054678185987,-0.0602001942709761,1.0441454958525316,0.2481974855457298,0.1880536826627595,1.2652905193119928,-1.3534640054249,2.404768896179136,-0.4247490379379416,0.9945083800751944,-0.8045490456181896,-0.1191279836626779,-0.1620353759483476,Thiago_Monteiro,0
-0.908508522547096,-0.2588189075332098,0.5292242457338753,-0.3598430333870813,-0.2994122459868131,0.1126762393430558,0.2550729731158497,0.496612614331249,0.2755584901488221,-0.6341741446875193,0.476819581306817,-1.0235731182944052,1.058015932294893,0.0936142152185842,-0.5375460712185541,-0.1796685735232826,Thiago_Seyboth_Wild,2
-0.6146862273128471,0.1817340703891591,0.3637448487847287,0.7944193617690374,-0.5682611890656736,-0.9319963285039554,-0.0926697530356637,1.4321072290992656,-1.1405132208638682,0.0967359950435811,-0.3142215871675873,0.5711407579380735,-1.5945748720119928,1.2707916517105124,-0.4723220752171969,-0.4999933800624171,Thijs_Boogaard,2
-1.3354528301396078,0.6512884578529323,1.167808931548763,0.6167294755661422,0.2671862943952837,0.3141474035482412,-0.1137950632913405,1.092870865918084,-1.4516483403922964,-1.583041375826992,2.2616363433459106,-0.754895875380358,0.2765501202355357,0.445456117245102,0.7119169376420728,0.6738494343462957,Tim_Van_Rijthoven,2
0.013835614647627,-0.8834930449459097,-2.1184461054524677,-1.6703035298686746,1.1071742533098343,-0.9250988702250942,-1.1540247776122474,1.7616679324268305,1.565439195362662,-3.3105638204357466,-1.5065603049342824,2.0461554871056213,-1.829460775294128,-0.3948251311241106,-0.3604407170229082,0.4423023954835138,Timofey_Skatov,3
-0.3691884925281454,-0.675218284472974,-1.5510881730553936,-1.2626023796856545,-0.7791231052059577,-1.5002598957127449,2.582009856680586,-0.5015447509052344,-0.0441027705201128,0.5090804975038866,-0.2494755512460965,0.507667763965289,0.3111032112204356,-0.5648992088386345,-0.623690971597705,-0.1568255675739352,Tomas_Barrios_Vera,1
-0.4173224665311776,0.1123247239757372,0.2812879243992688,0.2446619996560163,0.1310295591886563,-0.6110349591669976,-1.022147432394836,0.1620443134805047,-0.3712514022390781,0.4197700809232855,-0.0383191306469685,-0.1056541245409626,0.707231696209585,-0.4598294060198056,-0.5968525147926504,-0.3894858133543267,Tomas_Machac,2
1.2246023721536818,-0.3171748779072202,0.1509856241358258,-0.887132850483716,-0.3810878742639361,-0.3675127177718439,-0.8580232965039166,-0.7115311150774402,-0.3580522138607382,1.1670202524587228,-0.4670797839742346,1.2867861377277725,-1.0222092226348318,-0.456990138840454,-0.1080791591093561,-0.2142761941684851,Tomas_Martin_Etcheverry,3
0.0565585397150504,-0.0070024955268187,0.0491009250081823,0.2742971752413778,0.3616143397165153,-0.4556145553352562,-0.6828580643535664,0.0483866248912797,-0.8693508228127115,0.9550398974708518,-0.3599776732092879,0.0390570383005806,-0.4922537757994327,0.4216896522206418,-0.296513409108586,-0.2444132855464423,Tommy_Paul,2
-1.4526898445817555,0.364022747117919,-0.1213461834147688,0.4567586650941534,0.2104273851452578,-0.140704587068057,-0.5090108165847496,1.049019296527537,-1.3171331540506144,0.5582905017385033,-0.3896923269702409,-0.4935879671473791,1.5521790231036516,-1.1861239888874835,0.5295958579680717,0.3381062279952613,Tristan_Schoolkate,2
-0.6244125500323955,-0.7937486359616368,-1.5510881730553936,1.3941227277038084,-1.3842796612833548,-1.0030510971226871,-1.5104798613379675,0.5949158787658304,0.6697363552684137,-0.9618646947398696,-0.087822178518007,-0.9297514226183774,0.6466281218050597,0.7319156337346061,-0.2796707525510954,0.2934507276431535,Tung_Lin_Wu,0
-0.5750136329946541,0.5719271529294774,-0.6707051745082114,1.3527806465160908,0.4260220067490903,-0.3762395870272375,1.0216626063323742,1.4168954459653689,-0.4863951974207798,-0.6083747711816347,0.2542030124231538,0.6573989292344217,-0.0286688501310823,-0.3948251311241106,0.5295958579680708,0.0255177255305055,Ugo_Blanchet,2
-0.1473977058569081,-0.5869550313670028,0.1014707500357184,0.4445632751832563,0.4610730510439497,0.0300834877953531,-0.5804422748410478,0.683637181761516,0.5314086023163169,-0.9689429470692392,0.0594746994033073,-1.6327844643786784,1.7741373836730854,0.2605498104044483,-0.3769707931284733,-0.3184950179227706,Ugo_Humbert,0
-1.0473871627224416,1.1519101508174072,0.2541416118443853,0.5201239802058336,0.2859130522201304,0.4502218318417456,-0.4159374852879883,-0.8951744804655845,0.4773800917412504,-1.393890757011239,0.4004401121881701,0.1812538236785814,0.4395370504113097,-0.466936540075068,0.2091419121022796,-0.0340229416056383,Vasek_Pospisil,0
-0.6052186432268284,-0.27417574184216,-0.529843894740662,-0.0507261491366387,0.1022493644163763,-0.3613911132970925,0.9318123897376204,1.6001017457058964,-0.4624854358588838,-0.7381666121845163,-0.8548706071229165,-0.96107675851021,1.6891918679520863,-0.2762208400863514,0.0730864879316182,-0.3271462259681931,Viktor_Durasovic,2
-0.7997672053422393,0.4088264444276248,-0.6345868976447366,0.8078774011797242,1.4094781623190489,-0.3774271584556039,1.376107385303655,-0.1486580249880316,0.6462360850903777,-0.5715274218833939,-0.2441269656699737,0.1415750648822618,0.601608323675984,-0.5751036535015049,-0.3353692642062609,-0.0244964348638553,Yannick_Hanfmann,0
0.012138918223675,-0.5544302120035746,0.33015128699806,1.3810412636888714,-1.9537404049321967,-0.4752294118948735,-0.6755081515685423,-0.1225615423191547,-0.4581553215602726,0.8122925117336216,0.6740555884516105,-0.2684387760130453,0.5715951249232656,0.055871174819375,-0.0650676635267821,-0.1288469670446824,Yasutaka_Uchiyama,0
-0.0661689482771904,-0.4011168466554414,0.4469984584299512,-0.2203168097967814,-1.0234551667653322,0.2709279910054569,0.0928886220026285,-0.076294732763803,-0.4697096290915099,0.613872322308456,-0.2121746956355827,-0.0245797375773276,0.182361453598962,-0.113139939909431,-0.3165656745937755,0.1865481661941679,Yibing_Wu,1
0.8269188614392947,-0.5649346466429553,0.2006812094552774,0.0620268872244619,0.6001212315149107,-0.8128410503662059,-0.6481332395568329,-0.6265355373998338,1.9913975310619128,-1.433522698913697,-0.6651349905602556,-0.4390675352135049,0.9129666221869992,-0.236565359571436,-0.3581315042634802,-0.1791197925995746,Yoshihito_Nishioka,0
-0.5426808124086382,-0.9635353556616132,-0.529843894740662,0.6152730010890696,2.311213829702451,-1.2059561583120118,-0.4108275769030612,-0.0825141097958496,-0.693905988929096,1.1199340938280018,-0.42170000679726,-0.0932802912364965,-1.9754709313884289,1.310512242716109,-0.7033588117979725,-0.3079100104319004,Yosuke_Watanuki,2
-0.0376740164825805,-0.0523817791350317,-0.8216279742591568,-0.8787562174046349,0.4779771221184097,-0.6342488160930355,-0.9814018754306094,0.6587969397165216,-0.5841552931844266,0.2021803698520073,0.6227276892987322,0.4158760496046483,-0.1852594523191733,-0.3164431648730694,0.0490596789823313,0.0588604991267464,Yu_Hsiou_Hsu,2
-0.5985284116026647,-0.7369483771108308,0.6372924233333177,0.8994955925524798,-1.2576174533704456,-0.5268732262507707,-0.6607485506382672,-0.6437352083961754,0.7162241624569655,0.0670997351542415,0.7719159633153893,2.113960960998066,-0.7695009712424626,-1.307627776072945,-0.5371944593802718,-0.3356956550954345,Zachary_Svajda,0
-0.8133171705227399,-0.1435813024651204,-0.1584823389898502,0.4825001570024395,0.645440076277215,-0.6695900721675201,-0.765145545691752,0.4306970360780391,-0.1602137889877971,-0.1988663791424901,0.9669211748181292,-0.2568147532461102,0.2493631573168935,-0.1807176223623591,0.0256236932039285,0.1388184125080223,Zhizhen_Zhang,2
-0.6394743866855135,0.179269693025747,-0.0037483574270121,0.8752472316024549,0.9377171114155176,-0.555659911620935,1.7628041759877202,0.2366238467734305,-0.7014504595834004,0.6645611334513943,0.985316408890941,0.6365153719731999,0.018720411057419,-0.9878465863129082,-0.0650676635267817,0.1181365410756188,Zizou_Bergs,2
