average_shot_length,net_points_rate,net_points_won_rate,winners_rate,unforced_errors_rate,slices_rate,dropshots_rate,crosscourt_rate,middlecourt_rate,down_the_line_rate,average_response_depth,opening_2nd_backhand_ground,opening_2nd_forehand_ground,opening_1st_forehand_ground,opening_3rd_backhand_ground,opening_2nd_slice_shot,opening_3rd_slice_shot,opening_1st_backhand_ground,opening_1st_slice_shot,opening_3rd_forehand_ground
1.3705583756345177,0.09836065573770492,0.6666666666666666,0.04201680672268908,0.15966386554621848,0.15185185185185185,0.014814814814814815,0.337037037037037,0.3296296296296296,0.3296296296296296,2.053763440860215,0.28125,0.53125,0.28125,0.1875,0.15625,0.125,0.5625,0.15625,0.5625
1.4294871794871795,0.04838709677419355,1.0,0.05319148936170213,0.09574468085106383,0.11210762331838565,0.0,0.21076233183856502,0.34977578475336324,0.4260089686098655,2.1358024691358026,0.5151515151515151,0.3333333333333333,0.18181818181818182,0.5454545454545454,0.12121212121212122,0.06060606060606061,0.7878787878787878,0.030303030303030304,0.30303030303030304
1.7466666666666666,0.19696969696969696,0.46153846153846156,0.0,0.16,0.1297709923664122,0.019083969465648856,0.30916030534351147,0.3473282442748092,0.3320610687022901,2.1772151898734178,0.4883720930232558,0.37209302325581395,0.11627906976744186,0.32558139534883723,0.11627906976744186,0.13953488372093023,0.813953488372093,0.06976744186046512,0.4883720930232558
1.630706391158097,0.10666666666666667,0.55625,0.06464811783960721,0.18453355155482815,0.0870782378075733,0.005451598644467364,0.293354943273906,0.3805805215853838,0.3167820833947252,2.142520612485277,0.4657534246575342,0.4351949420442571,0.45521601685985247,0.3624868282402529,0.0821917808219178,0.08535300316122234,0.49420442571127504,0.04847207586933614,0.47523709167544786
1.1555555555555554,0.0967741935483871,0.5,0.02586206896551724,0.12931034482758622,0.2153846153846154,0.007692307692307693,0.22692307692307692,0.5153846153846153,0.23846153846153847,2.015151515151515,0.40540540540540543,0.35135135135135137,0.43243243243243246,0.2972972972972973,0.21621621621621623,0.24324324324324326,0.4864864864864865,0.08108108108108109,0.35135135135135137
1.4072110286320254,0.10545998504113688,0.5602836879432624,0.05834092980856882,0.19234275296262535,0.1471363978899774,0.013187641296156745,0.24133383571966843,0.39788997739261495,0.35229841748304447,2.1254695717505636,0.491869918699187,0.34823848238482386,0.34417344173441733,0.4159891598915989,0.14092140921409213,0.11246612466124661,0.5528455284552846,0.10298102981029811,0.3915989159891599
1.264591439688716,0.07647058823529412,0.6153846153846154,0.10780669144981413,0.17843866171003717,0.15538461538461537,0.009230769230769232,0.2815384615384615,0.4369230769230769,0.2523076923076923,1.8546511627906976,0.4186046511627907,0.46511627906976744,0.29069767441860467,0.3488372093023256,0.11627906976744186,0.06976744186046512,0.627906976744186,0.08139534883720931,0.5232558139534884
1.4594827586206895,0.061381074168797956,0.5416666666666666,0.05198358413132695,0.17647058823529413,0.19373892498523332,0.004725339633786178,0.19492025989367986,0.3567631423508565,0.2988777318369758,2.1322314049586777,0.3244444444444444,0.49777777777777776,0.5333333333333333,0.30666666666666664,0.17333333333333334,0.1511111111111111,0.3288888888888889,0.13777777777777778,0.49333333333333335
1.4164619164619165,0.04669260700389105,0.5833333333333334,0.08977035490605428,0.18162839248434237,0.1266261925411969,0.005203816131830009,0.19340849956634865,0.2862098872506505,0.22983521248915872,2.02834008097166,0.40350877192982454,0.4678362573099415,0.3567251461988304,0.3216374269005848,0.11695906432748537,0.0935672514619883,0.5730994152046783,0.07017543859649122,0.52046783625731
1.8662125690785245,0.0977764240024368,0.6355140186915887,0.06321959388737701,0.16537575884446304,0.11955099511052958,0.00454514151917912,0.21844225604297224,0.41546725432132775,0.3570002065973418,2.0840431572969904,0.4729857819905213,0.38341232227488153,0.3805687203791469,0.39478672985781993,0.11943127962085308,0.11990521327014218,0.5345971563981042,0.08199052132701422,0.41753554502369666
1.6100558659217876,0.12061711079943899,0.47674418604651164,0.09115044247787611,0.14513274336283186,0.12421929215822346,0.006939625260235947,0.2338653712699514,0.39000693962526023,0.366412213740458,2.0620239390642,0.4520547945205479,0.3789954337899543,0.3858447488584475,0.3858447488584475,0.1461187214611872,0.0958904109589041,0.5570776255707762,0.0547945205479452,0.4315068493150685
1.8333333333333333,0.06141732283464567,0.5641025641025641,0.03009027081243731,0.15546639919759278,0.15408915408915408,0.007722007722007722,0.24745524745524747,0.40786240786240785,0.3366093366093366,2.0625814863103,0.4806763285024155,0.4033816425120773,0.2971014492753623,0.3647342995169082,0.09903381642512077,0.13285024154589373,0.5362318840579711,0.15942028985507245,0.4396135265700483
2.342857142857143,0.045454545454545456,0.6666666666666666,0.0,0.23076923076923078,0.15040650406504066,0.008130081300813009,0.2601626016260163,0.4796747967479675,0.24796747967479674,2.2666666666666666,0.4634146341463415,0.34146341463414637,0.14634146341463414,0.5365853658536586,0.14634146341463414,0.04878048780487805,0.6097560975609756,0.21951219512195122,0.3170731707317073
1.2564006024096386,0.1525518788558609,0.4742647058823529,0.05630478759271747,0.21173297370195548,0.22370392568175007,0.020077914294276297,0.20167815403056638,0.4641893916691639,0.2777944261312556,2.036073825503356,0.40236051502145925,0.38090128755364805,0.23283261802575106,0.3208154506437768,0.17489270386266095,0.18025751072961374,0.5246781115879828,0.23390557939914164,0.3572961373390558
2.35,0.06578947368421052,0.6,0.009708737864077669,0.1941747572815534,0.06648936170212766,0.005319148936170213,0.19946808510638298,0.36436170212765956,0.425531914893617,2.134831460674157,0.4444444444444444,0.5370370370370371,0.5,0.4074074074074074,0.018518518518518517,0.07407407407407407,0.48148148148148145,0.018518518518518517,0.4444444444444444
1.4476797088262057,0.07711442786069651,0.6451612903225806,0.05555555555555555,0.17417417417417416,0.14896291640477688,0.010685103708359522,0.2350722815839095,0.3796354494028913,0.3368950345694532,1.9788235294117646,0.47257383966244726,0.3333333333333333,0.38396624472573837,0.4050632911392405,0.16033755274261605,0.10126582278481013,0.5189873417721519,0.0970464135021097,0.4050632911392405
1.7083425782116708,0.09032438478747204,0.5541795665634675,0.07817762808012764,0.1730189682680376,0.105721150724073,0.004480810442236509,0.24644457432300798,0.39307747256315345,0.3247613481394896,1.9817729908864954,0.44584837545126355,0.42734657039711194,0.4566787003610108,0.3768050541516246,0.11597472924187725,0.09611913357400723,0.5022563176895307,0.04061371841155235,0.476985559566787
1.4264705882352942,0.08163265306122448,0.6666666666666666,0.16279069767441862,0.22790697674418606,0.18900343642611683,0.006872852233676976,0.24398625429553264,0.4484536082474227,0.2972508591065292,2.257142857142857,0.43529411764705883,0.35294117647058826,0.2823529411764706,0.4235294117647059,0.17647058823529413,0.21176470588235294,0.611764705882353,0.10588235294117647,0.32941176470588235
1.2979833101529903,0.10774058577405858,0.5533980582524272,0.08574879227053141,0.19082125603864733,0.18189124028931156,0.005625502276989017,0.2668095365657648,0.41414412001071527,0.29681221537637287,2.0431328036322363,0.35282651072124754,0.3898635477582846,0.4346978557504873,0.28460038986354774,0.24171539961013644,0.19298245614035087,0.43859649122807015,0.1267056530214425,0.43859649122807015
1.7336561743341405,0.15476190476190477,0.6923076923076923,0.07116104868913857,0.11610486891385768,0.12011173184357542,0.013966480446927373,0.2122905027932961,0.36312849162011174,0.4064245810055866,2.0444444444444443,0.4230769230769231,0.47115384615384615,0.3942307692307692,0.4326923076923077,0.08653846153846154,0.125,0.5673076923076923,0.038461538461538464,0.36538461538461536
2.2635983263598325,0.07086614173228346,0.6666666666666666,0.09941520467836257,0.21052631578947367,0.10351201478743069,0.025878003696857672,0.1534195933456562,0.3123844731977819,0.4491682070240296,1.9319727891156462,0.44680851063829785,0.40425531914893614,0.44680851063829785,0.39361702127659576,0.1276595744680851,0.10638297872340426,0.5425531914893617,0.0,0.3829787234042553
1.3523809523809525,0.2028985507246377,0.5714285714285714,0.029197080291970802,0.0948905109489051,0.29577464788732394,0.0035211267605633804,0.2147887323943662,0.39436619718309857,0.36619718309859156,2.1463414634146343,0.075,0.475,0.4,0.15,0.375,0.2,0.275,0.325,0.4
1.6157205240174672,0.0392156862745098,0.3333333333333333,0.006993006993006993,0.17482517482517482,0.2445945945945946,0.0,0.18783783783783783,0.4472972972972973,0.35135135135135137,2.1150442477876106,0.34375,0.3229166666666667,0.28125,0.2916666666666667,0.3229166666666667,0.22916666666666666,0.6354166666666666,0.08333333333333333,0.46875
1.359970961076674,0.06816608996539793,0.6269035532994924,0.10592058494973089,0.18696049558241087,0.12778713094895905,0.002874389192296637,0.22937625754527163,0.3894386728534472,0.3453373301030674,2.0214471403812824,0.44686567164179103,0.41194029850746267,0.32477611940298506,0.3844776119402985,0.13373134328358208,0.12149253731343283,0.5985074626865672,0.07611940298507462,0.45402985074626867
1.7003422109805089,0.11488250652741515,0.5746753246753247,0.04492512479201331,0.17542191585452815,0.17885894294714735,0.011550577528876444,0.2327616380819041,0.362005600280014,0.39578228911445573,2.06954588758336,0.42634730538922155,0.36347305389221557,0.4437125748502994,0.3197604790419162,0.17305389221556886,0.1784431137724551,0.4311377245508982,0.11976047904191617,0.411377245508982
1.2222222222222223,0.09482758620689655,0.36363636363636365,0.11274509803921569,0.13725490196078433,0.15964523281596452,0.011086474501108648,0.2394678492239468,0.458980044345898,0.29711751662971175,2.0434782608695654,0.42857142857142855,0.3968253968253968,0.15873015873015872,0.4603174603174603,0.1111111111111111,0.1111111111111111,0.6507936507936508,0.19047619047619047,0.2698412698412698
1.521448999046711,0.11891891891891893,0.5454545454545454,0.06666666666666667,0.20634920634920634,0.13471177944862156,0.007518796992481203,0.23308270676691728,0.4141604010025063,0.33709273182957394,2.1246537396121883,0.3793103448275862,0.46120689655172414,0.3620689655172414,0.29310344827586204,0.1206896551724138,0.1206896551724138,0.5431034482758621,0.09482758620689655,0.46551724137931033
1.22234989945418,0.06955736224028906,0.5194805194805194,0.09191583610188261,0.21650055370985605,0.17485311398354877,0.005170387779083431,0.22068155111633372,0.445593419506463,0.31586368977673324,2.096976016684046,0.3888888888888889,0.40235690235690236,0.30976430976430974,0.37373737373737376,0.1936026936026936,0.1734006734006734,0.5774410774410774,0.1127946127946128,0.3939393939393939
1.317548746518106,0.037037037037037035,0.6153846153846154,0.05345911949685535,0.18553459119496854,0.14094432699083861,0.0028188865398167725,0.22973925299506695,0.43410852713178294,0.2741367159971811,2.0153061224489797,0.4021164021164021,0.4497354497354497,0.3439153439153439,0.3862433862433862,0.13756613756613756,0.13227513227513227,0.5925925925925926,0.06349206349206349,0.43915343915343913
1.3661971830985915,0.06795224977043159,0.6351351351351351,0.05340793489318413,0.18870803662258392,0.15376178986619873,0.006580390436499232,0.2465452950208379,0.42597060758938365,0.30993638955911385,2.152941176470588,0.4301765650080257,0.39325842696629215,0.37720706260032105,0.3547351524879615,0.15569823434991975,0.12359550561797752,0.5024077046548957,0.1187800963081862,0.44301765650080255
1.2964285714285715,0.10614525139664804,0.7368421052631579,0.03550295857988166,0.1863905325443787,0.18044077134986225,0.006887052341597796,0.256198347107438,0.3622589531680441,0.37327823691460055,2.161417322834646,0.40384615384615385,0.3076923076923077,0.4326923076923077,0.375,0.22115384615384615,0.17307692307692307,0.4423076923076923,0.10576923076923077,0.33653846153846156
1.438724962308852,0.11922596754057428,0.5549738219895288,0.05855539971949509,0.1805750350631136,0.1597305389221557,0.006287425149700598,0.2655688622754491,0.42664670658682635,0.2464071856287425,2.0761606677099635,0.36807095343680707,0.4190687361419069,0.39135254988913526,0.2915742793791574,0.17073170731707318,0.15964523281596452,0.5144124168514412,0.08536585365853659,0.4445676274944568
1.3086312118570183,0.08695652173913043,0.40625,0.01566951566951567,0.14814814814814814,0.22251832111925382,0.001998667554963358,0.24450366422385075,0.42371752165223187,0.30579613590939375,2.0176125244618395,0.3723404255319149,0.4148936170212766,0.28191489361702127,0.32978723404255317,0.18085106382978725,0.19148936170212766,0.5531914893617021,0.16489361702127658,0.3670212765957447
1.2908536585365853,0.1,0.5849056603773585,0.11024498886414254,0.24721603563474387,0.11053377420878602,0.017005196032120924,0.22012281530467642,0.49173358526216343,0.2300425129900803,2.0984251968503935,0.4197952218430034,0.43686006825938567,0.3856655290102389,0.36177474402730375,0.10921501706484642,0.08532423208191127,0.4641638225255973,0.15017064846416384,0.4402730375426621
1.338785046728972,0.11510791366906475,0.3125,0.04296875,0.10546875,0.19022687609075042,0.0034904013961605585,0.24781849912739964,0.3507853403141361,0.37521815008726006,1.9542857142857142,0.34375,0.421875,0.421875,0.328125,0.203125,0.09375,0.484375,0.09375,0.53125
1.444060773480663,0.10429447852760736,0.43137254901960786,0.07048984468339307,0.16726403823178015,0.13055954088952654,0.006217120994739359,0.2515542802486848,0.3821138211382114,0.3586800573888092,2.0264026402640263,0.379182156133829,0.4349442379182156,0.36059479553903345,0.35687732342007433,0.1524163568773234,0.14869888475836432,0.5724907063197026,0.05947955390334572,0.40148698884758366
1.390625,0.12643678160919541,0.5454545454545454,0.0718954248366013,0.0784313725490196,0.14325842696629212,0.011235955056179775,0.30337078651685395,0.34269662921348315,0.3342696629213483,2.1946902654867255,0.391304347826087,0.5652173913043478,0.3695652173913043,0.1956521739130435,0.043478260869565216,0.17391304347826086,0.43478260869565216,0.1956521739130435,0.5869565217391305
1.6971207087486158,0.12031159838430468,0.5971223021582733,0.023100616016427104,0.1764202600958248,0.15491027732463294,0.010375203915171289,0.22864600326264273,0.4282544861337684,0.3325285481239804,2.0865276843757004,0.37505773672055426,0.39815242494226327,0.41154734411085453,0.3422632794457275,0.18521939953810623,0.1394919168591224,0.5002309468822171,0.07944572748267899,0.4161662817551963
1.740566037735849,0.03896103896103896,0.6666666666666666,0.0,0.1590909090909091,0.13008130081300814,0.0,0.18699186991869918,0.4146341463414634,0.38482384823848237,2.0096153846153846,0.5098039215686274,0.3137254901960784,0.39215686274509803,0.47058823529411764,0.11764705882352941,0.0196078431372549,0.5098039215686274,0.0784313725490196,0.45098039215686275
1.664535666218035,0.09586631486367635,0.6330275229357798,0.09471965160587915,0.1823625476320087,0.1328077622801698,0.00586213866990095,0.2621790984435011,0.39943400040428545,0.32544976753588034,2.1210564930300806,0.41805555555555557,0.4388888888888889,0.3819444444444444,0.37083333333333335,0.12361111111111112,0.12361111111111112,0.5305555555555556,0.08611111111111111,0.43333333333333335
2.0353535353535355,0.06285714285714286,0.8181818181818182,0.0,0.20912547528517111,0.11910669975186104,0.004962779156327543,0.17866004962779156,0.49255583126550867,0.315136476426799,2.095890410958904,0.4491525423728814,0.4152542372881356,0.3898305084745763,0.3305084745762712,0.11864406779661017,0.11864406779661017,0.5169491525423728,0.09322033898305085,0.5084745762711864
1.5052631578947369,0.09352517985611511,0.6153846153846154,0.10599078341013825,0.11981566820276497,0.10139860139860139,0.0034965034965034965,0.2465034965034965,0.40734265734265734,0.3339160839160839,1.9438202247191012,0.44155844155844154,0.35064935064935066,0.2987012987012987,0.5194805194805194,0.19480519480519481,0.07792207792207792,0.6753246753246753,0.025974025974025976,0.4025974025974026
1.564876519012152,0.10880829015544041,0.5619047619047619,0.06385780118499013,0.173798551678736,0.09018036072144289,0.010521042084168337,0.29208416833667333,0.4215931863727455,0.281312625250501,2.0278350515463917,0.4794520547945205,0.4400684931506849,0.3955479452054795,0.3647260273972603,0.0547945205479452,0.07191780821917808,0.5256849315068494,0.07534246575342465,0.4794520547945205
1.6511627906976745,0.04827586206896552,0.7142857142857143,0.04838709677419355,0.13709677419354838,0.20031298904538342,0.009389671361502348,0.18935837245696402,0.39436619718309857,0.37245696400625977,2.110526315789474,0.30851063829787234,0.3723404255319149,0.4787234042553192,0.32978723404255317,0.2978723404255319,0.22340425531914893,0.40425531914893614,0.09574468085106383,0.3191489361702128
1.5255144721432157,0.12346779585469134,0.6046931407942239,0.09275208692195575,0.18139658142308202,0.1294691818381224,0.012009212546611098,0.25274182934854134,0.36861153761789867,0.36713094976968635,2.002387109608116,0.4044032444959444,0.40247199691000385,0.4063344920818849,0.32290459636925456,0.15218230977211278,0.11510235612205484,0.5164156044804944,0.07531865585168018,0.451525685592893
1.3548387096774193,0.075,0.5555555555555556,0.008368200836820083,0.16317991631799164,0.163003663003663,0.009157509157509158,0.1978021978021978,0.4340659340659341,0.3534798534798535,2.010928961748634,0.4675324675324675,0.3116883116883117,0.3246753246753247,0.33766233766233766,0.2077922077922078,0.15584415584415584,0.5844155844155844,0.07792207792207792,0.42857142857142855
1.5561751186798283,0.09275834011391375,0.5833333333333334,0.08997805413313825,0.17751767861497195,0.16075924849893472,0.007892698043773001,0.19886693782684486,0.41879721092388145,0.34369552585705987,2.0258036300021867,0.4365024288688411,0.37369882026370577,0.34802220680083273,0.36294240111034004,0.1554476058292852,0.12526023594725885,0.5225537820957669,0.12734212352532964,0.4253990284524636
1.7343173431734318,0.058823529411764705,0.6666666666666666,0.08227848101265822,0.12025316455696203,0.16170212765957448,0.010638297872340425,0.3191489361702128,0.39361702127659576,0.2872340425531915,1.975693338295696,0.3611111111111111,0.4861111111111111,0.375,0.3611111111111111,0.09722222222222222,0.1388888888888889,0.5,0.125,0.4305555555555556
1.44,0.10144927536231885,0.7142857142857143,0.08,0.104,0.18055555555555555,0.003472222222222222,0.2569444444444444,0.3854166666666667,0.3263888888888889,2.076923076923077,0.43902439024390244,0.3170731707317073,0.4146341463414634,0.3902439024390244,0.24390243902439024,0.0975609756097561,0.5121951219512195,0.07317073170731707,0.4634146341463415
1.0850077279752706,0.09659090909090909,0.4411764705882353,0.06818181818181818,0.16193181818181818,0.3504273504273504,0.004985754985754986,0.18233618233618235,0.5470085470085471,0.2606837606837607,2.032258064516129,0.31097560975609756,0.34146341463414637,0.23170731707317074,0.21951219512195122,0.29878048780487804,0.2682926829268293,0.3597560975609756,0.40853658536585363,0.40853658536585363
1.7054886211512716,0.0782312925170068,0.5,0.03059071729957806,0.15611814345991562,0.2696232339089482,0.00510204081632653,0.25156985871271587,0.3202511773940345,0.41993720565149134,2.1152777777777776,0.3248587570621469,0.4067796610169492,0.4774011299435028,0.2824858757062147,0.2570621468926554,0.21468926553672316,0.22033898305084745,0.2966101694915254,0.4632768361581921
1.4242424242424243,0.10144927536231885,0.7142857142857143,0.10317460317460317,0.14285714285714285,0.19148936170212766,0.0070921985815602835,0.20921985815602837,0.32978723404255317,0.45390070921985815,2.176470588235294,0.3333333333333333,0.4444444444444444,0.5555555555555556,0.1111111111111111,0.16666666666666666,0.16666666666666666,0.3333333333333333,0.1111111111111111,0.5277777777777778
1.5526315789473684,0.13793103448275862,0.5,0.07547169811320754,0.10377358490566038,0.17796610169491525,0.00847457627118644,0.3220338983050847,0.3389830508474576,0.3305084745762712,2.1139240506329116,0.47368421052631576,0.3684210526315789,0.39473684210526316,0.23684210526315788,0.15789473684210525,0.18421052631578946,0.5789473684210527,0.02631578947368421,0.5526315789473685
1.5393617021276595,0.09418282548476455,0.5,0.032148900169204735,0.15228426395939088,0.22598479612992398,0.0082930200414651,0.24187975120939875,0.3973738769868694,0.3538355217691776,2.0709812108559498,0.3037383177570093,0.35046728971962615,0.17289719626168223,0.29439252336448596,0.2570093457943925,0.1588785046728972,0.5560747663551402,0.2616822429906542,0.4485981308411215
1.5711974110032363,0.10256410256410256,0.5208333333333334,0.07909604519774012,0.21468926553672316,0.08702368692070031,0.006694129763130793,0.21781668383110195,0.3702368692070031,0.36405767250257465,2.1093394077448746,0.46236559139784944,0.44086021505376344,0.5053763440860215,0.4121863799283154,0.08243727598566308,0.0931899641577061,0.4265232974910394,0.06810035842293907,0.41935483870967744
1.4834710743801653,0.19148936170212766,0.5555555555555556,0.013245033112582781,0.15894039735099338,0.3426183844011142,0.008356545961002786,0.2479108635097493,0.39275766016713093,0.35097493036211697,1.9363636363636363,0.2,0.36,0.26,0.18,0.42,0.36,0.28,0.46,0.38
1.309090909090909,0.13,0.6153846153846154,0.055232558139534885,0.13953488372093023,0.3207070707070707,0.0012626262626262627,0.1919191919191919,0.4659090909090909,0.3333333333333333,2.1116751269035534,0.29411764705882354,0.4215686274509804,0.38235294117647056,0.2647058823529412,0.2647058823529412,0.19607843137254902,0.19607843137254902,0.4117647058823529,0.38235294117647056
1.8026845637583893,0.10163934426229508,0.5806451612903226,0.07430340557275542,0.18163054695562436,0.06478034251675353,0.0033507073715562173,0.24422933730454208,0.35517498138495907,0.3462397617274758,2.06,0.43358395989974935,0.46867167919799496,0.37593984962406013,0.3684210526315789,0.06516290726817042,0.05764411027568922,0.5864661654135338,0.03759398496240601,0.5037593984962406
1.6039735099337749,0.16162790697674417,0.5683453237410072,0.08029197080291971,0.13576642335766423,0.38810900082576383,0.009358656757500689,0.1968070465180292,0.40930360583539777,0.38260390861546933,2.0454545454545454,0.15749525616698293,0.3700189753320683,0.3757115749525617,0.16129032258064516,0.4307400379506641,0.32447817836812143,0.17647058823529413,0.4478178368121442,0.40227703984819735
1.9158621332960217,0.09771911543359962,0.533175355450237,0.058229527530036115,0.1512493550527014,0.1032426116169239,0.007181459662106237,0.22759141146112274,0.3857295876138079,0.3591703588295438,2.043616177636796,0.5318996415770609,0.37132616487455194,0.4057347670250896,0.47724014336917564,0.08010752688172043,0.08243727598566308,0.5310035842293906,0.06129032258064516,0.3817204301075269
1.8228167592125188,0.12470023980815348,0.6057692307692307,0.07323026851098453,0.20992676973148902,0.1157574079202437,0.004707837164220438,0.2785931874826918,0.3458875657712545,0.3691498199944614,2.1042780748663104,0.4533582089552239,0.39552238805970147,0.41044776119402987,0.39925373134328357,0.13619402985074627,0.10634328358208955,0.5354477611940298,0.05037313432835821,0.44402985074626866
1.3811081185071181,0.0867403314917127,0.6050955414012739,0.07161458333333333,0.1962890625,0.16506477225240285,0.0062682824905975765,0.23220504248502577,0.48962251009889957,0.26438222593676,2.1616438356164385,0.4123173277661795,0.4613778705636743,0.3475991649269311,0.34237995824634654,0.10855949895615867,0.12108559498956159,0.48643006263048016,0.1649269311064718,0.4572025052192067
1.5401069518716577,0.16417910447761194,0.6363636363636364,0.031746031746031744,0.14285714285714285,0.14930555555555555,0.017361111111111112,0.2326388888888889,0.4618055555555556,0.3020833333333333,2.0,0.5128205128205128,0.3076923076923077,0.5384615384615384,0.41025641025641024,0.15384615384615385,0.1282051282051282,0.358974358974359,0.07692307692307693,0.358974358974359
1.8665338645418326,0.09337349397590361,0.5698924731182796,0.031091370558375634,0.16053299492385786,0.11654215581643543,0.0066168623265741725,0.18591248665955176,0.4053361792956243,0.3447171824973319,2.0544959128065394,0.5022692889561271,0.3615733736762481,0.49016641452344933,0.42208774583963693,0.1059001512859304,0.09833585476550681,0.43116490166414523,0.07261724659606657,0.4205748865355522
2.4210526315789473,0.07462686567164178,0.6,0.06315789473684211,0.14736842105263157,0.2484472049689441,0.003105590062111801,0.2857142857142857,0.2950310559006211,0.4192546583850932,1.975693338295696,0.3404255319148936,0.425531914893617,0.23404255319148937,0.3829787234042553,0.19148936170212766,0.23404255319148937,0.5319148936170213,0.23404255319148937,0.3191489361702128
2.0,0.09438775510204081,0.5945945945945946,0.036020583190394515,0.15265866209262435,0.12958843159065628,0.008342602892102336,0.26585094549499444,0.37764182424916576,0.3492769744160178,2.0836012861736335,0.46825396825396826,0.36507936507936506,0.46825396825396826,0.36507936507936506,0.14285714285714285,0.13095238095238096,0.47619047619047616,0.05555555555555555,0.4603174603174603
1.9944444444444445,0.047058823529411764,0.375,0.012145748987854251,0.145748987854251,0.09610027855153204,0.009749303621169917,0.2576601671309192,0.3467966573816156,0.38997214484679665,2.1298076923076925,0.42857142857142855,0.4642857142857143,0.5357142857142857,0.3482142857142857,0.08928571428571429,0.08928571428571429,0.4375,0.026785714285714284,0.5089285714285714
1.1243781094527363,0.15315315315315314,0.8235294117647058,0.12946428571428573,0.15625,0.19911504424778761,0.008849557522123894,0.2721238938053097,0.336283185840708,0.38495575221238937,1.9873417721518987,0.3225806451612903,0.5,0.1935483870967742,0.27419354838709675,0.06451612903225806,0.08064516129032258,0.45161290322580644,0.3548387096774194,0.46774193548387094
1.6263050847457627,0.09315169366715759,0.6047430830039525,0.05737704918032787,0.16544434857635892,0.19309654827413708,0.007170251792562948,0.22961480740370185,0.37652159413039854,0.36926796731699185,2.0819081908190817,0.32162325863113267,0.43912780133252577,0.45124167171411267,0.31798909751665655,0.21562689279224712,0.19624470018170806,0.4385221078134464,0.10841913991520291,0.4106602059357965
1.5684931506849316,0.14917127071823205,0.4074074074074074,0.07342657342657342,0.16433566433566432,0.15283842794759825,0.008733624454148471,0.31004366812227074,0.4002911208151383,0.27219796215429404,2.0508474576271185,0.49473684210526314,0.35789473684210527,0.4631578947368421,0.30526315789473685,0.1368421052631579,0.09473684210526316,0.4842105263157895,0.05263157894736842,0.5473684210526316
1.572149344096872,0.09893048128342247,0.43243243243243246,0.031096563011456628,0.1685761047463175,0.20474967907573813,0.005776636713735558,0.23491655969191272,0.44094993581514763,0.3061617458279846,2.1314984709480123,0.38181818181818183,0.39545454545454545,0.5136363636363637,0.39090909090909093,0.18636363636363637,0.1590909090909091,0.33636363636363636,0.1409090909090909,0.36818181818181817
1.921875,0.11764705882352941,0.7,0.03968253968253968,0.16666666666666666,0.3685636856368564,0.0027100271002710027,0.24390243902439024,0.39295392953929537,0.3523035230352303,2.160377358490566,0.18518518518518517,0.48148148148148145,0.3333333333333333,0.16666666666666666,0.2777777777777778,0.35185185185185186,0.25925925925925924,0.4074074074074074,0.46296296296296297
1.70875,0.07030759573132454,0.5803571428571429,0.07008410092110533,0.21425710853023627,0.08397951719092904,0.004681784930504755,0.24140453547915142,0.3938551572787125,0.35493782004389174,2.086146095717884,0.47337278106508873,0.43096646942800787,0.3698224852071006,0.41420118343195267,0.08284023668639054,0.08875739644970414,0.5759368836291914,0.05325443786982249,0.4418145956607495
1.4675834970530452,0.07017543859649122,0.5,0.0576271186440678,0.19661016949152543,0.10843373493975904,0.00535475234270415,0.24497991967871485,0.4390896921017403,0.3132530120481928,2.0257510729613735,0.4423076923076923,0.4326923076923077,0.3557692307692308,0.34615384615384615,0.125,0.14423076923076922,0.6153846153846154,0.028846153846153848,0.46153846153846156
1.5331010452961673,0.06372549019607843,0.6923076923076923,0.08288770053475936,0.29411764705882354,0.0625,0.006818181818181818,0.24772727272727274,0.38522727272727275,0.35795454545454547,2.0837004405286343,0.5,0.39344262295081966,0.45901639344262296,0.4098360655737705,0.08196721311475409,0.07377049180327869,0.4672131147540984,0.06557377049180328,0.4180327868852459
1.4851485148514851,0.07971014492753623,0.7272727272727273,0.03409090909090909,0.17803030303030304,0.20333333333333334,0.0016666666666666668,0.20333333333333334,0.48,0.3,1.9170731707317072,0.43243243243243246,0.2702702702702703,0.4864864864864865,0.2702702702702703,0.22972972972972974,0.1891891891891892,0.3918918918918919,0.12162162162162163,0.4594594594594595
1.3655536028119508,0.08620689655172414,0.5666666666666667,0.042709867452135494,0.24153166421207659,0.10296010296010295,0.009652509652509652,0.25868725868725867,0.3770913770913771,0.3404118404118404,2.006276150627615,0.5128205128205128,0.3435897435897436,0.37948717948717947,0.46153846153846156,0.11282051282051282,0.09743589743589744,0.5641025641025641,0.05641025641025641,0.3641025641025641
1.6918238993710693,0.21666666666666667,0.46153846153846156,0.0970873786407767,0.21359223300970873,0.20446096654275092,0.007434944237918215,0.29739776951672864,0.3828996282527881,0.29739776951672864,2.051282051282051,0.358974358974359,0.46153846153846156,0.23076923076923078,0.23076923076923078,0.1794871794871795,0.10256410256410256,0.5384615384615384,0.23076923076923078,0.6410256410256411
1.540022547914318,0.10948905109489052,0.6133333333333333,0.1049618320610687,0.16412213740458015,0.1705710102489019,0.008784773060029283,0.22657393850658858,0.39751098096632503,0.3583455344070278,2.0463576158940397,0.4477211796246649,0.3646112600536193,0.4155495978552279,0.38337801608579086,0.1742627345844504,0.15013404825737264,0.5040214477211796,0.08042895442359249,0.3806970509383378
1.6886486486486487,0.0975609756097561,0.6388888888888888,0.06980802792321117,0.2513089005235602,0.19590268886043533,0.008322663252240717,0.22535211267605634,0.4500640204865557,0.31049935979513443,2.1164383561643834,0.46956521739130436,0.3782608695652174,0.29130434782608694,0.3782608695652174,0.1391304347826087,0.14782608695652175,0.4260869565217391,0.2826086956521739,0.41304347826086957
1.6286644951140066,0.1322314049586777,0.6875,0.020618556701030927,0.13402061855670103,0.17,0.008,0.238,0.486,0.262,1.9936305732484076,0.28169014084507044,0.5633802816901409,0.39436619718309857,0.28169014084507044,0.14084507042253522,0.1267605633802817,0.5070422535211268,0.09859154929577464,0.49295774647887325
1.2274881516587677,0.13043478260869565,0.7777777777777778,0.1271186440677966,0.09322033898305085,0.10424710424710425,0.011583011583011582,0.23938223938223938,0.44015444015444016,0.29343629343629346,2.021978021978022,0.30303030303030304,0.36363636363636365,0.2727272727272727,0.48484848484848486,0.24242424242424243,0.06060606060606061,0.696969696969697,0.030303030303030304,0.36363636363636365
1.7740963855421688,0.0661764705882353,0.7777777777777778,0.06077348066298342,0.24861878453038674,0.20543293718166383,0.001697792869269949,0.11375212224108659,0.6587436332767402,0.22750424448217318,1.975693338295696,0.33,0.41,0.54,0.34,0.26,0.22,0.3,0.16,0.42
1.528428093645485,0.13839285714285715,0.6129032258064516,0.042134831460674156,0.12359550561797752,0.17177242888402625,0.005470459518599562,0.2549234135667396,0.4671772428884026,0.2713347921225383,2.089622641509434,0.28368794326241137,0.5035460992907801,0.3191489361702128,0.28368794326241137,0.1702127659574468,0.15602836879432624,0.5886524822695035,0.0851063829787234,0.48226950354609927
1.3604417670682731,0.11717495987158909,0.5616438356164384,0.010743801652892562,0.1859504132231405,0.4007380073800738,0.004059040590405904,0.2564575645756458,0.4114391143911439,0.3125461254612546,2.1043890865954924,0.13313609467455623,0.4437869822485207,0.3106508875739645,0.11242603550295859,0.3905325443786982,0.3668639053254438,0.1952662721893491,0.4911242603550296,0.4260355029585799
1.4961214902217852,0.08691701998788613,0.5574912891986062,0.07817884999093053,0.19045891529113004,0.12574850299401197,0.005914999269753176,0.2134511464875128,0.3703081641594859,0.39170439608587704,2.023282552457603,0.43369734789391573,0.4076963078523141,0.39729589183567343,0.36505460218408736,0.1357254290171607,0.11492459698387936,0.531461258450338,0.07072282891315652,0.44461778471138846
1.4522613065326633,0.1417910447761194,0.47368421052631576,0.015873015873015872,0.1626984126984127,0.13494809688581316,0.006920415224913495,0.2958477508650519,0.40484429065743943,0.28027681660899656,2.0736842105263156,0.32926829268292684,0.45121951219512196,0.5853658536585366,0.21951219512195122,0.18292682926829268,0.13414634146341464,0.32926829268292684,0.036585365853658534,0.573170731707317
1.2797927461139897,0.11864406779661017,0.5714285714285714,0.041666666666666664,0.13333333333333333,0.1862348178137652,0.020242914979757085,0.2631578947368421,0.3522267206477733,0.3603238866396761,2.3,0.13157894736842105,0.5,0.5789473684210527,0.18421052631578946,0.21052631578947367,0.13157894736842105,0.2631578947368421,0.15789473684210525,0.5263157894736842
1.435634328358209,0.08031088082901554,0.5806451612903226,0.07037643207855974,0.18003273322422259,0.1552956465237167,0.005198180636777128,0.19168291098115658,0.4866796621182586,0.3105912930474334,2.203804347826087,0.4482758620689655,0.3891625615763547,0.33004926108374383,0.39901477832512317,0.14285714285714285,0.10344827586206896,0.5369458128078818,0.12807881773399016,0.46798029556650245
2.4285714285714284,0.10294117647058823,0.5714285714285714,0.12087912087912088,0.12087912087912088,0.1437908496732026,0.0032679738562091504,0.2581699346405229,0.31699346405228757,0.41830065359477125,2.0617283950617282,0.22448979591836735,0.6326530612244898,0.673469387755102,0.2857142857142857,0.10204081632653061,0.14285714285714285,0.16326530612244897,0.16326530612244897,0.5102040816326531
1.2138728323699421,0.09032258064516129,0.7142857142857143,0.06785714285714285,0.20357142857142857,0.22380952380952382,0.0031746031746031746,0.20634920634920634,0.40476190476190477,0.36666666666666664,1.974025974025974,0.41379310344827586,0.3103448275862069,0.39080459770114945,0.3333333333333333,0.25287356321839083,0.19540229885057472,0.42528735632183906,0.1724137931034483,0.39080459770114945
1.4016350210970465,0.13380839271575615,0.5443786982248521,0.06579540333483551,0.1757548445245606,0.12361241768579492,0.013358419567262464,0.225964252116651,0.34675446848541863,0.3365945437441204,2.05103550295858,0.4579310344827586,0.40413793103448276,0.36551724137931035,0.39586206896551723,0.11586206896551725,0.11172413793103449,0.5641379310344827,0.0703448275862069,0.40413793103448276
1.597080291970803,0.0905587668593449,0.6382978723404256,0.057579318448883664,0.17861339600470036,0.1425959780621572,0.008226691042047532,0.21846435100548445,0.38482632541133455,0.3788848263254113,2.0135135135135136,0.431438127090301,0.3879598662207358,0.3277591973244147,0.3879598662207358,0.1505016722408027,0.12709030100334448,0.5785953177257525,0.08695652173913043,0.391304347826087
2.0252100840336134,0.07547169811320754,1.0,0.012048192771084338,0.1566265060240964,0.06224066390041494,0.02074688796680498,0.13692946058091288,0.42738589211618255,0.4315352697095436,2.0135135135135136,0.4117647058823529,0.4117647058823529,0.2647058823529412,0.4117647058823529,0.14705882352941177,0.0,0.7058823529411765,0.0,0.5
1.2787610619469028,0.10144927536231885,0.2857142857142857,0.05947955390334572,0.25650557620817843,0.12283737024221453,0.00865051903114187,0.22491349480968859,0.4290657439446367,0.3373702422145329,2.094736842105263,0.3150684931506849,0.5068493150684932,0.2876712328767123,0.3287671232876712,0.0821917808219178,0.0684931506849315,0.6164383561643836,0.0958904109589041,0.4383561643835616
1.701920192019202,0.091796875,0.5361702127659574,0.04248046875,0.1826171875,0.151873071837814,0.007315998237108858,0.23323049801674747,0.4092551784927281,0.3424416042309387,2.0814696485623,0.4731113956466069,0.3591549295774648,0.39564660691421255,0.36683738796414855,0.14980793854033292,0.13188220230473752,0.4942381562099872,0.10947503201024328,0.44622279129321385
1.485938521909745,0.1105072463768116,0.819672131147541,0.013157894736842105,0.1771255060728745,0.2262323943661972,0.0013204225352112676,0.3164612676056338,0.3824823943661972,0.29225352112676056,2.1230366492146597,0.21476510067114093,0.5033557046979866,0.3959731543624161,0.19798657718120805,0.2651006711409396,0.2684563758389262,0.4563758389261745,0.14093959731543623,0.4664429530201342
1.885135135135135,0.13114754098360656,0.5,0.011111111111111112,0.1,0.11469534050179211,0.0,0.17921146953405018,0.3763440860215054,0.43727598566308246,2.168831168831169,0.6046511627906976,0.3023255813953488,0.2558139534883721,0.5813953488372093,0.06976744186046512,0.09302325581395349,0.6511627906976745,0.06976744186046512,0.27906976744186046
2.1458333333333335,0.09207161125319693,0.6111111111111112,0.009917355371900827,0.1322314049586777,0.11165048543689321,0.0024271844660194173,0.2854368932038835,0.35825242718446604,0.3490291262135922,2.0403071017274472,0.5285171102661597,0.376425855513308,0.3269961977186312,0.42585551330798477,0.08745247148288973,0.09885931558935361,0.5893536121673004,0.07984790874524715,0.4372623574144487
0.8865153538050734,0.0962566844919786,0.5555555555555556,0.10223642172523961,0.20447284345047922,0.28012048192771083,0.004518072289156626,0.19578313253012047,0.4879518072289157,0.30120481927710846,2.0214285714285714,0.3111111111111111,0.37777777777777777,0.3,0.3,0.25555555555555554,0.23333333333333334,0.43333333333333335,0.26666666666666666,0.35555555555555557
1.3517587939698492,0.11764705882352941,1.0,0.11016949152542373,0.1016949152542373,0.1449814126394052,0.01486988847583643,0.3048327137546468,0.4163568773234201,0.25650557620817843,1.967032967032967,0.3157894736842105,0.5,0.2894736842105263,0.2894736842105263,0.10526315789473684,0.07894736842105263,0.5263157894736842,0.18421052631578946,0.5526315789473685
1.3745791245791246,0.08866995073891626,0.5833333333333334,0.05029585798816568,0.1908284023668639,0.16595223515003063,0.006736068585425597,0.22780159216166565,0.4556031843233313,0.2878138395590937,2.0709046454767726,0.39655172413793105,0.4482758620689655,0.3793103448275862,0.36637931034482757,0.14224137931034483,0.15948275862068967,0.44396551724137934,0.14224137931034483,0.43103448275862066
1.5781919850885369,0.07340862422997947,0.5804195804195804,0.06984375,0.19171875,0.259241762135349,0.0049013818353608124,0.2210346049368135,0.41549545293492385,0.35219085862761307,2.0805585392051555,0.28239763613338964,0.4457577036724356,0.3440270156184044,0.3081468974250739,0.2541156606162938,0.208104685521317,0.36091177712114814,0.2946390882228789,0.4314056563951034
1.7083333333333333,0.10071942446043165,0.5714285714285714,0.02631578947368421,0.22105263157894736,0.19887429643527205,0.005628517823639775,0.30956848030018763,0.3921200750469043,0.2851782363977486,2.195266272189349,0.44871794871794873,0.44871794871794873,0.20512820512820512,0.4358974358974359,0.10256410256410256,0.16666666666666666,0.46153846153846156,0.3333333333333333,0.3333333333333333
1.4260978670012547,0.12790697674418605,0.6136363636363636,0.10781318201658664,0.18812745525971192,0.15766320605314094,0.008974133380256906,0.18828083758578215,0.46313566778110155,0.3338025690656343,2.0378548895899056,0.4159178433889602,0.4326059050064185,0.362002567394095,0.3594351732991014,0.12965340179717585,0.15019255455712452,0.5006418485237484,0.13735558408215662,0.386392811296534
1.4839772471277315,0.1032517061421116,0.5668740279937792,0.022696446333303193,0.18098381408807307,0.15979430349722007,0.007666179623901782,0.27571680677052696,0.34894400273249965,0.34752082582212185,2.099974593495935,0.3816030426820679,0.4231581912945485,0.37216509367516554,0.3282152415833216,0.15903648401183265,0.13720242287646148,0.5189463304690801,0.10424003380757853,0.42527116495281025
1.3333333333333333,0.1417004048582996,0.6,0.07598039215686274,0.14705882352941177,0.16071428571428573,0.026260504201680673,0.2647058823529412,0.39705882352941174,0.3224789915966387,2.1379310344827585,0.37209302325581395,0.4108527131782946,0.3488372093023256,0.26356589147286824,0.14728682170542637,0.14728682170542637,0.5038759689922481,0.12403100775193798,0.4573643410852713
1.6975308641975309,0.13068181818181818,0.6086956521739131,0.08881578947368421,0.12828947368421054,0.2315151515151515,0.0048484848484848485,0.2678787878787879,0.4121212121212121,0.3054545454545455,1.9790794979079498,0.3008849557522124,0.4336283185840708,0.4336283185840708,0.25663716814159293,0.24778761061946902,0.23893805309734514,0.4336283185840708,0.13274336283185842,0.415929203539823
1.5856531049250535,0.13109756097560976,0.5581395348837209,0.023381294964028777,0.18525179856115107,0.08845374746792707,0.0054017555705604325,0.2714382174206617,0.3612424037812289,0.3565158676569885,2.0205479452054793,0.46634615384615385,0.42788461538461536,0.4423076923076923,0.44711538461538464,0.08653846153846154,0.09615384615384616,0.5192307692307693,0.028846153846153848,0.3798076923076923
1.0797872340425532,0.15789473684210525,0.5416666666666666,0.022792022792022793,0.23646723646723647,0.5402298850574713,0.008210180623973728,0.2315270935960591,0.47619047619047616,0.2627257799671593,2.1311475409836067,0.015873015873015872,0.31746031746031744,0.3492063492063492,0.047619047619047616,0.5873015873015873,0.42857142857142855,0.031746031746031744,0.6190476190476191,0.30158730158730157
1.3136792452830188,0.09386281588447654,0.6153846153846154,0.06557377049180328,0.25,0.15350089766606823,0.003590664272890485,0.22710951526032316,0.4488330341113106,0.31508078994614,2.140684410646388,0.39072847682119205,0.3973509933774834,0.4370860927152318,0.32450331125827814,0.17880794701986755,0.12582781456953643,0.4900662251655629,0.0728476821192053,0.46357615894039733
1.6219325153374233,0.10080645161290322,0.54,0.06666666666666667,0.16049382716049382,0.07375886524822695,0.005673758865248227,0.32056737588652484,0.38912529550827424,0.2822695035460993,2.0554699537750385,0.4267515923566879,0.4968152866242038,0.3471337579617834,0.37579617834394907,0.06687898089171974,0.0732484076433121,0.5987261146496815,0.054140127388535034,0.47770700636942676
1.3279569892473118,0.09090909090909091,0.3333333333333333,0.125,0.17708333333333334,0.17408906882591094,0.008097165991902834,0.145748987854251,0.6356275303643725,0.21862348178137653,1.975693338295696,0.4,0.34285714285714286,0.2571428571428571,0.45714285714285713,0.2,0.14285714285714285,0.6857142857142857,0.05714285714285714,0.34285714285714286
1.5312638580931264,0.10037641154328733,0.5875,0.04944649446494465,0.18745387453874537,0.11786852012742542,0.00810889081957718,0.23602664349840718,0.41905589342600635,0.3182739646684043,2.126068376068376,0.3952991452991453,0.45726495726495725,0.4594017094017094,0.29914529914529914,0.12393162393162394,0.11324786324786325,0.4700854700854701,0.06837606837606838,0.5256410256410257
1.3890675241157557,0.13636363636363635,0.5185185185185185,0.06158357771260997,0.20234604105571846,0.18981481481481483,0.008101851851851851,0.24305555555555555,0.3888888888888889,0.35648148148148145,2.104761904761905,0.26785714285714285,0.375,0.4642857142857143,0.21428571428571427,0.3125,0.20535714285714285,0.4732142857142857,0.0625,0.44642857142857145
1.6217948717948718,0.15625,0.4,0.0,0.12380952380952381,0.20553359683794467,0.003952569169960474,0.2845849802371542,0.49407114624505927,0.20948616600790515,1.9047619047619047,0.16129032258064516,0.41935483870967744,0.3548387096774194,0.3225806451612903,0.3870967741935484,0.0967741935483871,0.5483870967741935,0.0967741935483871,0.5483870967741935
1.1528239202657806,0.06329113924050633,0.8,0.08839779005524862,0.2265193370165746,0.19596541786743515,0.002881844380403458,0.1729106628242075,0.5100864553314121,0.27089337175792505,1.975693338295696,0.4444444444444444,0.3611111111111111,0.4722222222222222,0.3611111111111111,0.1388888888888889,0.2222222222222222,0.4722222222222222,0.05555555555555555,0.25
1.121627408993576,0.1130030959752322,0.6301369863013698,0.07692307692307693,0.17227564102564102,0.11798396334478808,0.002290950744558992,0.20618556701030927,0.41046200840015273,0.30469644902634596,2.033333333333333,0.43653250773993807,0.39009287925696595,0.3684210526315789,0.29102167182662536,0.15479876160990713,0.14860681114551083,0.5851393188854489,0.04643962848297214,0.47058823529411764
1.6487839433293978,0.08201544685546157,0.593423019431988,0.07097851666287103,0.18211493205799742,0.08750322229542004,0.006244092458396586,0.23661673302208347,0.3976455761464211,0.3442270787385788,1.9961276818419675,0.4886966778061726,0.41792805189699234,0.41006487124041674,0.41537251818360527,0.07902496559858463,0.07312758010615295,0.5415765677216434,0.047768822488696676,0.4525260467859249
1.8364485981308412,0.06772908366533864,0.7058823529411765,0.05714285714285714,0.15,0.11704834605597965,0.011874469889737066,0.2035623409669211,0.361323155216285,0.42832909245122985,2.0277777777777777,0.5031055900621118,0.36024844720496896,0.2795031055900621,0.4782608695652174,0.09937888198757763,0.07453416149068323,0.6024844720496895,0.10559006211180125,0.35403726708074534
1.8190709046454767,0.06077348066298342,0.6818181818181818,0.0777988614800759,0.10246679316888045,0.2264784946236559,0.005376344086021506,0.24663978494623656,0.4543010752688172,0.29301075268817206,2.0036363636363634,0.4017857142857143,0.375,0.3080357142857143,0.29464285714285715,0.19196428571428573,0.21428571428571427,0.4955357142857143,0.19642857142857142,0.42857142857142855
1.9484777517564402,0.0951993490642799,0.6153846153846154,0.05090909090909091,0.1496103896103896,0.10405219780219781,0.008928571428571428,0.21668956043956045,0.3894230769230769,0.36744505494505497,2.113993710691824,0.5212264150943396,0.3384433962264151,0.4186320754716981,0.4540094339622642,0.11910377358490566,0.11202830188679246,0.5283018867924528,0.05070754716981132,0.3643867924528302
1.0804597701149425,0.059322033898305086,0.5714285714285714,0.12396694214876033,0.1652892561983471,0.08723404255319149,0.0,0.09787234042553192,0.1148936170212766,0.1127659574468085,2.142857142857143,0.41818181818181815,0.43636363636363634,0.509090909090909,0.32727272727272727,0.14545454545454545,0.05454545454545454,0.4909090909090909,0.0,0.5454545454545454
1.316793893129771,0.0963855421686747,0.75,0.04,0.24,0.11304347826086956,0.011594202898550725,0.26956521739130435,0.4405797101449275,0.27246376811594203,2.168067226890756,0.3902439024390244,0.5609756097560976,0.2926829268292683,0.34146341463414637,0.024390243902439025,0.14634146341463414,0.6097560975609756,0.0975609756097561,0.4146341463414634
1.5221445221445222,0.08210526315789474,0.6666666666666666,0.015037593984962405,0.18295739348370926,0.14701378254211334,0.010209290454313425,0.22256253190403266,0.39356814701378257,0.36957631444614597,2.12241653418124,0.35051546391752575,0.4879725085910653,0.3848797250859107,0.33676975945017185,0.140893470790378,0.10309278350515463,0.49140893470790376,0.09965635738831616,0.47079037800687284
1.3281585860998328,0.09148936170212765,0.5658914728682171,0.0880718255664814,0.20436083796494228,0.1853983096565366,0.004315770544866032,0.2253191871965474,0.4258226937601151,0.32709944254630463,1.9854517611026035,0.4316185696361355,0.39523212045169387,0.3751568381430364,0.3877038895859473,0.15683814303638646,0.12547051442910917,0.4617314930991217,0.16311166875784192,0.41405269761606023
1.3181049069373942,0.08333333333333333,0.625,0.06510416666666667,0.11458333333333333,0.2092426187419769,0.0038510911424903724,0.28754813863928114,0.3748395378690629,0.29781771501925547,2.1544117647058822,0.3020833333333333,0.4583333333333333,0.40625,0.3020833333333333,0.22916666666666666,0.16666666666666666,0.3541666666666667,0.23958333333333334,0.4479166666666667
1.2245989304812834,0.037383177570093455,0.75,0.03017241379310345,0.1853448275862069,0.13973799126637554,0.002183406113537118,0.20305676855895197,0.42358078602620086,0.3537117903930131,2.165680473372781,0.4107142857142857,0.5,0.19642857142857142,0.3392857142857143,0.07142857142857142,0.14285714285714285,0.75,0.05357142857142857,0.48214285714285715
1.97979797979798,0.10638297872340426,0.4,0.12857142857142856,0.18571428571428572,0.1326530612244898,0.00510204081632653,0.21428571428571427,0.29591836734693877,0.4897959183673469,2.1016949152542375,0.4,0.5142857142857142,0.2,0.2571428571428571,0.05714285714285714,0.3142857142857143,0.6571428571428571,0.14285714285714285,0.34285714285714286
1.0528103767757875,0.08443908323281062,0.5571428571428572,0.059684684684684686,0.16328828828828829,0.15312408330888824,0.004693458492226459,0.1672044587855676,0.5224405984159578,0.2745673217952479,2.015174506828528,0.3675,0.445,0.3725,0.3125,0.175,0.1525,0.525,0.1025,0.43
1.7926587301587302,0.08135593220338982,0.6458333333333334,0.021134020618556702,0.19381443298969073,0.11750599520383694,0.006456373362848183,0.24737133370226896,0.3545471315255488,0.3076923076923077,2.0922730682670667,0.42701227830832195,0.4638472032742155,0.4324693042291951,0.37789904502046384,0.0927694406548431,0.10914051841746249,0.43383356070941337,0.13233287858117326,0.4406548431105048
1.4675581971272906,0.12121212121212122,0.6428571428571429,0.045183290707587385,0.1568627450980392,0.12588592642591967,0.004387445156935539,0.2521093486331421,0.3975700303746203,0.33378332770840363,2.0416124837451237,0.3269230769230769,0.4567307692307692,0.4543269230769231,0.3173076923076923,0.17307692307692307,0.1201923076923077,0.5048076923076923,0.038461538461538464,0.46875
1.7295081967213115,0.11320754716981132,0.4166666666666667,0.0,0.16184971098265896,0.0971563981042654,0.009478672985781991,0.31516587677725116,0.4194312796208531,0.24644549763033174,2.076923076923077,0.27586206896551724,0.6551724137931034,0.3448275862068966,0.3448275862068966,0.05172413793103448,0.05172413793103448,0.603448275862069,0.05172413793103448,0.5
1.4324324324324325,0.08256880733944955,0.6666666666666666,0.0625,0.17045454545454544,0.08490566037735849,0.0023584905660377358,0.2617924528301887,0.419811320754717,0.31839622641509435,2.0774647887323945,0.39344262295081966,0.5245901639344263,0.39344262295081966,0.36065573770491804,0.08196721311475409,0.11475409836065574,0.5737704918032787,0.03278688524590164,0.4918032786885246
1.498422712933754,0.09036144578313253,0.6,0.09369676320272573,0.16695059625212946,0.09263157894736843,0.009824561403508772,0.2596491228070175,0.4287719298245614,0.3031578947368421,2.14214463840399,0.39896373056994816,0.44559585492227977,0.45077720207253885,0.35751295336787564,0.13471502590673576,0.07253886010362694,0.5025906735751295,0.04145077720207254,0.5025906735751295
1.7666666666666666,0.13333333333333333,0.75,0.20437956204379562,0.26277372262773724,0.20215633423180593,0.01078167115902965,0.3450134770889488,0.2830188679245283,0.3692722371967655,1.9464285714285714,0.3148148148148148,0.4074074074074074,0.3333333333333333,0.2962962962962963,0.2222222222222222,0.2222222222222222,0.46296296296296297,0.2037037037037037,0.42592592592592593
1.576854810081647,0.08259449370041998,0.5706214689265536,0.08021077283372366,0.18032786885245902,0.18707789284106258,0.00675371454299865,0.20587573165240883,0.40826204412426836,0.35006753714543,2.0359348680516565,0.44025661587810744,0.35605453087409783,0.3440256615878107,0.3688853247794707,0.18283881315156375,0.1507618283881315,0.5108259823576584,0.14274258219727345,0.4081796311146752
1.38755980861244,0.08571428571428572,0.6666666666666666,0.14285714285714285,0.23015873015873015,0.15172413793103448,0.010344827586206896,0.33793103448275863,0.23103448275862068,0.41379310344827586,1.901098901098901,0.4864864864864865,0.35135135135135137,0.35135135135135137,0.2972972972972973,0.10810810810810811,0.1891891891891892,0.5405405405405406,0.10810810810810811,0.4594594594594595
2.1163793103448274,0.11009174311926606,0.75,0.09032258064516129,0.22580645161290322,0.08961303462321792,0.008146639511201629,0.3258655804480652,0.35234215885947046,0.3054989816700611,2.1048387096774195,0.45714285714285713,0.4,0.42857142857142855,0.35714285714285715,0.12857142857142856,0.05714285714285714,0.5142857142857142,0.05714285714285714,0.5285714285714286
1.3179972936400541,0.1341991341991342,0.45161290322580644,0.06481481481481481,0.16203703703703703,0.18275154004106775,0.008213552361396304,0.23716632443531827,0.337782340862423,0.40143737166324434,2.0955882352941178,0.4295774647887324,0.3380281690140845,0.49295774647887325,0.28169014084507044,0.2112676056338028,0.15492957746478872,0.4225352112676056,0.08450704225352113,0.4788732394366197
2.3252032520325203,0.1111111111111111,0.5,0.0,0.22448979591836735,0.05244755244755245,0.01048951048951049,0.3986013986013986,0.3776223776223776,0.21328671328671328,2.234567901234568,0.29545454545454547,0.6590909090909091,0.3181818181818182,0.3409090909090909,0.045454545454545456,0.045454545454545456,0.6136363636363636,0.06818181818181818,0.5227272727272727
1.5163398692810457,0.03508771929824561,1.0,0.09090909090909091,0.1919191919191919,0.3620689655172414,0.004310344827586207,0.24568965517241378,0.5129310344827587,0.22844827586206898,1.975693338295696,0.1,0.5666666666666667,0.3,0.06666666666666667,0.3,0.5333333333333333,0.4,0.26666666666666666,0.26666666666666666
1.5496688741721854,0.12962962962962962,0.42857142857142855,0.0851063829787234,0.30851063829787234,0.1794871794871795,0.01282051282051282,0.18803418803418803,0.5170940170940171,0.2606837606837607,1.975693338295696,0.34285714285714286,0.3142857142857143,0.45714285714285713,0.2571428571428571,0.2,0.17142857142857143,0.4857142857142857,0.05714285714285714,0.37142857142857144
1.6519823788546255,0.07526881720430108,0.8571428571428571,0.08783783783783784,0.16891891891891891,0.037333333333333336,0.010666666666666666,0.256,0.35733333333333334,0.384,2.041322314049587,0.5178571428571429,0.42857142857142855,0.2857142857142857,0.44642857142857145,0.05357142857142857,0.017857142857142856,0.6785714285714286,0.03571428571428571,0.44642857142857145
1.2708333333333333,0.10526315789473684,0.625,0.08904109589041095,0.1643835616438356,0.22950819672131148,0.006557377049180328,0.28524590163934427,0.36721311475409835,0.34098360655737703,2.25,0.1282051282051282,0.6666666666666666,0.3333333333333333,0.358974358974359,0.20512820512820512,0.1794871794871795,0.38461538461538464,0.28205128205128205,0.38461538461538464
1.6307837582625118,0.10443864229765012,0.4,0.07919254658385093,0.21428571428571427,0.14997104806022005,0.004632310364794441,0.25246091488129707,0.3584250144759699,0.38042848870874346,2.0144927536231885,0.4592274678111588,0.37339055793991416,0.351931330472103,0.41201716738197425,0.15879828326180256,0.14163090128755365,0.5579399141630901,0.09012875536480687,0.40772532188841204
2.06508875739645,0.21739130434782608,0.6,0.017241379310344827,0.15517241379310345,0.07163323782234957,0.011461318051575931,0.34097421203438394,0.25787965616045844,0.38968481375358166,2.1145833333333335,0.49019607843137253,0.3333333333333333,0.5686274509803921,0.37254901960784315,0.1568627450980392,0.09803921568627451,0.43137254901960786,0.0,0.47058823529411764
1.2873949579831934,0.10614525139664804,0.5263157894736842,0.018518518518518517,0.20899470899470898,0.12924281984334204,0.0039164490861618795,0.24412532637075718,0.40339425587467365,0.3342036553524804,2.1194029850746268,0.2857142857142857,0.5384615384615384,0.43956043956043955,0.38461538461538464,0.14285714285714285,0.12087912087912088,0.4945054945054945,0.06593406593406594,0.3956043956043956
1.8275862068965518,0.07352941176470588,0.8,0.05598755832037325,0.17262830482115085,0.1429388221841052,0.0017152658662092624,0.3018867924528302,0.361349342481418,0.32647226986849626,2.1452830188679246,0.3983402489626556,0.4605809128630705,0.3775933609958506,0.3900414937759336,0.12448132780082988,0.0954356846473029,0.4315352697095436,0.18672199170124482,0.4605809128630705
1.2842415316642122,0.15207373271889402,0.3939393939393939,0.050761421319796954,0.1751269035532995,0.1536697247706422,0.010321100917431193,0.25229357798165136,0.3704128440366973,0.36123853211009177,2.1331058020477816,0.2903225806451613,0.4274193548387097,0.3225806451612903,0.25806451612903225,0.22580645161290322,0.16129032258064516,0.5725806451612904,0.0967741935483871,0.46774193548387094
2.7142857142857144,0.1891891891891892,0.7142857142857143,0.0,0.10638297872340426,0.20526315789473684,0.010526315789473684,0.24736842105263157,0.3736842105263158,0.3736842105263158,2.2195121951219514,0.3,0.6,0.3333333333333333,0.26666666666666666,0.1,0.26666666666666666,0.5333333333333333,0.13333333333333333,0.4
1.7108843537414966,0.19298245614035087,0.45454545454545453,0.14450867052023122,0.10982658959537572,0.1411530815109344,0.005964214711729622,0.2823061630218688,0.40357852882703776,0.3081510934393638,2.112676056338028,0.3037974683544304,0.5063291139240507,0.45569620253164556,0.31645569620253167,0.17721518987341772,0.11392405063291139,0.45569620253164556,0.08860759493670886,0.46835443037974683
1.5364741641337385,0.13545816733067728,0.5,0.08173076923076923,0.17548076923076922,0.13353115727002968,0.009891196834817012,0.21068249258160238,0.34915924826904055,0.3867457962413452,2.0727272727272728,0.4142857142857143,0.35,0.40714285714285714,0.35,0.17857142857142858,0.10714285714285714,0.4357142857142857,0.15714285714285714,0.39285714285714285
1.4865309479745012,0.09486607142857142,0.611764705882353,0.062375580623755804,0.1678832116788321,0.2405588601466316,0.007746576289943284,0.24346382625536037,0.37875224789044126,0.36450408078572416,2.09753742153549,0.3293768545994065,0.42631058358061324,0.3827893175074184,0.2838773491592483,0.21562809099901087,0.19386745796241345,0.3649851632047478,0.24925816023738873,0.42631058358061324
1.3374961925068536,0.09824561403508772,0.6160714285714286,0.04844290657439446,0.17053880375679684,0.2236392621270781,0.005465725347301298,0.22045092234115235,0.4331587337736279,0.3108631291277613,1.9934156378600822,0.3466204506065858,0.3882149046793761,0.3708838821490468,0.32582322357019067,0.2218370883882149,0.18197573656845753,0.48180242634315423,0.14558058925476602,0.38648180242634317
1.610126582278481,0.10819672131147541,0.5757575757575758,0.03824091778202677,0.15487571701720843,0.15959119496855345,0.00550314465408805,0.235062893081761,0.35377358490566035,0.4001572327044025,2.019607843137255,0.39378238341968913,0.39896373056994816,0.42487046632124353,0.35233160621761656,0.16062176165803108,0.13989637305699482,0.46113989637305697,0.08808290155440414,0.41450777202072536
1.5666666666666667,0.049586776859504134,0.5,0.1179245283018868,0.08018867924528301,0.1102514506769826,0.007736943907156673,0.2862669245647969,0.35589941972920697,0.3230174081237911,2.0903614457831323,0.3968253968253968,0.4444444444444444,0.4603174603174603,0.30158730158730157,0.12698412698412698,0.06349206349206349,0.4444444444444444,0.09523809523809523,0.6190476190476191
1.5449438202247192,0.11842105263157894,0.8888888888888888,0.023809523809523808,0.23015873015873015,0.2690909090909091,0.0036363636363636364,0.32727272727272727,0.41454545454545455,0.2509090909090909,2.2708333333333335,0.28205128205128205,0.41025641025641024,0.1282051282051282,0.28205128205128205,0.23076923076923078,0.2564102564102564,0.6666666666666666,0.20512820512820512,0.28205128205128205
1.2564102564102564,0.11428571428571428,0.625,0.00847457627118644,0.11864406779661017,0.22108843537414966,0.0,0.2619047619047619,0.3741496598639456,0.35714285714285715,2.136842105263158,0.3684210526315789,0.34210526315789475,0.39473684210526316,0.39473684210526316,0.2894736842105263,0.18421052631578946,0.4473684210526316,0.15789473684210525,0.34210526315789475
1.3183520599250935,0.14772727272727273,0.8461538461538461,0.01744186046511628,0.1686046511627907,0.20170454545454544,0.005681818181818182,0.2897727272727273,0.3806818181818182,0.32386363636363635,2.193548387096774,0.20833333333333334,0.4375,0.5208333333333334,0.125,0.2708333333333333,0.20833333333333334,0.4166666666666667,0.0625,0.4583333333333333
1.5942028985507246,0.10543657331136738,0.46875,0.0741444866920152,0.17300380228136883,0.07727272727272727,0.00909090909090909,0.2617424242424242,0.42083333333333334,0.30492424242424243,2.052023121387283,0.41711229946524064,0.4732620320855615,0.4117647058823529,0.393048128342246,0.0748663101604278,0.0962566844919786,0.5481283422459893,0.040106951871657755,0.4304812834224599
1.355140186915888,0.1038961038961039,0.375,0.015151515151515152,0.17424242424242425,0.18620689655172415,0.0034482758620689655,0.22758620689655173,0.43103448275862066,0.3310344827586207,2.0849056603773586,0.6060606060606061,0.36363636363636365,0.2727272727272727,0.3939393939393939,0.030303030303030304,0.15151515151515152,0.5151515151515151,0.21212121212121213,0.45454545454545453
1.4090909090909092,0.09507042253521127,0.6296296296296297,0.017825311942959002,0.1622103386809269,0.17121588089330025,0.005789909015715467,0.2985938792390405,0.3813068651778329,0.2944582299421009,2.150717703349282,0.3561643835616438,0.3972602739726027,0.3972602739726027,0.2876712328767123,0.21232876712328766,0.13013698630136986,0.4383561643835616,0.14383561643835616,0.4589041095890411
1.7444933920704846,0.14590747330960854,0.5609756097560976,0.041758241758241756,0.13186813186813187,0.1893939393939394,0.017676767676767676,0.22053872053872053,0.3872053872053872,0.38047138047138046,2.1029023746701845,0.4371584699453552,0.31693989071038253,0.26229508196721313,0.29508196721311475,0.21311475409836064,0.2568306010928962,0.639344262295082,0.09836065573770492,0.3333333333333333
1.622722400857449,0.09530386740331492,0.5217391304347826,0.06902815622161672,0.17801998183469572,0.17437252311756934,0.009577278731836196,0.202443857331572,0.43659180977542933,0.35171730515191546,2.135014836795252,0.363013698630137,0.408675799086758,0.408675799086758,0.3584474885844749,0.18949771689497716,0.1552511415525114,0.5159817351598174,0.0730593607305936,0.410958904109589
1.2474654377880183,0.06661732050333087,0.6444444444444445,0.059274193548387095,0.18669354838709679,0.14407092722571113,0.004432951606944958,0.18544514222386405,0.48097524935352787,0.3110454377539712,2.1668597914252605,0.45290858725761773,0.3850415512465374,0.39196675900277006,0.3379501385041551,0.14265927977839335,0.1481994459833795,0.538781163434903,0.06509695290858726,0.46398891966759004
1.9024390243902438,0.1232876712328767,0.5555555555555556,0.04807692307692308,0.125,0.10576923076923077,0.01282051282051282,0.27884615384615385,0.3269230769230769,0.3717948717948718,1.9166666666666667,0.43478260869565216,0.45652173913043476,0.3695652173913043,0.4782608695652174,0.08695652173913043,0.06521739130434782,0.5869565217391305,0.043478260869565216,0.34782608695652173
1.5991902834008098,0.08823529411764706,0.4444444444444444,0.006211180124223602,0.20496894409937888,0.09113924050632911,0.005063291139240506,0.2379746835443038,0.4151898734177215,0.34430379746835443,1.9253731343283582,0.3508771929824561,0.5263157894736842,0.40350877192982454,0.2982456140350877,0.12280701754385964,0.08771929824561403,0.543859649122807,0.03508771929824561,0.5964912280701754
1.8038422649140546,0.06896551724137931,0.5,0.051643192488262914,0.162754303599374,0.22309417040358745,0.0036434977578475337,0.22954035874439463,0.4282511210762332,0.3352017937219731,2.098809523809524,0.3106212424849699,0.40080160320641284,0.32064128256513025,0.32665330661322645,0.27655310621242485,0.21442885771543085,0.5891783567134269,0.08817635270541083,0.4308617234468938
1.5051948051948052,0.1182548794489093,0.5048543689320388,0.08050847457627118,0.20903954802259886,0.14639056658038538,0.00805291918320391,0.23583549036525742,0.37992522289329883,0.363531780270348,2.049382716049383,0.42828685258964144,0.3745019920318725,0.3745019920318725,0.350597609561753,0.15737051792828685,0.14741035856573706,0.5398406374501992,0.08366533864541832,0.3944223107569721
1.5710263629383159,0.0664451827242525,0.6,0.06556050182112505,0.21651153379198704,0.27875529488432715,0.009449332029977192,0.19745845552297164,0.44265232974910396,0.2935809710003258,1.9327800829875519,0.309255079006772,0.3611738148984199,0.34198645598194133,0.23927765237020315,0.30248306997742663,0.3058690744920993,0.4503386004514673,0.20654627539503387,0.39164785553047404
1.4465020576131686,0.05263157894736842,0.5555555555555556,0.04895104895104895,0.13636363636363635,0.24466571834992887,0.012802275960170697,0.21763869132290184,0.4779516358463727,0.3015647226173542,2.1639344262295084,0.45544554455445546,0.3069306930693069,0.21782178217821782,0.45544554455445546,0.15841584158415842,0.2079207920792079,0.504950495049505,0.27722772277227725,0.24752475247524752
1.6826923076923077,0.10526315789473684,0.6666666666666666,0.06296296296296296,0.2074074074074074,0.18142857142857144,0.018571428571428572,0.22285714285714286,0.45714285714285713,0.3142857142857143,2.2830188679245285,0.3557692307692308,0.3269230769230769,0.40384615384615385,0.33653846153846156,0.2692307692307692,0.15384615384615385,0.47115384615384615,0.11538461538461539,0.3942307692307692
0.9981137159795204,0.11027837259100642,0.5048543689320388,0.08082901554404145,0.14974093264248706,0.21679265658747301,0.0021598272138228943,0.2591792656587473,0.46706263498920086,0.26106911447084236,1.911311053984576,0.22666666666666666,0.376,0.4,0.16266666666666665,0.336,0.37333333333333335,0.48,0.12,0.34933333333333333
1.1688654353562005,0.11206896551724138,0.6153846153846154,0.0,0.09433962264150944,0.22573363431151242,0.009029345372460496,0.2505643340857788,0.3747178329571106,0.35665914221218964,2.0069444444444446,0.47058823529411764,0.3333333333333333,0.23529411764705882,0.3137254901960784,0.1568627450980392,0.1568627450980392,0.5882352941176471,0.17647058823529413,0.4117647058823529
2.09279688513952,0.09375,0.6349206349206349,0.02814070351758794,0.18391959798994975,0.13178294573643412,0.008372093023255815,0.19193798449612404,0.35472868217054265,0.2725581395348837,2.105769230769231,0.5044444444444445,0.38666666666666666,0.3511111111111111,0.37555555555555553,0.09555555555555556,0.12,0.5066666666666667,0.14222222222222222,0.4622222222222222
1.7738095238095237,0.1271393643031785,0.5576923076923077,0.018072289156626505,0.1566265060240964,0.16834451901565994,0.012304250559284116,0.2550335570469799,0.3808724832214765,0.3573825503355705,2.1325301204819276,0.3333333333333333,0.4061302681992337,0.3946360153256705,0.3103448275862069,0.23754789272030652,0.1685823754789272,0.5325670498084292,0.06896551724137931,0.4099616858237548
1.0862998921251348,0.10358565737051793,0.5384615384615384,0.04397705544933078,0.20650095602294455,0.1807348560079444,0.0019860973187686196,0.27606752730883816,0.3753723932472691,0.3336643495531281,2.099601593625498,0.3333333333333333,0.42105263157894735,0.38596491228070173,0.18421052631578946,0.23684210526315788,0.21929824561403508,0.5614035087719298,0.05263157894736842,0.543859649122807
3.1206896551724137,0.1891891891891892,0.5714285714285714,0.14893617021276595,0.23404255319148937,0.12154696132596685,0.0055248618784530384,0.30386740331491713,0.287292817679558,0.40331491712707185,2.2,0.15625,0.625,0.75,0.21875,0.15625,0.125,0.125,0.125,0.5625
1.557092058474911,0.09229098805646037,0.5764705882352941,0.059845559845559844,0.14157014157014158,0.15605176351179903,0.009134737376300432,0.2270997208830246,0.40776452676985536,0.34534382136513575,2.111842105263158,0.39404553415061294,0.37828371278458844,0.4168126094570928,0.3397548161120841,0.19614711033274956,0.159369527145359,0.5166374781085814,0.06654991243432574,0.4343257443082312
1.8257261410788381,0.15151515151515152,0.6666666666666666,0.026143790849673203,0.11764705882352941,0.20454545454545456,0.01818181818181818,0.30227272727272725,0.33636363636363636,0.3522727272727273,2.0166666666666666,0.16071428571428573,0.6785714285714286,0.5,0.17857142857142858,0.16071428571428573,0.21428571428571427,0.2857142857142857,0.19642857142857142,0.5357142857142857
1.3940677966101696,0.0821917808219178,0.5,0.07407407407407407,0.31851851851851853,0.09422492401215805,0.0121580547112462,0.2948328267477204,0.3586626139817629,0.3282674772036474,1.894736842105263,0.5263157894736842,0.39473684210526316,0.47368421052631576,0.4473684210526316,0.05263157894736842,0.02631578947368421,0.5,0.02631578947368421,0.47368421052631576
1.3849779086892489,0.09059233449477352,0.46153846153846156,0.10363247863247864,0.202991452991453,0.13526159081242026,0.013185878349638452,0.20204168438962145,0.4917056571671629,0.2788175244576776,2.0164705882352942,0.5181818181818182,0.35,0.39090909090909093,0.353030303030303,0.10909090909090909,0.1393939393939394,0.5242424242424243,0.08484848484848485,0.42727272727272725
1.701834862385321,0.15730337078651685,0.42857142857142855,0.0,0.14285714285714285,0.18059299191374664,0.005390835579514825,0.215633423180593,0.42048517520215634,0.3611859838274933,2.0720720720720722,0.46296296296296297,0.35185185185185186,0.2777777777777778,0.4074074074074074,0.12962962962962962,0.2037037037037037,0.5370370370370371,0.18518518518518517,0.2962962962962963
1.1273465246067986,0.08957654723127036,0.5272727272727272,0.10899470899470899,0.2804232804232804,0.16021602160216022,0.0036003600360036,0.15706570657065708,0.6048604860486049,0.2376237623762376,2.125,0.4817073170731707,0.3384146341463415,0.3475609756097561,0.3932926829268293,0.17378048780487804,0.17073170731707318,0.600609756097561,0.051829268292682924,0.3597560975609756
1.6468531468531469,0.11504424778761062,0.5384615384615384,0.01098901098901099,0.17582417582417584,0.12526539278131635,0.012738853503184714,0.21231422505307856,0.40764331210191085,0.37367303609341823,2.1156462585034013,0.4246575342465753,0.3835616438356164,0.4794520547945205,0.3972602739726027,0.136986301369863,0.0958904109589041,0.4657534246575342,0.0547945205479452,0.4246575342465753
1.3498542274052479,0.06824925816023739,0.34782608695652173,0.06228373702422145,0.2560553633217993,0.051115910727141826,0.003599712023038157,0.21166306695464362,0.3542116630669546,0.25341972642188626,1.9018691588785046,0.489247311827957,0.46236559139784944,0.4032258064516129,0.45161290322580644,0.04838709677419355,0.04838709677419355,0.5806451612903226,0.016129032258064516,0.4731182795698925
1.6174365647364997,0.15384615384615385,0.5930232558139535,0.12136929460580913,0.10995850622406639,0.13193885760257443,0.010458567980691875,0.3133547868061142,0.334271922767498,0.33266291230893,2.104321907600596,0.45429362880886426,0.40166204986149584,0.39335180055401664,0.37119113573407203,0.12465373961218837,0.09695290858725762,0.4930747922437673,0.11357340720221606,0.44321329639889195
1.7103664921465969,0.09349195241427571,0.5898203592814372,0.07620476905119226,0.1434884108721027,0.14335129178400882,0.007622137871923595,0.24868372719480838,0.36907677237663766,0.35221011387290313,2.023161080074488,0.46297107800175286,0.3773006134969325,0.4255039439088519,0.3578001752848379,0.13650306748466257,0.13650306748466257,0.47370727432077125,0.09947414548641542,0.44631901840490795
1.3663453111305872,0.08011049723756906,0.6206896551724138,0.04153846153846154,0.1523076923076923,0.18729955099422707,0.006414368184733804,0.26363053239255935,0.3758819756254009,0.3373957665169981,2.092643051771117,0.4018264840182648,0.4246575342465753,0.2557077625570776,0.2785388127853881,0.1598173515981735,0.1461187214611872,0.6027397260273972,0.1415525114155251,0.4977168949771689
1.5975609756097562,0.04487179487179487,0.5714285714285714,0.007518796992481203,0.18796992481203006,0.16946564885496182,0.0015267175572519084,0.1801526717557252,0.38778625954198476,0.4259541984732824,2.0917874396135265,0.425531914893617,0.3723404255319149,0.5,0.5531914893617021,0.20212765957446807,0.11702127659574468,0.43617021276595747,0.06382978723404255,0.26595744680851063
1.0965909090909092,0.1414141414141414,0.7142857142857143,0.020942408376963352,0.225130890052356,0.18393782383419688,0.0,0.24611398963730569,0.4119170984455959,0.3160621761658031,2.072463768115942,0.23529411764705882,0.39215686274509803,0.39215686274509803,0.3137254901960784,0.29411764705882354,0.27450980392156865,0.49019607843137253,0.11764705882352941,0.21568627450980393
1.4924731182795699,0.06470588235294118,0.6363636363636364,0.1,0.13508771929824562,0.0936599423631124,0.012247838616714697,0.2420749279538905,0.38976945244956773,0.33645533141210376,1.964705882352941,0.4594594594594595,0.43243243243243246,0.3783783783783784,0.4594594594594595,0.07567567567567568,0.08648648648648649,0.5621621621621622,0.05945945945945946,0.372972972972973
1.4313725490196079,0.09090909090909091,0.4,0.10989010989010989,0.25274725274725274,0.2009132420091324,0.0,0.2100456621004566,0.4611872146118721,0.2968036529680365,1.975693338295696,0.36666666666666664,0.3333333333333333,0.26666666666666666,0.3333333333333333,0.3,0.16666666666666666,0.6333333333333333,0.1,0.43333333333333335
1.7905405405405406,0.23008849557522124,0.46153846153846156,0.125,0.18478260869565216,0.03962264150943396,0.005660377358490566,0.18490566037735848,0.5622641509433962,0.23018867924528302,1.975693338295696,0.6133333333333333,0.3333333333333333,0.44,0.5466666666666666,0.05333333333333334,0.06666666666666667,0.56,0.0,0.32
1.4065281899109792,0.06233766233766234,0.6666666666666666,0.06237322515212982,0.16024340770791076,0.1569620253164557,0.0031645569620253164,0.22447257383966246,0.440084388185654,0.3206751054852321,2.0583115752828545,0.44272445820433437,0.3993808049535604,0.43188854489164086,0.4040247678018576,0.13622291021671826,0.14551083591331268,0.45975232198142413,0.10681114551083591,0.40092879256965946
1.484149855907781,0.13157894736842105,0.4,0.05581395348837209,0.13953488372093023,0.2,0.005825242718446602,0.23300970873786409,0.4097087378640777,0.3339805825242718,2.03680981595092,0.38235294117647056,0.47058823529411764,0.4411764705882353,0.2647058823529412,0.14705882352941177,0.08823529411764706,0.4117647058823529,0.14705882352941177,0.6029411764705882
1.6007067137809188,0.07894736842105263,0.7777777777777778,0.0,0.13368983957219252,0.18543046357615894,0.0,0.3090507726269316,0.37748344370860926,0.31346578366445915,2.163265306122449,0.203125,0.609375,0.40625,0.140625,0.171875,0.203125,0.453125,0.140625,0.609375
1.8961937716262975,0.10743801652892562,0.5384615384615384,0.005376344086021506,0.21774193548387097,0.16697080291970803,0.0,0.21076642335766424,0.37135036496350365,0.40602189781021897,2.1172638436482085,0.4779874213836478,0.3522012578616352,0.29559748427672955,0.4339622641509434,0.14465408805031446,0.11320754716981132,0.5031446540880503,0.1949685534591195,0.3584905660377358
1.7568870523415978,0.12939297124600638,0.5432098765432098,0.07651991614255765,0.1289308176100629,0.17444139553116425,0.012152097216777734,0.2830262642101137,0.3978831830654645,0.30145041160329283,2.0707070707070705,0.30971128608923887,0.48293963254593175,0.4094488188976378,0.31496062992125984,0.1679790026246719,0.15223097112860892,0.4776902887139108,0.11023622047244094,0.4566929133858268
1.4392298435619735,0.08080808080808081,0.5416666666666666,0.04526748971193416,0.24074074074074073,0.10367892976588629,0.004180602006688963,0.20652173913043478,0.45568561872909696,0.3319397993311037,2.142857142857143,0.4491017964071856,0.4431137724550898,0.3772455089820359,0.33532934131736525,0.10179640718562874,0.12574850299401197,0.5568862275449101,0.059880239520958084,0.5029940119760479
1.4179104477611941,0.14432989690721648,0.6785714285714286,0.07407407407407407,0.15384615384615385,0.15,0.002631578947368421,0.25263157894736843,0.3355263157894737,0.3907894736842105,2.008403361344538,0.4174757281553398,0.3786407766990291,0.3786407766990291,0.3106796116504854,0.11650485436893204,0.13592233009708737,0.4563106796116505,0.1650485436893204,0.3883495145631068
1.2029988465974626,0.05555555555555555,0.3333333333333333,0.11064718162839249,0.162839248434238,0.11984659635666348,0.004793863854266539,0.236816874400767,0.36337488015340363,0.39884947267497606,2.0545977011494254,0.4965986394557823,0.3401360544217687,0.3945578231292517,0.42857142857142855,0.14965986394557823,0.12244897959183673,0.5510204081632653,0.05442176870748299,0.38095238095238093
1.4780564263322884,0.10043668122270742,0.6521739130434783,0.07692307692307693,0.16445623342175067,0.176033934252386,0.006362672322375398,0.23860021208907742,0.40721102863202546,0.34782608695652173,2.0791666666666666,0.3617021276595745,0.48226950354609927,0.3546099290780142,0.22695035460992907,0.14893617021276595,0.18439716312056736,0.524822695035461,0.10638297872340426,0.5390070921985816
1.6324027072758038,0.07252912438932732,0.6424870466321243,0.07262813522355507,0.152453653217012,0.1301718925455645,0.006219227779217414,0.2960179666580289,0.363565690593418,0.31096138896087067,2.0242424242424244,0.36204819277108435,0.4807228915662651,0.3849397590361446,0.3759036144578313,0.13253012048192772,0.12349397590361445,0.5385542168674698,0.07530120481927711,0.4355421686746988
2.142857142857143,0.07692307692307693,0.5,0.0,0.23684210526315788,0.08888888888888889,0.0,0.22666666666666666,0.4222222222222222,0.3422222222222222,2.0,0.30303030303030304,0.6363636363636364,0.6666666666666666,0.42424242424242425,0.06060606060606061,0.06060606060606061,0.2727272727272727,0.06060606060606061,0.48484848484848486
1.218978102189781,0.13513513513513514,0.8,0.12101910828025478,0.18471337579617833,0.18862275449101795,0.005988023952095809,0.2245508982035928,0.4431137724550898,0.2874251497005988,2.0277777777777777,0.45,0.375,0.45,0.375,0.175,0.15,0.475,0.075,0.375
1.088111888111888,0.06263269639065817,0.6101694915254238,0.08060453400503778,0.19546599496221662,0.16683804627249357,0.002056555269922879,0.15809768637532134,0.489974293059126,0.25938303341902313,1.967741935483871,0.36384976525821594,0.431924882629108,0.29577464788732394,0.2981220657276995,0.1784037558685446,0.14553990610328638,0.5352112676056338,0.15023474178403756,0.4953051643192488
1.5210267613326052,0.10047095761381476,0.515625,0.07744433688286544,0.15876089060987417,0.2096947935368043,0.006104129263913824,0.21831238779174147,0.4161579892280072,0.3576301615798923,2.0289115646258504,0.5052083333333334,0.3203125,0.3828125,0.4322916666666667,0.15364583333333334,0.16927083333333334,0.4192708333333333,0.19791666666666666,0.3333333333333333
1.2981366459627328,0.059113300492610835,0.7083333333333334,0.11228533685601057,0.16512549537648613,0.07894736842105263,0.0029904306220095694,0.24700956937799043,0.39712918660287083,0.3492822966507177,2.0905982905982907,0.4099099099099099,0.4594594594594595,0.44144144144144143,0.36486486486486486,0.11711711711711711,0.0990990990990991,0.545045045045045,0.013513513513513514,0.4594594594594595
1.8091959129275876,0.09857612267250822,0.6166666666666667,0.09274193548387097,0.17375366568914957,0.1489257213014119,0.008103130755064457,0.21731123388581952,0.41645181092694905,0.35862492326580725,2.094543147208122,0.46321070234113715,0.3896321070234114,0.33612040133779264,0.3979933110367893,0.13210702341137123,0.12123745819397994,0.5459866220735786,0.112876254180602,0.41555183946488294
1.8105147864184008,0.1414141414141414,0.6428571428571429,0.05387205387205387,0.14814814814814814,0.16212946158499697,0.017543859649122806,0.20931639443436176,0.37084089534180276,0.40834845735027225,2.0634146341463415,0.4246031746031746,0.3412698412698413,0.5158730158730159,0.32142857142857145,0.1746031746031746,0.16666666666666666,0.4007936507936508,0.08333333333333333,0.4007936507936508
1.4997053624042427,0.12032520325203253,0.6216216216216216,0.018779342723004695,0.1568075117370892,0.2554027504911591,0.009823182711198428,0.2412573673870334,0.4011787819253438,0.34577603143418467,2.1208920187793425,0.2764227642276423,0.4254742547425474,0.41192411924119243,0.24661246612466126,0.2682926829268293,0.2222222222222222,0.3821138211382114,0.1951219512195122,0.4444444444444444
1.5470826112073945,0.103397341211226,0.5428571428571428,0.03345070422535211,0.16725352112676056,0.23637042569081404,0.009708737864077669,0.22180731889469754,0.37752053771471245,0.388722927557879,2.0662100456621006,0.3547486033519553,0.40502793296089384,0.39664804469273746,0.276536312849162,0.21787709497206703,0.1787709497206704,0.30726256983240224,0.29329608938547486,0.44972067039106145
1.4072237960339944,0.07439824945295405,0.5588235294117647,0.04413472706155633,0.20789779326364694,0.11927528938097634,0.0035228988424760945,0.25666834423754403,0.3663814796175138,0.3568193256165073,2.0509868421052633,0.4847328244274809,0.3969465648854962,0.31679389312977096,0.3893129770992366,0.10687022900763359,0.08015267175572519,0.5916030534351145,0.0916030534351145,0.48854961832061067
0.9446366782006921,0.15441176470588236,0.3333333333333333,0.01904761904761905,0.17142857142857143,0.10073260073260074,0.01098901098901099,0.17399267399267399,0.5274725274725275,0.23992673992673993,2.1699346405228757,0.3076923076923077,0.38461538461538464,0.40384615384615385,0.40384615384615385,0.21153846153846154,0.038461538461538464,0.46153846153846156,0.09615384615384616,0.40384615384615385
1.8448702101359704,0.0818452380952381,0.5272727272727272,0.055611729019211326,0.2012133468149646,0.13467336683417086,0.011725293132328308,0.22680067001675042,0.3932998324958124,0.35343383584589616,1.9379084967320261,0.4288840262582057,0.4223194748358862,0.48358862144420134,0.3610503282275711,0.13785557986870897,0.11159737417943107,0.40043763676148797,0.11597374179431072,0.4682713347921225
1.5331102079846999,0.09494949494949495,0.6028368794326241,0.07843910130074892,0.19195900670082774,0.12926867300795258,0.004989864338063309,0.2607204116638079,0.3544363012630594,0.3708092936223296,2.1260504201680672,0.4348302300109529,0.42278203723986857,0.3877327491785323,0.34720700985761227,0.13472070098576122,0.13143483023001096,0.5585980284775466,0.05147864184008762,0.45454545454545453
1.3983606557377048,0.1336405529953917,0.5172413793103449,0.10869565217391304,0.14673913043478262,0.12192262602579132,0.01406799531066823,0.24501758499413834,0.3821805392731536,0.365767878077374,2.128099173553719,0.38596491228070173,0.45614035087719296,0.5,0.3157894736842105,0.14035087719298245,0.15789473684210525,0.45614035087719296,0.03508771929824561,0.42105263157894735
1.3524904214559388,0.10112359550561797,0.8888888888888888,0.023952095808383235,0.1437125748502994,0.20679886685552407,0.0,0.21813031161473087,0.46458923512747874,0.3031161473087819,2.1743119266055047,0.37254901960784315,0.43137254901960786,0.35294117647058826,0.35294117647058826,0.17647058823529413,0.1568627450980392,0.43137254901960786,0.21568627450980393,0.43137254901960786
1.4804928131416837,0.09939759036144578,0.6060606060606061,0.045,0.19166666666666668,0.1539528432732316,0.009015256588072122,0.2510402219140083,0.3925104022191401,0.3509015256588072,2.0714285714285716,0.35751295336787564,0.45077720207253885,0.35751295336787564,0.39378238341968913,0.15025906735751296,0.12953367875647667,0.49222797927461137,0.12953367875647667,0.38341968911917096
1.6358318890814558,0.08522727272727272,0.52,0.06514773940904237,0.18867924528301888,0.252152032843332,0.004900013243279036,0.2561250165540988,0.3935902529466296,0.3414117335452258,2.10260336906585,0.3836363636363636,0.39,0.28454545454545455,0.36,0.20454545454545456,0.19,0.39090909090909093,0.32272727272727275,0.4027272727272727
1.3192307692307692,0.031914893617021274,0.6666666666666666,0.03550295857988166,0.09467455621301775,0.07580174927113703,0.0058309037900874635,0.26239067055393583,0.34402332361516036,0.3819241982507289,1.8898305084745763,0.36585365853658536,0.4634146341463415,0.6341463414634146,0.1951219512195122,0.04878048780487805,0.17073170731707318,0.24390243902439024,0.07317073170731707,0.5121951219512195
1.446431056073466,0.0815195884447962,0.6092233009708737,0.07632204733325784,0.16091042916996942,0.16146409504112355,0.006877976047328171,0.22110528594103218,0.38285796738973593,0.36501370785436005,2.0049407114624507,0.40484550561797755,0.4080056179775281,0.425561797752809,0.35463483146067415,0.14992977528089887,0.13026685393258428,0.45962078651685395,0.11376404494382023,0.4220505617977528
2.1990291262135924,0.08376963350785341,0.8125,0.007326007326007326,0.18315018315018314,0.3741721854304636,0.005518763796909493,0.22737306843267108,0.39624724061810157,0.3686534216335541,2.074235807860262,0.23622047244094488,0.4566929133858268,0.29133858267716534,0.2283464566929134,0.28346456692913385,0.3543307086614173,0.2283464566929134,0.48031496062992124,0.3700787401574803
1.1420518602029313,0.03787878787878788,0.8,0.05636743215031315,0.17118997912317327,0.2704837117472853,0.003948667324777887,0.22211253701875616,0.39881539980256664,0.32773938795656465,1.9578313253012047,0.22058823529411764,0.35294117647058826,0.39705882352941174,0.22058823529411764,0.36764705882352944,0.3088235294117647,0.4264705882352941,0.17647058823529413,0.4117647058823529
1.2986564772587206,0.10637465780211185,0.5330882352941176,0.027455765710799267,0.16066707341875128,0.20178435839028094,0.003416856492027335,0.244874715261959,0.4035687167805619,0.33883826879271073,2.0707861908906295,0.28707782672540383,0.42290748898678415,0.40308370044052866,0.28634361233480177,0.24669603524229075,0.19676945668135096,0.47944199706314244,0.11086637298091043,0.4045521292217327
1.4801512287334593,0.0989010989010989,0.5555555555555556,0.09090909090909091,0.19122257053291536,0.09195402298850575,0.005108556832694764,0.25798212005108556,0.38697318007662834,0.34610472541507026,2.110599078341014,0.5304347826086957,0.33043478260869563,0.3217391304347826,0.41739130434782606,0.12173913043478261,0.11304347826086956,0.6695652173913044,0.008695652173913044,0.3826086956521739
1.5122465828823044,0.08878876225815001,0.5253731343283582,0.07463630613535736,0.1864326375711575,0.12775250227479526,0.007643312101910828,0.22195935699120412,0.4118289353958144,0.3281164695177434,2.0711620469083156,0.4658599827139153,0.39628349178910977,0.428694900605013,0.3902333621434745,0.11408815903197926,0.11711322385479689,0.49006050129645634,0.08124459809853068,0.42696629213483145
1.5188323917137476,0.09366391184573003,0.4411764705882353,0.03823529411764706,0.15735294117647058,0.2560446373217607,0.007439553626782393,0.23000619962802232,0.42343459392436456,0.32982021078735274,2.026694045174538,0.3933649289099526,0.4075829383886256,0.3222748815165877,0.3696682464454976,0.16587677725118483,0.22748815165876776,0.3933649289099526,0.2843601895734597,0.3459715639810427
1.3738396624472573,0.0599250936329588,0.5833333333333334,0.033852403520649964,0.15368991198375084,0.19656019656019655,0.0012285012285012285,0.21099508599508598,0.3402948402948403,0.35503685503685506,2.1026785714285716,0.34352941176470586,0.36,0.35294117647058826,0.3035294117647059,0.2564705882352941,0.21411764705882352,0.5458823529411765,0.09176470588235294,0.4117647058823529
1.0815602836879432,0.0379746835443038,0.6666666666666666,0.045112781954887216,0.15037593984962405,0.25245901639344265,0.003278688524590164,0.2459016393442623,0.4918032786885246,0.24918032786885247,1.9518072289156627,0.325,0.525,0.475,0.375,0.1,0.25,0.325,0.15,0.35
1.195,0.16017316017316016,0.3783783783783784,0.032454361054766734,0.15821501014198783,0.17259414225941422,0.012552301255230125,0.23221757322175732,0.3619246861924686,0.36715481171548114,2.0371517027863777,0.40707964601769914,0.415929203539823,0.2831858407079646,0.3008849557522124,0.13274336283185842,0.1504424778761062,0.6017699115044248,0.10619469026548672,0.415929203539823
1.409356725146199,0.05263157894736842,0.3333333333333333,0.1346153846153846,0.1346153846153846,0.08713692946058091,0.016597510373443983,0.2697095435684647,0.35684647302904565,0.34439834024896265,2.0253164556962027,0.3333333333333333,0.5833333333333334,0.25,0.25,0.08333333333333333,0.1111111111111111,0.6666666666666666,0.08333333333333333,0.5277777777777778
1.4392033542976939,0.03184713375796178,0.4,0.016366612111292964,0.19312602291325695,0.27093954843408596,0.003641660597232338,0.20975965040058267,0.4071376547705754,0.2920611798980335,2.0876288659793816,0.3163841807909605,0.384180790960452,0.3107344632768362,0.2655367231638418,0.2937853107344633,0.2824858757062147,0.5141242937853108,0.1638418079096045,0.4180790960451977
1.1088082901554404,0.1509433962264151,0.25,0.027522935779816515,0.1926605504587156,0.04205607476635514,0.018691588785046728,0.22897196261682243,0.411214953271028,0.34579439252336447,2.1511627906976742,0.5161290322580645,0.3225806451612903,0.41935483870967744,0.45161290322580644,0.03225806451612903,0.0,0.4838709677419355,0.03225806451612903,0.45161290322580644
1.3591854419410745,0.09149484536082474,0.5211267605633803,0.07811348563006633,0.1694915254237288,0.11699075549888428,0.005100414408670704,0.23844437360535545,0.38954415046222507,0.35926043991074275,2.113907284768212,0.48243559718969553,0.3395784543325527,0.4309133489461358,0.35362997658079626,0.14754098360655737,0.11241217798594848,0.5175644028103045,0.0468384074941452,0.4238875878220141
1.807443365695793,0.08875739644970414,0.6666666666666666,0.014647137150466045,0.16378162450066577,0.11011638316920322,0.008057296329453895,0.23634735899731424,0.36794986571172783,0.3845120859444942,2.0782747603833864,0.40057636887608067,0.4438040345821326,0.5619596541786743,0.3659942363112392,0.12968299711815562,0.09510086455331412,0.3746397694524496,0.05763688760806916,0.43804034582132567
1.559506875296349,0.0909466721785862,0.5863636363636363,0.0975609756097561,0.19432661717921526,0.13783318131144218,0.005472788081483734,0.23857302118171683,0.36089996959562176,0.3803587716631195,2.075702075702076,0.4850640113798009,0.3783783783783784,0.3634423897581792,0.3783783783783784,0.10668563300142248,0.1251778093883357,0.5384068278805121,0.09743954480796586,0.41251778093883357
1.1363636363636365,0.09340659340659341,0.5294117647058824,0.07012987012987013,0.19480519480519481,0.14206896551724138,0.002758620689655172,0.2620689655172414,0.42482758620689653,0.3062068965517241,2.117021276595745,0.30864197530864196,0.3950617283950617,0.2839506172839506,0.24691358024691357,0.2345679012345679,0.13580246913580246,0.6419753086419753,0.06172839506172839,0.4691358024691358
1.4334600760456273,0.05063291139240506,1.0,0.11731843575418995,0.07262569832402235,0.10610079575596817,0.0,0.2838196286472148,0.40583554376657827,0.2864721485411141,1.975693338295696,0.3953488372093023,0.4418604651162791,0.4418604651162791,0.23255813953488372,0.16279069767441862,0.09302325581395349,0.4883720930232558,0.06976744186046512,0.6511627906976745
1.3485915492957747,0.010526315789473684,1.0,0.11904761904761904,0.047619047619047616,0.09921671018276762,0.007832898172323759,0.2898172323759791,0.4360313315926893,0.26631853785900783,1.975693338295696,0.34,0.6,0.3,0.36,0.04,0.12,0.62,0.08,0.46
1.4447225698790154,0.0695754716981132,0.635593220338983,0.07300073367571533,0.1922230374174615,0.18278948888247185,0.004909038406006353,0.2593127346231591,0.47184522090672826,0.25758013283280395,2.137006701414743,0.39082751744765704,0.4107676969092722,0.26520438683948155,0.357926221335992,0.18943170488534397,0.17846460618145563,0.6301096709870389,0.10269192422731804,0.4127617148554337
1.265,0.11842105263157894,0.4603174603174603,0.05956678700361011,0.1624548736462094,0.16600790513833993,0.007905138339920948,0.1888449714536671,0.4189723320158103,0.2810715854194115,2.004934210526316,0.3175182481751825,0.46715328467153283,0.36496350364963503,0.2956204379562044,0.19343065693430658,0.15328467153284672,0.5401459854014599,0.0948905109489051,0.44525547445255476
1.4199288256227758,0.09278350515463918,0.5555555555555556,0.03296703296703297,0.15934065934065933,0.20300751879699247,0.007518796992481203,0.23809523809523808,0.46616541353383456,0.2832080200501253,2.2972972972972974,0.22807017543859648,0.5789473684210527,0.2807017543859649,0.38596491228070173,0.15789473684210525,0.17543859649122806,0.43859649122807015,0.2807017543859649,0.3333333333333333
1.3118556701030928,0.140625,0.3888888888888889,0.11055276381909548,0.22110552763819097,0.16699410609037327,0.019646365422396856,0.2554027504911591,0.4715127701375246,0.22986247544204322,1.8488372093023255,0.38461538461538464,0.4358974358974359,0.3333333333333333,0.3717948717948718,0.1794871794871795,0.1794871794871795,0.5641025641025641,0.10256410256410256,0.34615384615384615
1.6765578635014837,0.09016393442622951,1.0,0.15584415584415584,0.0735930735930736,0.15575221238938053,0.0035398230088495575,0.2849557522123894,0.3398230088495575,0.36283185840707965,1.975693338295696,0.4264705882352941,0.3235294117647059,0.4117647058823529,0.35294117647058826,0.23529411764705882,0.16176470588235295,0.5294117647058824,0.058823529411764705,0.45588235294117646
1.557427258805513,0.10843373493975904,0.5925925925925926,0.05392156862745098,0.14215686274509803,0.18092428711897737,0.0058997050147492625,0.22025565388397247,0.4365781710914454,0.336283185840708,2.0953846153846154,0.3561643835616438,0.4315068493150685,0.4246575342465753,0.3493150684931507,0.19863013698630136,0.14383561643835616,0.4452054794520548,0.13013698630136986,0.363013698630137
1.3507880020335536,0.08372093023255814,0.6111111111111112,0.09760765550239234,0.19330143540669856,0.13285660519382764,0.005269100489273617,0.21753857734286788,0.5284155062100113,0.24576590139254798,1.9608433734939759,0.44591029023746703,0.44063324538258575,0.32717678100263853,0.35883905013192613,0.08970976253298153,0.08443271767810026,0.554089709762533,0.11873350923482849,0.48812664907651715
1.4550898203592815,0.2033898305084746,0.6666666666666666,0.14563106796116504,0.2524271844660194,0.06995884773662552,0.00411522633744856,0.2674897119341564,0.3292181069958848,0.40329218106995884,2.302325581395349,0.5,0.325,0.25,0.425,0.175,0.125,0.7,0.05,0.35
1.575063613231552,0.08666666666666667,0.6923076923076923,0.022388059701492536,0.13432835820895522,0.13247172859450726,0.004846526655896607,0.2520193861066236,0.41033925686591277,0.3247172859450727,2.1132075471698113,0.3793103448275862,0.39080459770114945,0.4482758620689655,0.2988505747126437,0.1724137931034483,0.10344827586206896,0.4942528735632184,0.04597701149425287,0.4942528735632184
1.408450704225352,0.09,0.7777777777777778,0.1329479768786127,0.18497109826589594,0.12,0.0075,0.24,0.4325,0.3225,2.046875,0.49206349206349204,0.3333333333333333,0.4603174603174603,0.49206349206349204,0.15873015873015872,0.09523809523809523,0.42857142857142855,0.1111111111111111,0.3492063492063492
1.3400229357798166,0.09010600706713781,0.5098039215686274,0.06314797360980208,0.18944392082940623,0.13735558408215662,0.008130081300813009,0.24646983311938384,0.4206247325631151,0.3153615746683783,2.06970509383378,0.38741721854304634,0.4503311258278146,0.31788079470198677,0.38741721854304634,0.1357615894039735,0.08609271523178808,0.6059602649006622,0.076158940397351,0.44370860927152317
1.396901072705602,0.10726643598615918,0.6774193548387096,0.07721280602636535,0.1657250470809793,0.12798634812286688,0.013651877133105802,0.2568259385665529,0.4061433447098976,0.3225255972696246,2.1242937853107344,0.345679012345679,0.47530864197530864,0.4444444444444444,0.32098765432098764,0.1419753086419753,0.11728395061728394,0.3950617283950617,0.11728395061728394,0.47530864197530864
