player,average_shot_length,net_points_rate,net_points_won_rate,winners_rate,unforced_errors_rate,slices_rate,dropshots_rate,crosscourt_rate,middlecourt_rate,down_the_line_rate,ace_rate,opening_3rd_slice_shot,opening_2nd_backhand_ground,opening_2nd_forehand_ground,opening_3rd_forehand_ground,opening_3rd_backhand_ground,opening_2nd_slice_shot,opening_1st_body,opening_1st_down_the_t,opening_1st_out_wide
Adrian_Andreev,2.683673469387755,0.10810810810810811,0.625,0.2184873949579832,0.226890756302521,0.051515151515151514,0.02727272727272727,0.26666666666666666,0.2696969696969697,0.40606060606060607,0.05612244897959184,0.06756756756756757,0.40540540540540543,0.5675675675675675,0.6486486486486487,0.24324324324324326,0.013513513513513514,0.05405405405405406,0.40540540540540543,0.527027027027027
Albert_Ramos,2.4835526315789473,0.1360153256704981,0.676056338028169,0.15058823529411763,0.24823529411764705,0.04567627494456763,0.015521064301552107,0.33170731707317075,0.22483370288248336,0.4354767184035477,0.03355263157894737,0.05555555555555555,0.22796934865900384,0.7432950191570882,0.5938697318007663,0.3045977011494253,0.013409961685823755,0.15900383141762453,0.4386973180076628,0.39272030651340994
Alejandro_Davidovich_Fokina,2.397134898527656,0.1756601607347876,0.6666666666666666,0.15631399317406144,0.2860068259385666,0.052691540871546566,0.045855881515237826,0.296781543719738,0.20592423810880092,0.4881800056963828,0.033824114604058896,0.06314580941446613,0.373134328358209,0.5487944890929966,0.46383467278989665,0.3639494833524684,0.027554535017221583,0.3616532721010333,0.2675086107921929,0.3478760045924225
Alejandro_Moro_Canas,2.734806629834254,0.16455696202531644,0.7692307692307693,0.26126126126126126,0.2882882882882883,0.10191082802547771,0.041401273885350316,0.3089171974522293,0.2515923566878981,0.43312101910828027,0.027624309392265192,0.1518987341772152,0.25316455696202533,0.6329113924050633,0.5189873417721519,0.189873417721519,0.0379746835443038,0.17721518987341772,0.35443037974683544,0.46835443037974683
Alejandro_Tabilo,2.3216730038022813,0.24330900243309003,0.67,0.23319027181688126,0.18741058655221746,0.06846950517836593,0.04200230149597238,0.3987341772151899,0.25143843498273877,0.34464902186421176,0.05171102661596958,0.0827250608272506,0.26277372262773724,0.6666666666666666,0.4744525547445255,0.2846715328467153,0.0364963503649635,0.340632603406326,0.26520681265206814,0.36739659367396593
Aleksandar_Vukic,2.2961672473867596,0.16363636363636364,0.6296296296296297,0.35379061371841153,0.22743682310469315,0.06720430107526881,0.036290322580645164,0.2849462365591398,0.353494623655914,0.353494623655914,0.09581881533101046,0.04242424242424243,0.22424242424242424,0.7454545454545455,0.6242424242424243,0.24242424242424243,0.024242424242424242,0.32727272727272727,0.28484848484848485,0.3696969696969697
Alex_De_Minaur,2.52697967764541,0.21621621621621623,0.6696428571428571,0.12097812097812098,0.2471042471042471,0.04268012849931161,0.02799449288664525,0.2565396971087655,0.2762735199632859,0.46030289123451124,0.023125437981779958,0.032818532818532815,0.3474903474903475,0.6081081081081081,0.4420849420849421,0.40733590733590735,0.015444015444015444,0.3166023166023166,0.27606177606177607,0.3918918918918919
Alex_Molcan,2.5843373493975905,0.2,0.5833333333333334,0.32044198895027626,0.20441988950276244,0.06463878326996197,0.051330798479087454,0.3365019011406844,0.26806083650190116,0.376425855513308,0.06325301204819277,0.058333333333333334,0.20833333333333334,0.7333333333333333,0.49166666666666664,0.3333333333333333,0.016666666666666666,0.175,0.3416666666666667,0.44166666666666665
Alexander_Bublik,1.8670668953687821,0.40823970037453183,0.48623853211009177,0.28542914171656686,0.21357285429141717,0.10880316518298715,0.08011869436201781,0.32344213649851633,0.29772502472799206,0.36993076162215627,0.07804459691252144,0.10486891385767791,0.35580524344569286,0.44569288389513106,0.36704119850187267,0.2846441947565543,0.09737827715355805,0.1797752808988764,0.5280898876404494,0.2846441947565543
Alexander_Ritschard,1.9751552795031055,0.3,0.75,0.0759493670886076,0.26582278481012656,0.09554140127388536,0.025477707006369428,0.31210191082802546,0.17834394904458598,0.4968152866242038,0.037267080745341616,0.1,0.275,0.65,0.575,0.2,0.05,0.475,0.3,0.225
Alexander_Shevchenko,2.415620641562064,0.189873417721519,0.7555555555555555,0.12626262626262627,0.26262626262626265,0.04729064039408867,0.024630541871921183,0.31133004926108376,0.2630541871921182,0.42266009852216746,0.02510460251046025,0.0759493670886076,0.3755274261603376,0.5864978902953587,0.5147679324894515,0.34177215189873417,0.02531645569620253,0.26582278481012656,0.25316455696202533,0.45569620253164556
Alexander_Zverev,2.4543564543564544,0.31444759206798867,0.6378378378378379,0.32027318475916605,0.24910136592379584,0.05692007797270955,0.025601039636127355,0.3267056530214425,0.2220922677063028,0.43937621832358675,0.05518805518805519,0.053257790368271954,0.40453257790368274,0.5422096317280454,0.4453257790368272,0.341643059490085,0.019263456090651557,0.17903682719546743,0.3784702549575071,0.4164305949008499
Alexandre_Muller,2.3531300160513644,0.2265193370165746,0.6585365853658537,0.19935691318327975,0.2379421221864952,0.07947805456702253,0.03202846975088968,0.28944246737841045,0.2763938315539739,0.41755634638196915,0.04654895666131621,0.12154696132596685,0.44751381215469616,0.49171270718232046,0.39779005524861877,0.3701657458563536,0.027624309392265192,0.2265193370165746,0.27624309392265195,0.48066298342541436
Alexei_Popyrin,2.056122448979592,0.37037037037037035,0.5,0.2980769230769231,0.22115384615384615,0.01932367149758454,0.03864734299516908,0.43478260869565216,0.14009661835748793,0.42028985507246375,0.03571428571428571,0.037037037037037035,0.25925925925925924,0.7037037037037037,0.5370370370370371,0.16666666666666666,0.0,0.14814814814814814,0.4074074074074074,0.42592592592592593
Andrea_Vavassori,2.2146596858638743,0.7169811320754716,0.5789473684210527,0.15486725663716813,0.1902654867256637,0.12284482758620689,0.03879310344827586,0.35129310344827586,0.15086206896551724,0.4892241379310345,0.04450261780104712,0.18867924528301888,0.2169811320754717,0.6320754716981132,0.36792452830188677,0.14150943396226415,0.04716981132075472,0.20754716981132076,0.3490566037735849,0.4339622641509434
Andrej_Martin,2.4923076923076923,0.38,0.47368421052631576,0.1951219512195122,0.23170731707317074,0.05670103092783505,0.02577319587628866,0.3247422680412371,0.15979381443298968,0.5103092783505154,0.007692307692307693,0.08,0.22,0.72,0.56,0.14,0.04,0.08,0.44,0.4
Andrey_Rublev,2.2060100166944907,0.19881656804733727,0.7023809523809523,0.2971698113207547,0.21226415094339623,0.08388704318936877,0.014396456256921373,0.2602436323366556,0.22508305647840532,0.47120708748615725,0.0664440734557596,0.10650887573964497,0.3905325443786982,0.5467455621301776,0.42485207100591715,0.3881656804733728,0.0485207100591716,0.1893491124260355,0.378698224852071,0.4165680473372781
Andy_Murray,2.1964285714285716,0.24416135881104034,0.7304347826086957,0.20051746442432083,0.22121604139715395,0.06799336650082918,0.03482587064676617,0.35378662244333886,0.19071310116086235,0.4499723604201216,0.05092592592592592,0.08280254777070063,0.3842887473460722,0.5498938428874734,0.40976645435244163,0.34182590233545646,0.03184713375796178,0.2929936305732484,0.28450106157112526,0.39490445859872614
Arklon_Huertas_Del_Pino,2.5323741007194243,0.11538461538461539,0.5,0.013333333333333334,0.14666666666666667,0.323943661971831,0.046948356807511735,0.2676056338028169,0.4084507042253521,0.323943661971831,0.007194244604316547,0.34615384615384615,0.25,0.34615384615384615,0.38461538461538464,0.21153846153846154,0.36538461538461536,0.5,0.15384615384615385,0.34615384615384615
Arthur_Cazaux,2.5435435435435436,0.2892561983471074,0.5714285714285714,0.31693989071038253,0.20765027322404372,0.04474708171206226,0.04085603112840467,0.3832684824902724,0.188715953307393,0.4163424124513619,0.04804804804804805,0.03305785123966942,0.35537190082644626,0.5867768595041323,0.5041322314049587,0.2975206611570248,0.008264462809917356,0.18181818181818182,0.32231404958677684,0.48760330578512395
Arthur_Fils,2.2818791946308723,0.21671826625386997,0.7285714285714285,0.23333333333333334,0.3037037037037037,0.055347793567688854,0.02692595362752431,0.32086761406133135,0.27225130890052357,0.4031413612565445,0.04985618408437201,0.06811145510835913,0.33436532507739936,0.6160990712074303,0.5170278637770898,0.3126934984520124,0.018575851393188854,0.1826625386996904,0.3653250773993808,0.43343653250773995
Arthur_Rinderknech,2.1576354679802954,0.6428571428571429,0.75,0.44545454545454544,0.23636363636363636,0.05531914893617021,0.0425531914893617,0.251063829787234,0.33191489361702126,0.4127659574468085,0.059113300492610835,0.08928571428571429,0.35714285714285715,0.4642857142857143,0.4107142857142857,0.2857142857142857,0.05357142857142857,0.10714285714285714,0.35714285714285715,0.5357142857142857
Aslan_Karatsev,2.2891278375149344,0.1411764705882353,0.6666666666666666,0.11574074074074074,0.21296296296296297,0.06209453197405004,0.015755329008341055,0.26876737720111216,0.293790546802595,0.42910101946246526,0.03464755077658303,0.058823529411764705,0.4823529411764706,0.4823529411764706,0.43137254901960786,0.4392156862745098,0.023529411764705882,0.4549019607843137,0.2549019607843137,0.2784313725490196
Ben_Shelton,2.0237388724035608,0.3793103448275862,0.6060606060606061,0.30864197530864196,0.22839506172839505,0.06086956521739131,0.06376811594202898,0.32753623188405795,0.24347826086956523,0.37971014492753624,0.032640949554896145,0.08045977011494253,0.2413793103448276,0.5977011494252874,0.4942528735632184,0.1839080459770115,0.011494252873563218,0.10344827586206896,0.40229885057471265,0.4827586206896552
Benjamin_Bonzi,1.8762376237623761,0.25,0.5833333333333334,0.17073170731707318,0.17073170731707318,0.07344632768361582,0.02824858757062147,0.3672316384180791,0.12429378531073447,0.4971751412429379,0.09900990099009901,0.0625,0.2708333333333333,0.5416666666666666,0.5,0.2708333333333333,0.0625,0.3541666666666667,0.3125,0.3125
Benoit_Paire,1.7211328976034859,0.4868421052631579,0.7027027027027027,0.43783783783783786,0.372972972972973,0.0755287009063444,0.06042296072507553,0.283987915407855,0.31419939577039274,0.3867069486404834,0.08496732026143791,0.07894736842105263,0.4473684210526316,0.39473684210526316,0.34210526315789475,0.4342105263157895,0.09210526315789473,0.21052631578947367,0.2894736842105263,0.5
Bernabe_Zapata_Miralles,2.608173076923077,0.19700214132762311,0.5869565217391305,0.12602739726027398,0.22602739726027396,0.05779770802192327,0.027902341803687097,0.2795216741405082,0.2640757349277529,0.4419531639262581,0.028044871794871796,0.059957173447537475,0.3683083511777302,0.5845824411134903,0.4689507494646681,0.3618843683083512,0.017130620985010708,0.19914346895074947,0.32548179871520344,0.4625267665952891
Bernard_Tomic,2.029126213592233,0.1,0.6666666666666666,0.40476190476190477,0.23809523809523808,0.27358490566037735,0.09433962264150944,0.2641509433962264,0.36792452830188677,0.3584905660377358,0.06796116504854369,0.26666666666666666,0.16666666666666666,0.5333333333333333,0.3,0.3,0.16666666666666666,0.43333333333333335,0.2,0.36666666666666664
Borna_Coric,2.3272425249169437,0.27472527472527475,0.68,0.25249169435215946,0.24584717607973422,0.03879849812265332,0.03254067584480601,0.33667083854818525,0.22152690863579474,0.43929912390488113,0.04318936877076412,0.04395604395604396,0.4065934065934066,0.5439560439560439,0.4010989010989011,0.41208791208791207,0.016483516483516484,0.13736263736263737,0.3516483516483517,0.4835164835164835
Botic_Van_De_Zandschulp,2.394659546061415,0.24424342105263158,0.6430976430976431,0.09518987341772152,0.24354430379746836,0.06681983534367222,0.035611717403790925,0.27666092284127897,0.2504307869040781,0.4623779437105112,0.038184245660881175,0.0625,0.3001644736842105,0.6365131578947368,0.5189144736842105,0.265625,0.033717105263157895,0.296875,0.32894736842105265,0.34210526315789475
Brandon_Nakashima,2.4916107382550337,0.25,0.5636363636363636,0.30612244897959184,0.21768707482993196,0.0686164229471316,0.014623172103487065,0.2958380202474691,0.19572553430821146,0.49943757030371205,0.053691275167785234,0.06363636363636363,0.24545454545454545,0.7318181818181818,0.4727272727272727,0.34545454545454546,0.013636363636363636,0.22272727272727272,0.35454545454545455,0.40454545454545454
Cameron_Norrie,2.5355311355311354,0.14861995753715498,0.7142857142857143,0.2613941018766756,0.25335120643431636,0.03816793893129771,0.011450381679389313,0.3473282442748092,0.2619274809160305,0.37309160305343514,0.04249084249084249,0.02335456475583864,0.3078556263269639,0.6687898089171974,0.5923566878980892,0.31634819532908703,0.006369426751592357,0.16985138004246284,0.4118895966029724,0.4033970276008493
Camilo_Ugo_Carabelli,2.7,0.14285714285714285,0.6190476190476191,0.10975609756097561,0.18536585365853658,0.1411764705882353,0.0203921568627451,0.21333333333333335,0.2776470588235294,0.5027450980392156,0.036,0.1326530612244898,0.35034013605442177,0.5238095238095238,0.5102040816326531,0.30952380952380953,0.11224489795918367,0.445578231292517,0.23469387755102042,0.30612244897959184
Carlos_Alcaraz,2.2932984004412575,0.2543157894736842,0.6490066225165563,0.23265822784810128,0.21924050632911393,0.058854888580872164,0.046380211109926434,0.3100543767992323,0.20439279240857233,0.45697835590148206,0.03116381687810259,0.06147368421052631,0.2922105263157895,0.631578947368421,0.48042105263157897,0.32294736842105265,0.03326315789473684,0.22231578947368422,0.3023157894736842,0.45642105263157895
Carlos_Gimeno_Valero,3.693877551020408,0.1,0.0,0.0,0.16216216216216217,0.015151515151515152,0.015151515151515152,0.29545454545454547,0.21212121212121213,0.49242424242424243,0.0,0.0,0.3333333333333333,0.6666666666666666,0.6666666666666666,0.3333333333333333,0.0,0.6666666666666666,0.1,0.2
Casper_Ruud,2.2803206074667792,0.29845626072041165,0.6701149425287356,0.28740236330863206,0.23613058281594232,0.059060955518945635,0.02298187808896211,0.29827018121911036,0.24481054365733113,0.4502471169686985,0.05252056528158616,0.06106346483704974,0.2425385934819897,0.6974271012006861,0.5272727272727272,0.26518010291595195,0.023327615780445968,0.18902229845626073,0.3523156089193825,0.43979416809605487
Christopher_Eubanks,1.8787425149700598,0.28859060402684567,0.6046511627906976,0.22483221476510068,0.23154362416107382,0.09028960817717206,0.018739352640545145,0.31686541737649065,0.2453151618398637,0.4293015332197615,0.06287425149700598,0.10067114093959731,0.2550335570469799,0.6510067114093959,0.5033557046979866,0.2348993288590604,0.087248322147651,0.15436241610738255,0.3959731543624161,0.42953020134228187
Christopher_Oconnell,2.193661971830986,0.3670886075949367,0.4827586206896552,0.07971014492753623,0.2753623188405797,0.09734513274336283,0.038348082595870206,0.35398230088495575,0.19174041297935104,0.4365781710914454,0.045774647887323945,0.10126582278481013,0.16455696202531644,0.7848101265822784,0.5189873417721519,0.21518987341772153,0.0379746835443038,0.27848101265822783,0.27848101265822783,0.4050632911392405
Chun_Hsin_Tseng,2.212355212355212,0.2916666666666667,0.6666666666666666,0.28125,0.171875,0.08280254777070063,0.044585987261146494,0.27070063694267515,0.19745222929936307,0.45222929936305734,0.05405405405405406,0.09722222222222222,0.18055555555555555,0.7361111111111112,0.5138888888888888,0.2361111111111111,0.041666666666666664,0.05555555555555555,0.5972222222222222,0.3194444444444444
Conner_Huertas_Del_Pino,2.662878787878788,0.24509803921568626,0.64,0.006329113924050633,0.22151898734177214,0.17084282460136674,0.05466970387243736,0.28929384965831434,0.26651480637813213,0.4396355353075171,0.007575757575757576,0.19607843137254902,0.28431372549019607,0.49019607843137253,0.5490196078431373,0.19607843137254902,0.18627450980392157,0.4019607843137255,0.19607843137254902,0.4019607843137255
Corentin_Moutet,2.585139318885449,0.33070866141732286,0.5952380952380952,0.06896551724137931,0.26108374384236455,0.126953125,0.087890625,0.42578125,0.189453125,0.37890625,0.02476780185758514,0.11811023622047244,0.12598425196850394,0.6692913385826772,0.5039370078740157,0.14960629921259844,0.07086614173228346,0.2125984251968504,0.31496062992125984,0.44881889763779526
Cristian_Garin,2.271940667490729,0.21311475409836064,0.6346153846153846,0.1614457831325301,0.21927710843373494,0.04081632653061224,0.03595724003887269,0.3566569484936832,0.2487852283770651,0.38289601554907676,0.04573547589616811,0.0778688524590164,0.27049180327868855,0.6762295081967213,0.5327868852459017,0.27049180327868855,0.0,0.24180327868852458,0.3360655737704918,0.4057377049180328
Daniel_Altmaier,2.526666666666667,0.3023255813953488,0.6461538461538462,0.1267605633802817,0.27605633802816903,0.07860262008733625,0.014192139737991267,0.30131004366812225,0.2521834061135371,0.43777292576419213,0.043333333333333335,0.10232558139534884,0.29767441860465116,0.6232558139534884,0.4930232558139535,0.24186046511627907,0.05116279069767442,0.14883720930232558,0.4883720930232558,0.3581395348837209
Daniel_Dutra_Da_Silva,2.088300220750552,0.21428571428571427,0.6296296296296297,0.19069767441860466,0.20465116279069767,0.04056795131845842,0.034482758620689655,0.3935091277890467,0.2413793103448276,0.35496957403651114,0.04415011037527594,0.06349206349206349,0.3333333333333333,0.5873015873015873,0.5,0.3253968253968254,0.007936507936507936,0.30158730158730157,0.3412698412698413,0.30952380952380953
Daniel_Elahi_Galan,2.218266253869969,0.22277227722772278,0.6444444444444445,0.17647058823529413,0.17337461300309598,0.053367217280813214,0.03176620076238882,0.3595933926302414,0.1855146124523507,0.44726810673443457,0.06037151702786378,0.024752475247524754,0.25742574257425743,0.6485148514851485,0.6336633663366337,0.21287128712871287,0.04455445544554455,0.21287128712871287,0.3712871287128713,0.39603960396039606
Daniel_Evans,2.8073529411764704,0.2851851851851852,0.6103896103896104,0.11428571428571428,0.15324675324675324,0.23921887713588283,0.05370219690805533,0.2595606183889341,0.18144833197721724,0.54759967453214,0.04411764705882353,0.2222222222222222,0.15555555555555556,0.5666666666666667,0.4666666666666667,0.1814814814814815,0.2111111111111111,0.3111111111111111,0.4148148148148148,0.25555555555555554
Daniel_Michalski,2.6136986301369864,0.23703703703703705,0.625,0.15865384615384615,0.20673076923076922,0.05263157894736842,0.04753820033955857,0.34804753820033957,0.1867572156196944,0.44991511035653653,0.03287671232876712,0.037037037037037035,0.32592592592592595,0.6370370370370371,0.5481481481481482,0.32592592592592595,0.007407407407407408,0.08888888888888889,0.4,0.4888888888888889
Daniil_Medvedev,2.4992630803242446,0.30954994511525796,0.6666666666666666,0.14611546685673557,0.19957234497505347,0.07004177930695503,0.03956746129270091,0.29687884000983045,0.27697222904890634,0.42246252150405506,0.0397936624907885,0.07025246981339188,0.4061470911086718,0.5246981339187706,0.42590559824368823,0.36223929747530187,0.01756311745334797,0.2030735455543359,0.31613611416026344,0.45554335894621295
David_Goffin,2.4232876712328766,0.21739130434782608,0.7454545454545455,0.05343511450381679,0.2340966921119593,0.0519730510105871,0.019249278152069296,0.41193455245428295,0.15784408084696824,0.4273339749759384,0.03424657534246575,0.05928853754940711,0.2727272727272727,0.6956521739130435,0.6007905138339921,0.22924901185770752,0.023715415019762844,0.11857707509881422,0.35968379446640314,0.48221343873517786
Denis_Istomin,2.0710659898477157,0.38,0.631578947368421,0.42718446601941745,0.1941747572815534,0.13270142180094788,0.03317535545023697,0.35071090047393366,0.2132701421800948,0.4312796208530806,0.06091370558375635,0.16,0.32,0.5,0.34,0.24,0.12,0.24,0.4,0.36
Denis_Shapovalov,2.2994350282485874,0.43317972350230416,0.7021276595744681,0.21066666666666667,0.296,0.04782608695652174,0.02391304347826087,0.39021739130434785,0.2108695652173913,0.3684782608695652,0.0423728813559322,0.06451612903225806,0.20276497695852536,0.7188940092165899,0.4930875576036866,0.2488479262672811,0.009216589861751152,0.17972350230414746,0.39631336405529954,0.4147465437788018
Diego_Schwartzman,2.812343619683069,0.19461697722567287,0.723404255319149,0.18958031837916064,0.2662807525325615,0.039576622181316155,0.023469857340082834,0.2802577082374597,0.28992176714219975,0.4219972388403129,0.027522935779816515,0.031055900621118012,0.38923395445134573,0.5962732919254659,0.4699792960662526,0.41821946169772256,0.006211180124223602,0.2153209109730849,0.35610766045548653,0.41200828157349895
Dimitar_Kuzmanov,1.9452554744525548,0.15714285714285714,0.5454545454545454,0.3484848484848485,0.24242424242424243,0.12355212355212356,0.02702702702702703,0.3474903474903475,0.2277992277992278,0.4247104247104247,0.07664233576642336,0.15714285714285714,0.22857142857142856,0.6857142857142857,0.4857142857142857,0.21428571428571427,0.07142857142857142,0.15714285714285714,0.4857142857142857,0.35714285714285715
Dmitry_Popko,2.3164556962025316,0.2916666666666667,0.5,0.20224719101123595,0.34831460674157305,0.03365384615384615,0.038461538461538464,0.3125,0.19230769230769232,0.47115384615384615,0.0189873417721519,0.020833333333333332,0.1875,0.75,0.5416666666666666,0.25,0.0,0.3541666666666667,0.125,0.5208333333333334
Dominic_Thiem,2.390858208955224,0.22853087295954577,0.7422360248447205,0.2638640429338104,0.2701252236135957,0.09624413145539906,0.034875922199865864,0.3215962441314554,0.21898054996646546,0.4538900067069081,0.042444029850746266,0.09794180269694819,0.22356281050390348,0.6841731724627396,0.5102909865152591,0.25337118523775726,0.0539389638041164,0.21220723917672107,0.29240596167494676,0.47693399574166073
Dominik_Koepfer,2.405286343612335,0.20689655172413793,0.4444444444444444,0.09016393442622951,0.18032786885245902,0.050156739811912224,0.01567398119122257,0.27899686520376177,0.29780564263322884,0.4169278996865204,0.05286343612334802,0.034482758620689655,0.40229885057471265,0.5632183908045977,0.5172413793103449,0.27586206896551724,0.022988505747126436,0.3448275862068966,0.26436781609195403,0.3448275862068966
Dusan_Lajovic,2.490015360983103,0.23198198198198197,0.7572815533980582,0.17890520694259013,0.22963951935914553,0.09381443298969072,0.01907216494845361,0.33298969072164947,0.2175257731958763,0.4422680412371134,0.03456221198156682,0.07207207207207207,0.28153153153153154,0.6509009009009009,0.5292792792792793,0.2927927927927928,0.04504504504504504,0.1036036036036036,0.40765765765765766,0.47072072072072074
Elliot_Benchetrit,1.7772511848341233,0.5333333333333333,0.7916666666666666,0.43617021276595747,0.2872340425531915,0.08536585365853659,0.04878048780487805,0.0,0.0,0.0,0.061611374407582936,0.08888888888888889,0.3333333333333333,0.5111111111111111,0.35555555555555557,0.35555555555555557,0.08888888888888889,0.3111111111111111,0.3111111111111111,0.37777777777777777
Emil_Ruusuvuori,2.387267904509284,0.22777777777777777,0.5975609756097561,0.2150170648464164,0.295221843003413,0.05035054174633524,0.03123008285532186,0.3148502230720204,0.29509241555130655,0.3881453154875717,0.03978779840848806,0.05277777777777778,0.3138888888888889,0.6416666666666667,0.49166666666666664,0.3416666666666667,0.025,0.25833333333333336,0.33611111111111114,0.38333333333333336
Emilio_Nava,1.9433962264150944,0.39473684210526316,0.7333333333333333,0.27848101265822783,0.25316455696202533,0.08,0.04666666666666667,0.34,0.26666666666666666,0.38,0.03773584905660377,0.05263157894736842,0.2894736842105263,0.6578947368421053,0.34210526315789475,0.39473684210526316,0.05263157894736842,0.39473684210526316,0.15789473684210525,0.4473684210526316
Fabian_Marozsan,2.167381974248927,0.25384615384615383,0.6363636363636364,0.29554655870445345,0.2631578947368421,0.07720588235294118,0.058823529411764705,0.31066176470588236,0.23897058823529413,0.44485294117647056,0.0407725321888412,0.06923076923076923,0.36153846153846153,0.4846153846153846,0.4230769230769231,0.34615384615384615,0.09230769230769231,0.16153846153846155,0.4,0.4307692307692308
Fabio_Fognini,2.163817663817664,0.20098039215686275,0.8536585365853658,0.26373626373626374,0.27472527472527475,0.056303549571603426,0.033047735618115054,0.29253365973072215,0.20807833537331702,0.4773561811505508,0.03133903133903134,0.06862745098039216,0.4068627450980392,0.5490196078431373,0.46078431372549017,0.3235294117647059,0.0392156862745098,0.21568627450980393,0.3382352941176471,0.4117647058823529
Facundo_Bagnis,2.547107438016529,0.2727272727272727,0.6491228070175439,0.15868263473053892,0.19461077844311378,0.057692307692307696,0.035256410256410256,0.3579059829059829,0.21581196581196582,0.4230769230769231,0.05289256198347107,0.0861244019138756,0.23923444976076555,0.6889952153110048,0.5167464114832536,0.3014354066985646,0.03827751196172249,0.17703349282296652,0.41626794258373206,0.3827751196172249
Facundo_Diaz_Acosta,2.4548387096774196,0.2909090909090909,0.625,0.1875,0.19318181818181818,0.037694013303769404,0.03547671840354767,0.4124168514412417,0.2106430155210643,0.37472283813747226,0.02903225806451613,0.045454545454545456,0.3,0.6363636363636364,0.4818181818181818,0.36363636363636365,0.01818181818181818,0.3,0.3,0.35454545454545455
Facundo_Mena,2.6754966887417218,0.24615384615384617,0.6875,0.18556701030927836,0.3917525773195876,0.039525691699604744,0.039525691699604744,0.30039525691699603,0.22924901185770752,0.45849802371541504,0.0,0.06153846153846154,0.3230769230769231,0.6615384615384615,0.4153846153846154,0.3384615384615385,0.015384615384615385,0.4153846153846154,0.03076923076923077,0.5384615384615384
Federico_Agustin_Gomez,2.0,0.32432432432432434,0.6666666666666666,0.2698412698412698,0.14285714285714285,0.06060606060606061,0.03787878787878788,0.3712121212121212,0.10606060606060606,0.5151515151515151,0.030303030303030304,0.08108108108108109,0.21621621621621623,0.6486486486486487,0.43243243243243246,0.35135135135135137,0.05405405405405406,0.43243243243243246,0.05405405405405406,0.5135135135135135
Federico_Coria,2.5741379310344827,0.13963963963963963,0.8064516129032258,0.08579881656804733,0.21301775147928995,0.040525739320920046,0.014238773274917854,0.26506024096385544,0.25410733844468786,0.4654983570646221,0.010344827586206896,0.036036036036036036,0.32882882882882886,0.6576576576576577,0.527027027027027,0.34234234234234234,0.009009009009009009,0.22522522522522523,0.32432432432432434,0.43243243243243246
Federico_Delbonis,2.4134165366614666,0.18141592920353983,0.6585365853658537,0.10734463276836158,0.2062146892655367,0.026490066225165563,0.02207505518763797,0.32229580573951433,0.2163355408388521,0.45584988962472406,0.0327613104524181,0.022123893805309734,0.2168141592920354,0.7699115044247787,0.6504424778761062,0.24778761061946902,0.0,0.2920353982300885,0.24336283185840707,0.4424778761061947
Feliciano_Lopez,1.9367469879518073,0.4714285714285714,0.6060606060606061,0.13829787234042554,0.2127659574468085,0.10610932475884244,0.04019292604501608,0.41961414790996787,0.21221864951768488,0.3553054662379421,0.07078313253012049,0.15,0.14285714285714285,0.6642857142857143,0.5142857142857142,0.14285714285714285,0.06428571428571428,0.36428571428571427,0.32142857142857145,0.2714285714285714
Felix_Auger_Aliassime,2.1581670362158167,0.328042328042328,0.6612903225806451,0.32,0.23703703703703705,0.05041480536056158,0.023611997447351627,0.2839821314613912,0.25079770261646456,0.43522654754307594,0.050997782705099776,0.06613756613756613,0.25925925925925924,0.6931216931216931,0.47619047619047616,0.2566137566137566,0.015873015873015872,0.2619047619047619,0.36243386243386244,0.35185185185185186
Filip_Horansky,2.689922480620155,0.05660377358490566,0.3333333333333333,0.21333333333333335,0.26666666666666666,0.11926605504587157,0.027522935779816515,0.28440366972477066,0.3302752293577982,0.37155963302752293,0.046511627906976744,0.11320754716981132,0.39622641509433965,0.5283018867924528,0.5283018867924528,0.33962264150943394,0.03773584905660377,0.3584905660377358,0.3018867924528302,0.32075471698113206
Filip_Krajinovic,2.324921135646688,0.33,0.6666666666666666,0.19662921348314608,0.23595505617977527,0.06428571428571428,0.05476190476190476,0.34523809523809523,0.28095238095238095,0.37142857142857144,0.04100946372239748,0.12,0.36,0.57,0.36,0.32,0.02,0.21,0.37,0.4
Filip_Misolic,2.281163434903047,0.28773584905660377,0.5901639344262295,0.18717948717948718,0.2128205128205128,0.06054054054054054,0.05189189189189189,0.3308108108108108,0.20756756756756756,0.4281081081081081,0.045706371191135735,0.07547169811320754,0.30660377358490565,0.6273584905660378,0.5,0.2830188679245283,0.018867924528301886,0.2169811320754717,0.4386792452830189,0.32547169811320753
Flavio_Cobolli,2.250539956803456,0.14482758620689656,0.6666666666666666,0.16597510373443983,0.24481327800829875,0.04835924006908463,0.04145077720207254,0.39378238341968913,0.2158894645941278,0.3592400690846287,0.03455723542116631,0.05517241379310345,0.32413793103448274,0.6275862068965518,0.5241379310344828,0.3448275862068966,0.006896551724137931,0.22758620689655173,0.296551724137931,0.4689655172413793
Frances_Tiafoe,2.3764044943820224,0.17757009345794392,0.5263157894736842,0.2192513368983957,0.31016042780748665,0.07551020408163266,0.04081632653061224,0.3122448979591837,0.3142857142857143,0.3673469387755102,0.056179775280898875,0.08411214953271028,0.45794392523364486,0.4672897196261682,0.35514018691588783,0.45794392523364486,0.037383177570093455,0.1588785046728972,0.3364485981308411,0.5046728971962616
Francesco_Maestrelli,2.5892857142857144,0.30952380952380953,0.6923076923076923,0.09836065573770492,0.14754098360655737,0.06741573033707865,0.02247191011235955,0.29213483146067415,0.21910112359550563,0.4887640449438202,0.05357142857142857,0.07142857142857142,0.4523809523809524,0.5476190476190477,0.35714285714285715,0.4523809523809524,0.0,0.42857142857142855,0.16666666666666666,0.40476190476190477
Francesco_Passaro,2.1784841075794623,0.2857142857142857,0.6333333333333333,0.17061611374407584,0.23222748815165878,0.08298755186721991,0.024896265560165973,0.2697095435684647,0.27593360995850624,0.44190871369294604,0.02689486552567237,0.11428571428571428,0.3238095238095238,0.6095238095238096,0.4380952380952381,0.2571428571428571,0.009523809523809525,0.24761904761904763,0.3142857142857143,0.4
Francisco_Cerundolo,2.4949297971918876,0.1572192513368984,0.673469387755102,0.15889691398555483,0.2856204858831254,0.04826506652752413,0.03026350117401513,0.29663448995564834,0.1946256196190973,0.46673623793373337,0.023010920436817472,0.05668449197860963,0.38288770053475935,0.586096256684492,0.48877005347593583,0.3497326203208556,0.012834224598930482,0.23957219251336898,0.30267379679144385,0.43636363636363634
Francisco_Comesana,3.0,0.1864406779661017,0.6363636363636364,0.0,0.2891566265060241,0.06299212598425197,0.011811023622047244,0.32677165354330706,0.23622047244094488,0.421259842519685,0.0,0.0847457627118644,0.3728813559322034,0.576271186440678,0.5423728813559322,0.288135593220339,0.03389830508474576,0.3728813559322034,0.23728813559322035,0.3559322033898305
Gabriel_Diallo,2.50597609561753,0.175,0.5,0.35877862595419846,0.16030534351145037,0.06613756613756613,0.007936507936507936,0.2777777777777778,0.2566137566137566,0.4126984126984127,0.0796812749003984,0.0875,0.25,0.7125,0.55,0.2875,0.025,0.1625,0.5125,0.2875
Gael_Monfils,2.387780548628429,0.2556818181818182,0.6370370370370371,0.14418604651162792,0.2569767441860465,0.061096136567834684,0.035489667565139264,0.29245283018867924,0.24663072776280323,0.4537286612758311,0.03740648379052369,0.07954545454545454,0.3162878787878788,0.6022727272727273,0.4772727272727273,0.32386363636363635,0.032196969696969696,0.20454545454545456,0.3977272727272727,0.375
Genaro_Alberto_Olivieri,2.9927007299270074,0.045454545454545456,1.0,0.22340425531914893,0.2553191489361702,0.0695970695970696,0.03296703296703297,0.326007326007326,0.30036630036630035,0.32967032967032966,0.029197080291970802,0.015151515151515152,0.22727272727272727,0.7575757575757576,0.7575757575757576,0.19696969696969696,0.0,0.045454545454545456,0.4090909090909091,0.5
Gijs_Brouwer,2.1124260355029585,0.22164948453608246,0.7906976744186046,0.10826210826210826,0.17094017094017094,0.10505319148936171,0.02127659574468085,0.425531914893617,0.14893617021276595,0.42154255319148937,0.06656804733727811,0.08247422680412371,0.20103092783505155,0.654639175257732,0.5567010309278351,0.23711340206185566,0.13917525773195877,0.22164948453608246,0.4793814432989691,0.27835051546391754
Gilles_Simon,3.0113378684807257,0.22128851540616246,0.6708860759493671,0.03125,0.166015625,0.0963923337091319,0.011837655016910935,0.294250281848929,0.28635851183765504,0.4165727170236753,0.036281179138321996,0.07282913165266107,0.3473389355742297,0.5462184873949579,0.43977591036414565,0.38935574229691877,0.09243697478991597,0.2773109243697479,0.29971988795518206,0.39775910364145656
Giulio_Zeppieri,2.059925093632959,0.2833333333333333,0.5294117647058824,0.12396694214876033,0.19008264462809918,0.045936395759717315,0.03180212014134275,0.45936395759717313,0.14487632508833923,0.3710247349823322,0.056179775280898875,0.05,0.35,0.5666666666666667,0.4166666666666667,0.4666666666666667,0.06666666666666667,0.2,0.35,0.43333333333333335
Goncalo_Oliveira,2.075862068965517,0.2564102564102564,0.7,0.06329113924050633,0.22784810126582278,0.019230769230769232,0.019230769230769232,0.44871794871794873,0.22435897435897437,0.3269230769230769,0.05517241379310345,0.02564102564102564,0.3333333333333333,0.6666666666666666,0.4358974358974359,0.41025641025641024,0.0,0.15384615384615385,0.3333333333333333,0.48717948717948717
Gregoire_Barrere,2.4222972972972974,0.3069306930693069,0.5483870967741935,0.2037037037037037,0.3148148148148148,0.0831353919239905,0.021377672209026127,0.3586698337292161,0.2494061757719715,0.38954869358669836,0.033783783783783786,0.07920792079207921,0.39603960396039606,0.5742574257425742,0.37623762376237624,0.40594059405940597,0.009900990099009901,0.16831683168316833,0.40594059405940597,0.42574257425742573
Grigor_Dimitrov,2.2794392523364486,0.26833073322932915,0.6802325581395349,0.22049405306495884,0.232387923147301,0.10883856829802775,0.031409788166544925,0.310445580715851,0.21256391526661797,0.4704163623082542,0.04579439252336449,0.0904836193447738,0.22932917316692666,0.6599063962558502,0.5085803432137286,0.26365054602184085,0.0842433697347894,0.24648985959438377,0.38845553822152884,0.3463338533541342
Guy_Den_Ouden,2.512,0.22448979591836735,0.45454545454545453,0.025974025974025976,0.12987012987012986,0.15873015873015872,0.010582010582010581,0.25925925925925924,0.2275132275132275,0.5132275132275133,0.016,0.14285714285714285,0.24489795918367346,0.673469387755102,0.5102040816326531,0.1836734693877551,0.061224489795918366,0.3469387755102041,0.20408163265306123,0.42857142857142855
Hamad_Medjedovic,1.9385964912280702,0.2777777777777778,0.6,0.45652173913043476,0.3695652173913043,0.11682242990654206,0.04672897196261682,0.308411214953271,0.22429906542056074,0.46261682242990654,0.07894736842105263,0.12962962962962962,0.18518518518518517,0.7222222222222222,0.46296296296296297,0.2222222222222222,0.07407407407407407,0.2037037037037037,0.37037037037037035,0.42592592592592593
Henrique_Rocha,2.1818181818181817,0.10714285714285714,0.6666666666666666,0.06382978723404255,0.3191489361702128,0.04072398190045249,0.004524886877828055,0.29411764705882354,0.19004524886877827,0.5158371040723982,0.0213903743315508,0.07142857142857142,0.23214285714285715,0.7321428571428571,0.5535714285714286,0.30357142857142855,0.03571428571428571,0.5892857142857143,0.16071428571428573,0.19642857142857142
Holger_Rune,2.2079037800687287,0.35777126099706746,0.6229508196721312,0.22967309304274938,0.2154233025984912,0.0558321479374111,0.051209103840682786,0.2834281650071124,0.2322190611664296,0.4790184921763869,0.036941580756013746,0.054252199413489736,0.30058651026392963,0.5894428152492669,0.436950146627566,0.28152492668621704,0.02346041055718475,0.2697947214076246,0.2653958944281525,0.44574780058651026
Hubert_Hurkacz,2.2357079163776876,0.3188112124282337,0.7002118644067796,0.1249506514015002,0.24615080931701538,0.06598781270044901,0.028784477228992945,0.3591244387427838,0.17358883899935856,0.4346536241180244,0.06747250569701774,0.0651806822019588,0.315096251266464,0.6170212765957447,0.475177304964539,0.29550827423167847,0.031070584262073625,0.19689294157379264,0.39344815940560623,0.38838230327592027
Hugo_Dellien,2.4633333333333334,0.19724770642201836,0.6511627906976745,0.15432098765432098,0.24691358024691357,0.09453302961275627,0.025056947608200455,0.3086560364464693,0.26651480637813213,0.4214123006833713,0.06166666666666667,0.0963302752293578,0.2018348623853211,0.7568807339449541,0.6238532110091743,0.2018348623853211,0.03669724770642202,0.12385321100917432,0.3577981651376147,0.5045871559633027
Hugo_Gaston,2.0802139037433154,0.3146853146853147,0.5777777777777777,0.15827338129496402,0.20863309352517986,0.08085808580858085,0.10396039603960396,0.37458745874587457,0.24752475247524752,0.3712871287128713,0.0338680926916221,0.11188811188811189,0.20279720279720279,0.6223776223776224,0.4195804195804196,0.26573426573426573,0.06293706293706294,0.3356643356643357,0.3006993006993007,0.3356643356643357
Illya_Marchenko,2.9367088607594938,0.25,0.7,0.0,0.2826086956521739,0.0718954248366013,0.026143790849673203,0.29411764705882354,0.23529411764705882,0.46405228758169936,0.0,0.025,0.275,0.675,0.5,0.325,0.0,0.375,0.3,0.3
Inaki_Montes_De_La_Torre,3.045977011494253,0.05128205128205128,1.0,0.08695652173913043,0.17391304347826086,0.11235955056179775,0.033707865168539325,0.19662921348314608,0.5168539325842697,0.28651685393258425,0.0,0.1794871794871795,0.3076923076923077,0.5641025641025641,0.38461538461538464,0.3076923076923077,0.05128205128205128,0.41025641025641024,0.23076923076923078,0.3076923076923077
J_J_Wolf,2.34375,0.15966386554621848,0.631578947368421,0.07920792079207921,0.2722772277227723,0.050387596899224806,0.005813953488372093,0.3333333333333333,0.21124031007751937,0.4476744186046512,0.041666666666666664,0.04201680672268908,0.3865546218487395,0.5378151260504201,0.5378151260504201,0.3445378151260504,0.04201680672268908,0.20168067226890757,0.31932773109243695,0.46218487394957986
Jack_Draper,2.280334728033473,0.2757009345794392,0.576271186440678,0.11206896551724138,0.16091954022988506,0.03159041394335512,0.015250544662309368,0.4095860566448802,0.23638344226579522,0.340958605664488,0.061366806136680614,0.04205607476635514,0.3878504672897196,0.5841121495327103,0.4392523364485981,0.4158878504672897,0.0,0.21962616822429906,0.3925233644859813,0.3598130841121495
Jakub_Mensik,2.0290697674418605,0.32558139534883723,0.7142857142857143,0.3076923076923077,0.2948717948717949,0.03954802259887006,0.03954802259887006,0.3107344632768362,0.2711864406779661,0.4124293785310734,0.06395348837209303,0.046511627906976744,0.5581395348837209,0.4186046511627907,0.4186046511627907,0.4186046511627907,0.023255813953488372,0.4418604651162791,0.13953488372093023,0.37209302325581395
Jan_Choinski,2.8981481481481484,0.23255813953488372,0.5,0.015873015873015872,0.2698412698412698,0.04390243902439024,0.00975609756097561,0.37073170731707317,0.14634146341463414,0.4682926829268293,0.018518518518518517,0.06976744186046512,0.5116279069767442,0.46511627906976744,0.3953488372093023,0.4418604651162791,0.0,0.06976744186046512,0.5116279069767442,0.4186046511627907
Jan_Lennard_Struff,2.0258992805755396,0.3868194842406877,0.6592592592592592,0.29559748427672955,0.24213836477987422,0.06661991584852735,0.004207573632538569,0.27980364656381485,0.270687237026648,0.44530154277699857,0.051798561151079135,0.04871060171919771,0.44126074498567336,0.45272206303724927,0.4498567335243553,0.3524355300859599,0.04011461318051576,0.2607449856733524,0.42120343839541546,0.30945558739255014
Jannik_Sinner,2.313701923076923,0.22270505160239001,0.6341463414634146,0.17877469032474055,0.2413793103448276,0.03868775323487126,0.024310547640831265,0.2990458763560319,0.2533002221931774,0.4402038949156973,0.03863324175824176,0.045627376425855515,0.36556219445953286,0.5958718087995655,0.4687669744703965,0.37425312330255295,0.011950027159152634,0.2971211298207496,0.28517110266159695,0.40032590983161326
Jason_Jung,2.6145833333333335,0.07692307692307693,0.3333333333333333,0.19642857142857142,0.17857142857142858,0.08387096774193549,0.04516129032258064,0.25806451612903225,0.41935483870967744,0.3096774193548387,0.03125,0.02564102564102564,0.15384615384615385,0.8461538461538461,0.6153846153846154,0.2564102564102564,0.0,0.3076923076923077,0.2564102564102564,0.4358974358974359
Jason_Kubler,2.5434782608695654,0.140625,0.5555555555555556,0.0784313725490196,0.20588235294117646,0.06690140845070422,0.01056338028169014,0.27816901408450706,0.1795774647887324,0.5352112676056338,0.043478260869565216,0.09375,0.421875,0.546875,0.4375,0.421875,0.03125,0.203125,0.34375,0.421875
Jaume_Munar,2.4618834080717487,0.20704845814977973,0.6382978723404256,0.17010309278350516,0.24484536082474226,0.03885480572597137,0.03578732106339468,0.21267893660531698,0.16768916155419222,0.3609406952965235,0.02242152466367713,0.039647577092511016,0.2907488986784141,0.6696035242290749,0.5374449339207048,0.32599118942731276,0.013215859030837005,0.18502202643171806,0.2555066079295154,0.5374449339207048
Javier_Barranco_Cosano,2.7666666666666666,0.16470588235294117,0.5,0.06923076923076923,0.2076923076923077,0.10512129380053908,0.03504043126684636,0.3450134770889488,0.3045822102425876,0.33962264150943394,0.04285714285714286,0.07058823529411765,0.15294117647058825,0.8,0.6470588235294118,0.2235294117647059,0.023529411764705882,0.16470588235294117,0.4,0.4
Jelle_Sels,2.57649667405765,0.21764705882352942,0.5945945945945946,0.05405405405405406,0.2277992277992278,0.11954992967651196,0.030942334739803096,0.3333333333333333,0.2770745428973277,0.38396624472573837,0.026607538802660754,0.13529411764705881,0.23529411764705882,0.711764705882353,0.5411764705882353,0.2235294117647059,0.029411764705882353,0.23529411764705882,0.28823529411764703,0.4470588235294118
Jenson_Brooksby,2.5,0.2222222222222222,0.625,0.18867924528301888,0.20754716981132076,0.028985507246376812,0.021739130434782608,0.2391304347826087,0.15942028985507245,0.5869565217391305,0.010869565217391304,0.0,0.2777777777777778,0.6944444444444444,0.5555555555555556,0.3611111111111111,0.027777777777777776,0.25,0.3333333333333333,0.3888888888888889
Jesper_De_Jong,2.435202205882353,0.2864721485411141,0.5972222222222222,0.07023705004389816,0.18086040386303776,0.05763688760806916,0.034902337495997436,0.3336535382644893,0.2388728786423311,0.41882804995196926,0.04411764705882353,0.07029177718832891,0.3090185676392573,0.6405835543766578,0.5238726790450928,0.27851458885941643,0.021220159151193633,0.2891246684350133,0.3541114058355438,0.3328912466843501
Jiri_Lehecka,2.173469387755102,0.26688102893890675,0.6024096385542169,0.30127041742286753,0.3194192377495463,0.07351778656126483,0.01818181818181818,0.26324110671936757,0.4490118577075099,0.2798418972332016,0.04638218923933209,0.09646302250803858,0.2733118971061093,0.6688102893890675,0.4919614147909968,0.2797427652733119,0.04180064308681672,0.1832797427652733,0.4180064308681672,0.39228295819935693
Jo_Wilfried_Tsonga,1.9530791788856305,0.38271604938271603,0.7419354838709677,0.14457831325301204,0.25903614457831325,0.08307692307692308,0.027692307692307693,0.3569230769230769,0.24923076923076923,0.38461538461538464,0.04398826979472141,0.13580246913580246,0.14814814814814814,0.7530864197530864,0.6296296296296297,0.06172839506172839,0.04938271604938271,0.2716049382716049,0.3333333333333333,0.3950617283950617
Joao_Fonseca,2.303249097472924,0.19487179487179487,0.631578947368421,0.20967741935483872,0.29354838709677417,0.054016620498614956,0.045706371191135735,0.33240997229916897,0.23684210526315788,0.4265927977839335,0.018050541516245487,0.05128205128205128,0.28717948717948716,0.6307692307692307,0.49743589743589745,0.28717948717948716,0.020512820512820513,0.24615384615384617,0.2358974358974359,0.5076923076923077
Joao_Sousa,2.0277777777777777,0.2037037037037037,1.0,0.08571428571428572,0.2571428571428571,0.04954954954954955,0.018018018018018018,0.3963963963963964,0.16216216216216217,0.4369369369369369,0.05555555555555555,0.018518518518518517,0.25925925925925924,0.7222222222222222,0.6481481481481481,0.2777777777777778,0.0,0.42592592592592593,0.18518518518518517,0.3888888888888889
John_Isner,1.7717842323651452,0.5189873417721519,0.6504065040650406,0.5159362549800797,0.2549800796812749,0.08064516129032258,0.026881720430107527,0.26559139784946234,0.25591397849462366,0.4043010752688172,0.14024896265560166,0.0759493670886076,0.25738396624472576,0.5822784810126582,0.459915611814346,0.2742616033755274,0.08860759493670886,0.21940928270042195,0.4050632911392405,0.3755274261603376
John_Millman,3.015151515151515,0.14285714285714285,0.5,0.014285714285714285,0.24285714285714285,0.022556390977443608,0.0,0.34962406015037595,0.18045112781954886,0.4699248120300752,0.007575757575757576,0.05357142857142857,0.5,0.5,0.375,0.5535714285714286,0.0,0.25,0.21428571428571427,0.5357142857142857
Jozef_Kovalik,2.4346289752650176,0.21428571428571427,0.9047619047619048,0.10191082802547771,0.15286624203821655,0.10098522167487685,0.019704433497536946,0.2955665024630542,0.21921182266009853,0.4729064039408867,0.03180212014134275,0.15306122448979592,0.16326530612244897,0.7755102040816326,0.5,0.22448979591836735,0.05102040816326531,0.15306122448979592,0.45918367346938777,0.336734693877551
Juan_Carlos_Prado_Angelo,2.6459627329192545,0.0972972972972973,0.8333333333333334,0.18374558303886926,0.2968197879858657,0.03270440251572327,0.011320754716981131,0.23647798742138365,0.2968553459119497,0.4327044025157233,0.016563146997929608,0.016216216216216217,0.15675675675675677,0.8378378378378378,0.5621621621621622,0.34594594594594597,0.005405405405405406,0.07567567567567568,0.4540540540540541,0.42702702702702705
Juan_Ignacio_Londero,2.295698924731183,0.10294117647058823,0.2857142857142857,0.09803921568627451,0.4215686274509804,0.04564315352697095,0.05394190871369295,0.13278008298755187,0.04564315352697095,0.3112033195020747,0.005376344086021506,0.014705882352941176,0.25,0.7058823529411765,0.5735294117647058,0.27941176470588236,0.0,0.4852941176470588,0.07352941176470588,0.4411764705882353
Juan_Manuel_Cerundolo,2.2479338842975207,0.24390243902439024,0.4,0.01694915254237288,0.1694915254237288,0.046357615894039736,0.019867549668874173,0.31125827814569534,0.1986754966887417,0.47019867549668876,0.04132231404958678,0.0975609756097561,0.34146341463414637,0.6341463414634146,0.6829268292682927,0.21951219512195122,0.024390243902439025,0.2682926829268293,0.34146341463414637,0.36585365853658536
Juan_Martin_Del_Potro,2.73972602739726,0.06451612903225806,1.0,0.022222222222222223,0.24444444444444444,0.015748031496062992,0.031496062992125984,0.5354330708661418,0.14960629921259844,0.31496062992125984,0.0273972602739726,0.03225806451612903,0.25806451612903225,0.7096774193548387,0.5806451612903226,0.3548387096774194,0.0,0.41935483870967744,0.1935483870967742,0.3548387096774194
Juan_Pablo_Ficovich,2.2169811320754715,0.15625,0.8,0.29310344827586204,0.25862068965517243,0.06976744186046512,0.015503875968992248,0.35658914728682173,0.26356589147286824,0.37209302325581395,0.05660377358490566,0.09375,0.625,0.3125,0.53125,0.25,0.03125,0.28125,0.34375,0.3125
Juan_Pablo_Varillas,2.563975155279503,0.1564625850340136,0.7608695652173914,0.2205240174672489,0.25109170305676853,0.04924543288324067,0.012708498808578236,0.2255758538522637,0.18903891977760126,0.37728355837966643,0.03602484472049689,0.06462585034013606,0.336734693877551,0.6564625850340136,0.5408163265306123,0.32653061224489793,0.003401360544217687,0.2925170068027211,0.2857142857142857,0.40476190476190477
Juncheng_Shang,2.68362480127186,0.16595744680851063,0.7692307692307693,0.29891304347826086,0.24456521739130435,0.05854579792256846,0.036827195467422094,0.323890462700661,0.2559017941454202,0.3937677053824363,0.0397456279809221,0.059574468085106386,0.2170212765957447,0.7361702127659574,0.5574468085106383,0.2851063829787234,0.03404255319148936,0.08085106382978724,0.4851063829787234,0.4085106382978723
Jurij_Rodionov,1.8909090909090909,0.4473684210526316,0.8235294117647058,0.10666666666666667,0.24,0.07482993197278912,0.027210884353741496,0.4557823129251701,0.20408163265306123,0.3129251700680272,0.06060606060606061,0.07894736842105263,0.07894736842105263,0.8421052631578947,0.47368421052631576,0.23684210526315788,0.02631578947368421,0.3684210526315789,0.18421052631578946,0.4473684210526316
Karen_Khachanov,2.233720930232558,0.20727272727272728,0.5263157894736842,0.28817204301075267,0.24516129032258063,0.08294062205466542,0.03581526861451461,0.2224316682375118,0.23374175306314798,0.32799245994344955,0.05116279069767442,0.09090909090909091,0.36363636363636365,0.5890909090909091,0.44,0.3490909090909091,0.014545454545454545,0.14181818181818182,0.4,0.43636363636363634
Karue_Sell,2.443708609271523,0.2413793103448276,0.7142857142857143,0.24437299035369775,0.24115755627009647,0.05045871559633028,0.01261467889908257,0.33256880733944955,0.2018348623853211,0.45871559633027525,0.0380794701986755,0.07389162561576355,0.35960591133004927,0.6009852216748769,0.5073891625615764,0.32019704433497537,0.009852216748768473,0.31527093596059114,0.270935960591133,0.39408866995073893
Kaylan_Bigun,1.8455284552845528,0.3584905660377358,0.7894736842105263,0.11009174311926606,0.1834862385321101,0.038461538461538464,0.028846153846153848,0.36538461538461536,0.23557692307692307,0.375,0.056910569105691054,0.018867924528301886,0.33962264150943394,0.6037735849056604,0.5283018867924528,0.24528301886792453,0.018867924528301886,0.33962264150943394,0.3584905660377358,0.3018867924528302
Kimmer_Coppejans,2.8448275862068964,0.14084507042253522,0.9,0.3177570093457944,0.2336448598130841,0.059190031152647975,0.04984423676012461,0.2772585669781931,0.32087227414330216,0.37694704049844235,0.040229885057471264,0.04225352112676056,0.323943661971831,0.6197183098591549,0.49295774647887325,0.36619718309859156,0.014084507042253521,0.29577464788732394,0.16901408450704225,0.5070422535211268
Laslo_Djere,2.3431855500821017,0.17955801104972377,0.5692307692307692,0.2110236220472441,0.30708661417322836,0.09168704156479218,0.030562347188264057,0.28728606356968217,0.2768948655256724,0.4193154034229829,0.04597701149425287,0.08011049723756906,0.35911602209944754,0.5773480662983426,0.494475138121547,0.3342541436464088,0.04143646408839779,0.1878453038674033,0.3397790055248619,0.45027624309392267
Lorenzo_Musetti,2.5650765606595995,0.27430830039525694,0.6455331412103746,0.22964087000505817,0.2159838138593829,0.09764816556914394,0.04477892756349953,0.3006585136406397,0.1986829727187206,0.4873000940733772,0.02944640753828033,0.09011857707509881,0.2592885375494071,0.6308300395256917,0.49407114624505927,0.2592885375494071,0.052964426877470355,0.16205533596837945,0.37470355731225297,0.44189723320158103
Lorenzo_Sonego,2.1951219512195124,0.2761904761904762,0.6379310344827587,0.29365079365079366,0.23809523809523808,0.12244897959183673,0.058823529411764705,0.3241296518607443,0.24969987995198079,0.42016806722689076,0.03443328550932568,0.1,0.20952380952380953,0.6714285714285714,0.42857142857142855,0.2857142857142857,0.03333333333333333,0.3047619047619048,0.23809523809523808,0.44285714285714284
Luca_Nardi,2.5483870967741935,0.29411764705882354,0.2,0.10344827586206896,0.39655172413793105,0.06944444444444445,0.027777777777777776,0.3055555555555556,0.1875,0.5,0.010752688172043012,0.058823529411764705,0.20588235294117646,0.7058823529411765,0.5294117647058824,0.3235294117647059,0.029411764705882353,0.08823529411764706,0.38235294117647056,0.5
Luca_Van_Assche,2.808641975308642,0.11940298507462686,1.0,0.07777777777777778,0.12222222222222222,0.051194539249146756,0.027303754266211604,0.3174061433447099,0.16723549488054607,0.5119453924914675,0.06172839506172839,0.029850746268656716,0.3582089552238806,0.6119402985074627,0.5223880597014925,0.3283582089552239,0.0,0.3582089552238806,0.31343283582089554,0.31343283582089554
Lucas_Catarina,2.706140350877193,0.16374269005847952,0.5714285714285714,0.10483870967741936,0.16129032258064516,0.05012853470437018,0.016709511568123392,0.34704370179948585,0.1953727506426735,0.448586118251928,0.039473684210526314,0.023391812865497075,0.3508771929824561,0.6257309941520468,0.6023391812865497,0.3157894736842105,0.017543859649122806,0.26900584795321636,0.3157894736842105,0.4093567251461988
Lucas_Pouille,2.121359223300971,0.28688524590163933,0.5428571428571428,0.20673076923076922,0.24519230769230768,0.049783549783549784,0.047619047619047616,0.31385281385281383,0.1645021645021645,0.5194805194805194,0.050970873786407765,0.040983606557377046,0.2540983606557377,0.639344262295082,0.5081967213114754,0.30327868852459017,0.04918032786885246,0.13934426229508196,0.4180327868852459,0.4426229508196721
Luciano_Darderi,2.4166666666666665,0.24680851063829787,0.603448275862069,0.1994535519125683,0.19398907103825136,0.09072781655034895,0.03489531405782652,0.35493519441674976,0.25623130608175476,0.37587238285144564,0.043785310734463276,0.09787234042553192,0.25957446808510637,0.6468085106382979,0.49361702127659574,0.2765957446808511,0.06808510638297872,0.26382978723404255,0.3191489361702128,0.40425531914893614
Lukas_Klein,2.088607594936709,0.44680851063829785,0.9047619047619048,0.3375,0.1375,0.08139534883720931,0.029069767441860465,0.38372093023255816,0.20930232558139536,0.4011627906976744,0.02531645569620253,0.0851063829787234,0.2127659574468085,0.7021276595744681,0.3829787234042553,0.3404255319148936,0.02127659574468085,0.2978723404255319,0.19148936170212766,0.48936170212765956
Lukas_Neumayer,2.4150943396226414,0.0,0.0,0.03508771929824561,0.3333333333333333,0.08666666666666667,0.03333333333333333,0.20666666666666667,0.30666666666666664,0.4066666666666667,0.03773584905660377,0.058823529411764705,0.29411764705882354,0.6764705882352942,0.6176470588235294,0.3235294117647059,0.029411764705882353,0.08823529411764706,0.5294117647058824,0.38235294117647056
Malek_Jaziri,2.172268907563025,0.2714285714285714,0.5789473684210527,0.06716417910447761,0.19402985074626866,0.13978494623655913,0.053763440860215055,0.33691756272401435,0.15770609318996415,0.4946236559139785,0.046218487394957986,0.17142857142857143,0.22857142857142856,0.6428571428571429,0.37142857142857144,0.2714285714285714,0.11428571428571428,0.2571428571428571,0.35714285714285715,0.38571428571428573
Marco_Cecchinato,2.3831341301460824,0.3088512241054614,0.6951219512195121,0.023702031602708805,0.18284424379232506,0.07345175228036485,0.05328852616418627,0.34373499759961595,0.1944311089774364,0.45463274123859815,0.021912350597609563,0.0696798493408663,0.2015065913370998,0.7099811676082862,0.5630885122410546,0.20903954802259886,0.03389830508474576,0.2580037664783427,0.32015065913371,0.3935969868173258
Marco_Trungelliti,2.2549019607843137,0.4166666666666667,0.64,0.297029702970297,0.297029702970297,0.04296875,0.0546875,0.33984375,0.17578125,0.46875,0.014705882352941176,0.0,0.38333333333333336,0.5333333333333333,0.4166666666666667,0.3333333333333333,0.05,0.11666666666666667,0.26666666666666666,0.5666666666666667
Marcos_Giron,2.335294117647059,0.16981132075471697,0.7777777777777778,0.2808988764044944,0.2247191011235955,0.07488986784140969,0.01762114537444934,0.2026431718061674,0.3964757709251101,0.3964757709251101,0.041176470588235294,0.05660377358490566,0.16981132075471697,0.7735849056603774,0.4716981132075472,0.41509433962264153,0.03773584905660377,0.3018867924528302,0.2641509433962264,0.4339622641509434
Mariano_Navone,2.772727272727273,0.1452991452991453,0.5,0.08333333333333333,0.2808641975308642,0.041666666666666664,0.014957264957264958,0.26282051282051283,0.22115384615384615,0.5,0.011363636363636364,0.038461538461538464,0.5085470085470085,0.46153846153846156,0.45726495726495725,0.42735042735042733,0.004273504273504274,0.3333333333333333,0.25213675213675213,0.3888888888888889
Marin_Cilic,2.0161166538756716,0.23170731707317074,0.6973684210526315,0.2977346278317152,0.24110032362459546,0.052870090634441085,0.03172205438066465,0.3285498489425982,0.21374622356495468,0.45468277945619334,0.08365310821181889,0.04573170731707317,0.3353658536585366,0.6158536585365854,0.47865853658536583,0.375,0.039634146341463415,0.22865853658536586,0.3567073170731707,0.38414634146341464
Martin_Landaluce,2.3682008368200838,0.18072289156626506,0.6666666666666666,0.05384615384615385,0.14615384615384616,0.045871559633027525,0.027522935779816515,0.26299694189602446,0.28134556574923547,0.4525993883792049,0.04184100418410042,0.03614457831325301,0.26506024096385544,0.7108433734939759,0.5060240963855421,0.39759036144578314,0.024096385542168676,0.3253012048192771,0.2891566265060241,0.3614457831325301
Marton_Fucsovics,2.609375,0.24829931972789115,0.5616438356164384,0.13122171945701358,0.26018099547511314,0.16056758775205376,0.039581777445855115,0.3554891710231516,0.24122479462285287,0.40179238237490666,0.019230769230769232,0.1326530612244898,0.2687074829931973,0.6190476190476191,0.5034013605442177,0.23809523809523808,0.08843537414965986,0.22108843537414966,0.2925170068027211,0.47959183673469385
Mateus_Alves,2.187935034802784,0.15126050420168066,0.7222222222222222,0.31100478468899523,0.23444976076555024,0.08203125,0.017578125,0.296875,0.208984375,0.48828125,0.06728538283062645,0.1092436974789916,0.2773109243697479,0.6974789915966386,0.5210084033613446,0.31932773109243695,0.025210084033613446,0.2605042016806723,0.3445378151260504,0.3865546218487395
Matteo_Arnaldi,2.2941176470588234,0.17647058823529413,0.6666666666666666,0.30939226519337015,0.19337016574585636,0.11363636363636363,0.024793388429752067,0.2603305785123967,0.25,0.4855371900826446,0.08021390374331551,0.15126050420168066,0.47058823529411764,0.42857142857142855,0.36134453781512604,0.40336134453781514,0.08403361344537816,0.10084033613445378,0.48739495798319327,0.37815126050420167
Matteo_Berrettini,2.1258603736479844,0.24334600760456274,0.734375,0.3690248565965583,0.30019120458891013,0.12314410480349346,0.05414847161572053,0.31004366812227074,0.2017467248908297,0.4820960698689956,0.0599803343166175,0.16730038022813687,0.17870722433460076,0.7224334600760456,0.5285171102661597,0.17110266159695817,0.07224334600760456,0.22813688212927757,0.3231939163498099,0.4372623574144487
Matteo_Martineau,1.9565217391304348,0.5,0.6875,0.3188405797101449,0.2608695652173913,0.09848484848484848,0.07575757575757576,0.3106060606060606,0.2196969696969697,0.4090909090909091,0.050724637681159424,0.09375,0.125,0.6875,0.3125,0.3125,0.09375,0.09375,0.5,0.40625
Max_Hans_Rehberg,2.9473684210526314,0.14035087719298245,0.75,0.02564102564102564,0.16666666666666666,0.04247104247104247,0.011583011583011582,0.4015444015444015,0.16216216216216217,0.4362934362934363,0.03007518796992481,0.05263157894736842,0.2807017543859649,0.7017543859649122,0.6140350877192983,0.2807017543859649,0.0,0.2982456140350877,0.3157894736842105,0.3508771929824561
Max_Houkes,2.4564315352697097,0.3048780487804878,0.72,0.08088235294117647,0.22058823529411764,0.02564102564102564,0.011396011396011397,0.4985754985754986,0.19373219373219372,0.30484330484330485,0.058091286307053944,0.036585365853658534,0.18292682926829268,0.8170731707317073,0.6829268292682927,0.21951219512195122,0.0,0.3048780487804878,0.2804878048780488,0.4024390243902439
Maxime_Cressy,1.517766497461929,1.6,0.6442307692307693,0.5692307692307692,0.1641025641025641,0.11764705882352941,0.016339869281045753,0.3431372549019608,0.2908496732026144,0.3660130718954248,0.10490693739424704,0.13846153846153847,0.1076923076923077,0.36923076923076925,0.27692307692307694,0.12307692307692308,0.15384615384615385,0.18461538461538463,0.38461538461538464,0.38461538461538464
Maximilian_Marterer,2.2195121951219514,0.1368421052631579,0.6153846153846154,0.2147239263803681,0.36809815950920244,0.07,0.0275,0.42,0.18,0.3975,0.03353658536585366,0.07368421052631578,0.14736842105263157,0.8105263157894737,0.6736842105263158,0.18947368421052632,0.031578947368421054,0.18947368421052632,0.30526315789473685,0.5052631578947369
Maximilian_Neuchrist,2.8732394366197185,0.2777777777777778,0.84,0.06870229007633588,0.16793893129770993,0.11027568922305764,0.017543859649122806,0.3258145363408521,0.13533834586466165,0.5363408521303258,0.046948356807511735,0.06666666666666667,0.2777777777777778,0.6444444444444445,0.45555555555555555,0.26666666666666666,0.044444444444444446,0.16666666666666666,0.4111111111111111,0.4111111111111111
Mikael_Ymer,2.4314159292035398,0.16551724137931034,0.6666666666666666,0.05,0.24583333333333332,0.04173106646058733,0.02936630602782071,0.33075734157650694,0.2596599690880989,0.4034003091190108,0.03982300884955752,0.05517241379310345,0.43448275862068964,0.503448275862069,0.496551724137931,0.3448275862068966,0.027586206896551724,0.4206896551724138,0.2896551724137931,0.25517241379310346
Miljan_Zekic,2.8536585365853657,0.2903225806451613,0.6666666666666666,0.2962962962962963,0.2777777777777778,0.03289473684210526,0.02631578947368421,0.18421052631578946,0.47368421052631576,0.3355263157894737,0.0,0.0,0.25806451612903225,0.6129032258064516,0.5483870967741935,0.25806451612903225,0.03225806451612903,0.6129032258064516,0.16129032258064516,0.1935483870967742
Miomir_Kecmanovic,2.746031746031746,0.17330210772833723,0.6756756756756757,0.1821138211382114,0.23252032520325203,0.06256684491978609,0.022459893048128343,0.2978609625668449,0.30427807486631014,0.3946524064171123,0.03828197945845005,0.0702576112412178,0.3372365339578454,0.639344262295082,0.5526932084309133,0.29508196721311475,0.0117096018735363,0.2224824355971897,0.3583138173302108,0.3981264637002342
Nick_Hardt,2.446886446886447,0.17346938775510204,0.5882352941176471,0.20279720279720279,0.13286713286713286,0.10126582278481013,0.035443037974683546,0.26582278481012656,0.31139240506329113,0.39746835443037976,0.040293040293040296,0.08163265306122448,0.22448979591836735,0.6632653061224489,0.3979591836734694,0.3877551020408163,0.061224489795918366,0.24489795918367346,0.2857142857142857,0.42857142857142855
Nick_Kyrgios,1.8689655172413793,0.13333333333333333,0.75,0.5166666666666667,0.3333333333333333,0.06349206349206349,0.031746031746031744,0.15873015873015872,0.5158730158730159,0.30952380952380953,0.13793103448275862,0.03333333333333333,0.43333333333333335,0.4666666666666667,0.3333333333333333,0.5333333333333333,0.03333333333333333,0.2,0.5333333333333333,0.26666666666666666
Nicolai_Budkov_Kjaer,2.4844290657439445,0.12359550561797752,0.5454545454545454,0.1342281879194631,0.2684563758389262,0.07925407925407925,0.02097902097902098,0.23776223776223776,0.4382284382284382,0.30536130536130535,0.01730103806228374,0.10112359550561797,0.4044943820224719,0.5056179775280899,0.47191011235955055,0.30337078651685395,0.0449438202247191,0.3707865168539326,0.2808988764044944,0.30337078651685395
Nicolas_Alvarez_Varona,2.953846153846154,0.2,0.6666666666666666,0.05128205128205128,0.3076923076923077,0.047244094488188976,0.05511811023622047,0.3700787401574803,0.2677165354330709,0.3543307086614173,0.0,0.1,0.4,0.5333333333333333,0.6,0.23333333333333334,0.0,0.26666666666666666,0.3333333333333333,0.4
Nicolas_Jarry,2.083991385498923,0.2813333333333333,0.7156398104265402,0.33070301291248205,0.2783357245337159,0.0857615894039735,0.02019867549668874,0.25165562913907286,0.31920529801324504,0.42317880794701984,0.06927494615936827,0.09733333333333333,0.336,0.5906666666666667,0.424,0.332,0.044,0.14533333333333334,0.404,0.44666666666666666
Nicolas_Mejia,2.425357873210634,0.22085889570552147,0.75,0.08527131782945736,0.16279069767441862,0.058823529411764705,0.04447632711621234,0.34576757532281205,0.30272596843615496,0.3400286944045911,0.016359918200409,0.06748466257668712,0.2085889570552147,0.7423312883435583,0.5705521472392638,0.2085889570552147,0.012269938650306749,0.2392638036809816,0.4539877300613497,0.3067484662576687
Novak_Djokovic,2.5565275016567264,0.23998556477805846,0.6676691729323309,0.26170863732642974,0.2257001647446458,0.07050408719346049,0.03848773841961853,0.32791212534059944,0.23978201634877383,0.4271117166212534,0.04068919814446653,0.06459761818837964,0.32984482136412846,0.5961746661854926,0.49837603753157705,0.31035727174305305,0.03608805485384338,0.21328040418621436,0.376037531577048,0.3890292313244316
Nuno_Borges,2.42010582010582,0.17777777777777778,0.7321428571428571,0.2896281800391389,0.27788649706457924,0.05439642324888227,0.039493293591654245,0.23845007451564829,0.40238450074515647,0.3375558867362146,0.03492063492063492,0.044444444444444446,0.21904761904761905,0.7111111111111111,0.5238095238095238,0.3238095238095238,0.031746031746031744,0.37777777777777777,0.2857142857142857,0.3142857142857143
Oleksandr_Ovcharenko,2.523316062176166,0.109375,0.5714285714285714,0.23958333333333334,0.3541666666666667,0.034013605442176874,0.034013605442176874,0.19047619047619047,0.46938775510204084,0.3129251700680272,0.025906735751295335,0.015625,0.421875,0.5625,0.484375,0.453125,0.0,0.609375,0.1875,0.1875
Oleksii_Krutykh,2.5508474576271185,0.08333333333333333,0.5,0.03278688524590164,0.16393442622950818,0.07103825136612021,0.0273224043715847,0.2786885245901639,0.20218579234972678,0.5191256830601093,0.03389830508474576,0.08333333333333333,0.4583333333333333,0.5416666666666666,0.4375,0.4583333333333333,0.0,0.4583333333333333,0.25,0.25
Oscar_Otte,2.0140350877192983,0.17333333333333334,0.5384615384615384,0.09701492537313433,0.13432835820895522,0.05190311418685121,0.03460207612456748,0.2837370242214533,0.30103806228373703,0.4117647058823529,0.06315789473684211,0.09333333333333334,0.37333333333333335,0.5866666666666667,0.6533333333333333,0.16,0.02666666666666667,0.22666666666666666,0.4,0.3333333333333333
Otto_Virtanen,2.0985221674876846,0.46153846153846156,0.3333333333333333,0.36,0.35,0.053811659192825115,0.04932735426008968,0.27802690582959644,0.21973094170403587,0.4439461883408072,0.08374384236453201,0.07692307692307693,0.36538461538461536,0.4807692307692308,0.46153846153846156,0.19230769230769232,0.019230769230769232,0.17307692307692307,0.5576923076923077,0.25
Pablo_Andujar,2.5620915032679736,0.2231404958677686,0.5185185185185185,0.005494505494505495,0.15934065934065933,0.0397489539748954,0.02301255230125523,0.27405857740585776,0.16527196652719664,0.5585774058577406,0.016339869281045753,0.024793388429752067,0.2644628099173554,0.7024793388429752,0.5041322314049587,0.34710743801652894,0.008264462809917356,0.4132231404958678,0.23140495867768596,0.3305785123966942
Pablo_Carreno_Busta,2.8038461538461537,0.21608040201005024,0.6046511627906976,0.07796610169491526,0.15932203389830507,0.04157782515991471,0.02025586353944563,0.30597014925373134,0.21855010660980811,0.47334754797441364,0.032692307692307694,0.04020100502512563,0.32160804020100503,0.6381909547738693,0.5125628140703518,0.36180904522613067,0.02512562814070352,0.3015075376884422,0.3015075376884422,0.38190954773869346
Pablo_Cuevas,2.4892086330935252,0.08163265306122448,1.0,0.09230769230769231,0.35384615384615387,0.01932367149758454,0.0,0.2995169082125604,0.28502415458937197,0.40096618357487923,0.05755395683453238,0.061224489795918366,0.40816326530612246,0.5918367346938775,0.7346938775510204,0.1836734693877551,0.0,0.24489795918367346,0.32653061224489793,0.3877551020408163
Pablo_Llamas_Ruiz,2.316326530612245,0.3125,0.7,0.019230769230769232,0.17307692307692307,0.10077519379844961,0.046511627906976744,0.37209302325581395,0.24031007751937986,0.35658914728682173,0.04081632653061224,0.03125,0.375,0.46875,0.65625,0.09375,0.125,0.09375,0.375,0.5
Paul_Jubb,1.8859060402684564,0.22857142857142856,0.75,0.12121212121212122,0.10606060606060606,0.12878787878787878,0.015151515151515152,0.36363636363636365,0.22727272727272727,0.3939393939393939,0.06711409395973154,0.17142857142857143,0.2571428571428571,0.5428571428571428,0.45714285714285713,0.2857142857142857,0.2,0.3142857142857143,0.2857142857142857,0.4
Pavel_Kotov,2.4601542416452444,0.16129032258064516,0.6,0.2037914691943128,0.17061611374407584,0.04929577464788732,0.028169014084507043,0.31690140845070425,0.2746478873239437,0.40316901408450706,0.030848329048843187,0.04838709677419355,0.4112903225806452,0.5403225806451613,0.49193548387096775,0.3709677419354839,0.024193548387096774,0.29838709677419356,0.27419354838709675,0.3870967741935484
Pedro_Araujo,3.212328767123288,0.10144927536231885,0.5714285714285714,0.10416666666666667,0.28125,0.058823529411764705,0.03715170278637771,0.2476780185758514,0.3219814241486068,0.4148606811145511,0.00684931506849315,0.043478260869565216,0.4927536231884058,0.4927536231884058,0.4492753623188406,0.463768115942029,0.014492753623188406,0.3333333333333333,0.34782608695652173,0.2898550724637681
Pedro_Cachin,2.547945205479452,0.24390243902439024,0.7,0.07377049180327869,0.16393442622950818,0.05309734513274336,0.02359882005899705,0.2920353982300885,0.2182890855457227,0.48672566371681414,0.045662100456621,0.06097560975609756,0.47560975609756095,0.5121951219512195,0.36585365853658536,0.4634146341463415,0.0,0.3170731707317073,0.24390243902439024,0.4268292682926829
Pedro_Martinez,2.3420348058902274,0.23597678916827852,0.7131147540983607,0.1423312883435583,0.16932515337423312,0.1057356608478803,0.045386533665835414,0.29625935162094763,0.2488778054862843,0.4354114713216958,0.03346720214190094,0.1102514506769826,0.28820116054158607,0.6189555125725339,0.47775628626692457,0.2611218568665377,0.05222437137330754,0.26305609284332687,0.3520309477756286,0.3694390715667311
Peter_Bertran,2.3963963963963963,0.23255813953488372,0.8,0.3392857142857143,0.42857142857142855,0.12903225806451613,0.03225806451612903,0.23870967741935484,0.2903225806451613,0.47096774193548385,0.06306306306306306,0.11627906976744186,0.18604651162790697,0.6744186046511628,0.4883720930232558,0.16279069767441862,0.046511627906976744,0.3488372093023256,0.06976744186046512,0.5813953488372093
Peter_Fajta,2.008695652173913,0.2,1.0,0.3709677419354839,0.12903225806451613,0.07758620689655173,0.05172413793103448,0.35344827586206895,0.27586206896551724,0.3706896551724138,0.08695652173913043,0.1,0.13333333333333333,0.7666666666666667,0.5666666666666667,0.16666666666666666,0.03333333333333333,0.06666666666666667,0.5666666666666667,0.36666666666666664
Pierre_Hugues_Herbert,1.9619326500732064,0.5844155844155844,0.5555555555555556,0.21739130434782608,0.14046822742474915,0.0532724505327245,0.0350076103500761,0.3409436834094368,0.2146118721461187,0.4353120243531202,0.060029282576866766,0.05844155844155844,0.2922077922077922,0.577922077922078,0.5844155844155844,0.19480519480519481,0.012987012987012988,0.2987012987012987,0.24025974025974026,0.4155844155844156
Prajnesh_Gunneswaran,2.161764705882353,0.11320754716981132,0.6666666666666666,0.37373737373737376,0.18181818181818182,0.10126582278481013,0.02109704641350211,0.24472573839662448,0.42616033755274263,0.3037974683544304,0.12745098039215685,0.07547169811320754,0.24528301886792453,0.7169811320754716,0.6226415094339622,0.24528301886792453,0.03773584905660377,0.4528301886792453,0.20754716981132076,0.32075471698113206
Quentin_Halys,1.594855305466238,0.6,0.6666666666666666,0.6086956521739131,0.23478260869565218,0.15135135135135136,0.05405405405405406,0.2918918918918919,0.1891891891891892,0.5081081081081081,0.09646302250803858,0.24444444444444444,0.2222222222222222,0.6222222222222222,0.3111111111111111,0.2222222222222222,0.06666666666666667,0.06666666666666667,0.4222222222222222,0.5111111111111111
Radu_Albot,2.4918276374442794,0.20164609053497942,0.7346938775510204,0.15466666666666667,0.208,0.06772908366533864,0.021912350597609563,0.2679282868525896,0.2549800796812749,0.4701195219123506,0.02823179791976226,0.0823045267489712,0.3168724279835391,0.6419753086419753,0.49382716049382713,0.3374485596707819,0.03292181069958848,0.3004115226337449,0.25102880658436216,0.41975308641975306
Rafael_Nadal,2.526833631484794,0.1958762886597938,0.7004048582995951,0.1991701244813278,0.2157676348547718,0.04003124389767623,0.02479984378051162,0.3774653388010154,0.21070103495411052,0.405584846709627,0.028920691711389387,0.03647898493259318,0.22283901665344966,0.7446471054718478,0.5503568596352102,0.3021411578112609,0.008723235527359239,0.1942902458366376,0.42426645519429024,0.36082474226804123
Raphael_Collignon,2.6747967479674797,0.10227272727272728,0.5555555555555556,0.192,0.128,0.07281553398058252,0.0,0.2766990291262136,0.2936893203883495,0.36650485436893204,0.04878048780487805,0.045454545454545456,0.2840909090909091,0.6818181818181818,0.6136363636363636,0.2727272727272727,0.022727272727272728,0.07954545454545454,0.5113636363636364,0.36363636363636365
Reilly_Opelka,1.7678926441351888,0.48066298342541436,0.632183908045977,0.3751507840772014,0.2822677925211098,0.07249190938511327,0.027184466019417475,0.28802588996763756,0.32103559870550163,0.3831715210355987,0.11282306163021869,0.0718232044198895,0.2845303867403315,0.6160220994475138,0.48066298342541436,0.26795580110497236,0.058011049723756904,0.2845303867403315,0.34806629834254144,0.35359116022099446
Renzo_Olivo,2.8350515463917527,0.23148148148148148,0.6,0.0,0.21301775147928995,0.10112359550561797,0.024344569288389514,0.2808988764044944,0.31273408239700373,0.4044943820224719,0.003436426116838488,0.06481481481481481,0.09259259259259259,0.8240740740740741,0.7222222222222222,0.17592592592592593,0.05555555555555555,0.3055555555555556,0.32407407407407407,0.3611111111111111
Richard_Gasquet,2.399551066217733,0.29285714285714287,0.7317073170731707,0.21428571428571427,0.16294642857142858,0.05292702485966319,0.034482758620689655,0.3520449077786688,0.1756214915797915,0.4659182036888532,0.04826038159371493,0.04285714285714286,0.4392857142857143,0.4714285714285714,0.3892857142857143,0.45,0.03214285714285714,0.15357142857142858,0.38571428571428573,0.44642857142857145
Roberto_Bautista_Agut,2.7096774193548385,0.22244488977955912,0.6936936936936937,0.1816958277254374,0.2274562584118439,0.07020623080298377,0.023255813953488372,0.29091706888986396,0.22378236068451074,0.48310662571303203,0.05026256564141035,0.08016032064128256,0.2845691382765531,0.6673346693386774,0.4729458917835671,0.3406813627254509,0.028056112224448898,0.17034068136272545,0.374749498997996,0.44488977955911824
Roberto_Carballes_Baena,2.6341463414634148,0.20783132530120482,0.6521739130434783,0.15447991761071062,0.1627188465499485,0.05401563610518834,0.024164889836531627,0.2583511016346837,0.2103766879886283,0.5223880597014925,0.03774680603948897,0.0572289156626506,0.3358433734939759,0.6310240963855421,0.5030120481927711,0.34036144578313254,0.015060240963855422,0.25903614457831325,0.25150602409638556,0.46987951807228917
Robin_Haase,2.3877551020408165,0.24509803921568626,0.72,0.05084745762711865,0.22033898305084745,0.06722689075630252,0.0273109243697479,0.2689075630252101,0.26260504201680673,0.4684873949579832,0.026239067055393587,0.029411764705882353,0.20588235294117646,0.7352941176470589,0.5980392156862745,0.30392156862745096,0.0392156862745098,0.27450980392156865,0.37254901960784315,0.3431372549019608
Roger_Federer,2.0941176470588236,0.32989690721649484,0.625,0.22832369942196531,0.18786127167630057,0.06989247311827956,0.033602150537634407,0.34408602150537637,0.24865591397849462,0.396505376344086,0.075,0.07731958762886598,0.25257731958762886,0.6494845360824743,0.4639175257731959,0.28350515463917525,0.05670103092783505,0.21649484536082475,0.39690721649484534,0.36082474226804123
Roman_Andres_Burruchaga,2.330188679245283,0.2972972972972973,0.5454545454545454,0.014705882352941176,0.19117647058823528,0.04964539007092199,0.0425531914893617,0.3404255319148936,0.14184397163120568,0.5106382978723404,0.009433962264150943,0.08108108108108109,0.35135135135135137,0.6216216216216216,0.32432432432432434,0.40540540540540543,0.02702702702702703,0.2972972972972973,0.32432432432432434,0.3783783783783784
Roman_Safiullin,2.0921985815602837,0.2926829268292683,0.5833333333333334,0.29850746268656714,0.23880597014925373,0.032467532467532464,0.01948051948051948,0.36363636363636365,0.18181818181818182,0.45454545454545453,0.028368794326241134,0.04878048780487805,0.5609756097560976,0.43902439024390244,0.5853658536585366,0.2926829268292683,0.0,0.21951219512195122,0.24390243902439024,0.5365853658536586
Salvatore_Caruso,2.8811188811188813,0.15625,0.6,0.0,0.07954545454545454,0.06319702602230483,0.0037174721189591076,0.3271375464684015,0.1821561338289963,0.4721189591078067,0.027972027972027972,0.03125,0.234375,0.734375,0.609375,0.296875,0.03125,0.171875,0.34375,0.46875
Sascha_Gueymard_Wayenburg,2.3803680981595092,0.2916666666666667,0.5714285714285714,0.15555555555555556,0.35555555555555557,0.044444444444444446,0.03111111111111111,0.30666666666666664,0.22666666666666666,0.4488888888888889,0.0,0.08333333333333333,0.22916666666666666,0.7708333333333334,0.4791666666666667,0.3541666666666667,0.0,0.3333333333333333,0.3333333333333333,0.3333333333333333
Sebastian_Baez,2.5527859237536656,0.15664961636828645,0.6448979591836734,0.18561872909698995,0.26045150501672243,0.05712936732766761,0.025967894239848913,0.2810827824992131,0.19987409505823103,0.4131255901794145,0.021994134897360705,0.054987212276214836,0.2826086956521739,0.6886189258312021,0.5223785166240409,0.3030690537084399,0.0159846547314578,0.2544757033248082,0.3139386189258312,0.41048593350383633
Sebastian_Korda,2.2861990950226243,0.25773195876288657,0.64,0.2317596566523605,0.259656652360515,0.06948109058927,0.03518029903254178,0.32981530343007914,0.21284080914687775,0.4467897977132806,0.03167420814479638,0.0859106529209622,0.4020618556701031,0.5085910652920962,0.42955326460481097,0.35051546391752575,0.041237113402061855,0.18213058419243985,0.3333333333333333,0.45017182130584193
Sebastian_Ofner,2.232620320855615,0.1375,0.6363636363636364,0.24338624338624337,0.35185185185185186,0.057483731019522775,0.01843817787418655,0.3546637744034707,0.17787418655097614,0.4598698481561822,0.03074866310160428,0.08333333333333333,0.32916666666666666,0.6416666666666667,0.5333333333333333,0.30833333333333335,0.016666666666666666,0.20833333333333334,0.30833333333333335,0.4708333333333333
Sergey_Fomin,2.480392156862745,0.21212121212121213,0.8571428571428571,0.03773584905660377,0.16981132075471697,0.059602649006622516,0.006622516556291391,0.2781456953642384,0.26490066225165565,0.45695364238410596,0.0196078431372549,0.030303030303030304,0.36363636363636365,0.6060606060606061,0.36363636363636365,0.48484848484848486,0.030303030303030304,0.45454545454545453,0.21212121212121213,0.3333333333333333
Shintaro_Mochizuki,1.962962962962963,0.2909090909090909,0.5625,0.037037037037037035,0.2222222222222222,0.08653846153846154,0.04326923076923077,0.3269230769230769,0.14903846153846154,0.49038461538461536,0.037037037037037035,0.07272727272727272,0.4909090909090909,0.41818181818181815,0.45454545454545453,0.32727272727272727,0.05454545454545454,0.10909090909090909,0.509090909090909,0.38181818181818183
Stan_Wawrinka,2.0023809523809524,0.22012578616352202,0.7428571428571429,0.2668918918918919,0.23817567567567569,0.10451306413301663,0.026920031670625493,0.3222486144101346,0.30245447347585114,0.37292161520190026,0.06984126984126984,0.13836477987421383,0.3238993710691824,0.610062893081761,0.4559748427672956,0.27672955974842767,0.04716981132075472,0.1540880503144654,0.3867924528301887,0.4371069182389937
Stefanos_Tsitsipas,2.3056935422239206,0.26682224815246985,0.6836734693877551,0.3134005763688761,0.25048030739673394,0.057165154619061555,0.036289142522680715,0.3325529216661789,0.20056579845868697,0.4518583552824115,0.047382499044707684,0.05367561260210035,0.2804356281602489,0.6635550369506029,0.47841306884480744,0.308440295604823,0.026448852586542202,0.15752625437572929,0.3982886036561649,0.4239595488136912
Steve_Johnson,2.4466666666666668,0.37777777777777777,0.7058823529411765,0.03529411764705882,0.18823529411764706,0.2857142857142857,0.02304147465437788,0.3548387096774194,0.2073732718894009,0.4377880184331797,0.02,0.26666666666666666,0.044444444444444446,0.6222222222222222,0.5555555555555556,0.022222222222222223,0.28888888888888886,0.044444444444444446,0.3111111111111111,0.6
Sumit_Nagal,3.0789473684210527,0.2857142857142857,0.5,0.0,0.14583333333333334,0.0189873417721519,0.006329113924050633,0.3291139240506329,0.2088607594936709,0.45569620253164556,0.013157894736842105,0.02857142857142857,0.37142857142857144,0.6,0.7142857142857143,0.17142857142857143,0.02857142857142857,0.11428571428571428,0.2571428571428571,0.6285714285714286
Tallon_Griekspoor,2.0684286748732803,0.34112792297111416,0.6532258064516129,0.15758028379387604,0.23076923076923078,0.068790240596408,0.031175872585564215,0.3378515757370383,0.21077600813283634,0.4435784479837343,0.06263577118030413,0.07840440165061899,0.2998624484181568,0.6231086657496562,0.5075653370013755,0.25997248968363135,0.037138927097661624,0.20495185694635487,0.35900962861072905,0.39752407152682256
Taro_Daniel,2.89937106918239,0.24242424242424243,0.8125,0.32142857142857145,0.17857142857142858,0.04966887417218543,0.029801324503311258,0.3344370860927152,0.2814569536423841,0.3841059602649007,0.06289308176100629,0.0,0.2878787878787879,0.6666666666666666,0.48484848484848486,0.3484848484848485,0.045454545454545456,0.36363636363636365,0.30303030303030304,0.3333333333333333
Taylor_Fritz,2.260188087774295,0.2178477690288714,0.7048192771084337,0.28937160589604344,0.2505818463925524,0.06218905472636816,0.03482587064676617,0.29912935323383083,0.22046019900497513,0.47450248756218905,0.05721003134796238,0.051181102362204724,0.38320209973753283,0.5564304461942258,0.46194225721784776,0.37139107611548555,0.026246719160104987,0.13517060367454067,0.4553805774278215,0.400262467191601
Thanasi_Kokkinakis,2.3923076923076922,0.0625,0.3333333333333333,0.11764705882352941,0.20588235294117646,0.10497237569060773,0.0055248618784530384,0.27624309392265195,0.3370165745856354,0.3812154696132597,0.038461538461538464,0.14583333333333334,0.3125,0.6666666666666666,0.5416666666666666,0.3125,0.020833333333333332,0.3333333333333333,0.2916666666666667,0.375
Thiago_Agustin_Tirante,2.287313432835821,0.13043478260869565,0.6666666666666666,0.11194029850746269,0.24253731343283583,0.057971014492753624,0.028985507246376812,0.2942028985507246,0.18840579710144928,0.508695652173913,0.03917910447761194,0.031055900621118012,0.2546583850931677,0.7080745341614907,0.6645962732919255,0.22981366459627328,0.024844720496894408,0.2608695652173913,0.37888198757763975,0.34782608695652173
Thiago_Monteiro,2.1920289855072466,0.18518518518518517,0.7555555555555555,0.2589928057553957,0.26139088729016785,0.047619047619047616,0.02735562310030395,0.3059777102330294,0.22897669706180346,0.4326241134751773,0.04589371980676329,0.06172839506172839,0.24279835390946503,0.7037037037037037,0.5720164609053497,0.24691358024691357,0.0411522633744856,0.23045267489711935,0.35802469135802467,0.3786008230452675
Thiago_Seyboth_Wild,2.319488817891374,0.23832528180354268,0.6824324324324325,0.15163528245787908,0.2487611496531219,0.0480225988700565,0.03188054882970137,0.32405165456012913,0.21832122679580307,0.44229217110573044,0.041001064962726305,0.0499194847020934,0.25925925925925924,0.7020933977455717,0.4895330112721417,0.322061191626409,0.011272141706924315,0.15619967793880837,0.36231884057971014,0.4524959742351047
Timofey_Skatov,3.06140350877193,0.1509433962264151,0.5,0.0,0.21951219512195122,0.029787234042553193,0.0,0.6085106382978723,0.1702127659574468,0.2170212765957447,0.008771929824561403,0.03773584905660377,0.11320754716981132,0.8867924528301887,0.6792452830188679,0.2641509433962264,0.0,0.33962264150943394,0.3018867924528302,0.33962264150943394
Titouan_Droguet,2.1037037037037036,0.28205128205128205,0.5454545454545454,0.1111111111111111,0.2222222222222222,0.09395973154362416,0.020134228187919462,0.3624161073825503,0.22818791946308725,0.40268456375838924,0.05185185185185185,0.15384615384615385,0.1794871794871795,0.7692307692307693,0.5384615384615384,0.1794871794871795,0.02564102564102564,0.1794871794871795,0.46153846153846156,0.358974358974359
Tomas_Barrios_Vera,2.3624161073825505,0.18867924528301888,0.3,0.14084507042253522,0.29577464788732394,0.1724137931034483,0.03940886699507389,0.21182266009852216,0.3251231527093596,0.458128078817734,0.040268456375838924,0.1320754716981132,0.39622641509433965,0.4339622641509434,0.4528301886792453,0.3018867924528302,0.1509433962264151,0.49056603773584906,0.11320754716981132,0.37735849056603776
Tomas_Machac,2.4285714285714284,0.17222222222222222,0.8064516129032258,0.24104234527687296,0.28338762214983715,0.02236842105263158,0.02763157894736842,0.2736842105263158,0.23289473684210527,0.4618421052631579,0.02631578947368421,0.027777777777777776,0.5833333333333334,0.39444444444444443,0.39444444444444443,0.4666666666666667,0.011111111111111112,0.09444444444444444,0.3888888888888889,0.5055555555555555
Tomas_Martin_Etcheverry,2.5623565416985463,0.24686192468619247,0.6779661016949152,0.19596541786743515,0.21037463976945245,0.04701273261508325,0.021057786483839373,0.3036238981390793,0.22526934378060726,0.4622918707149853,0.04896710022953328,0.03347280334728033,0.3117154811715481,0.6631799163179917,0.4686192468619247,0.35355648535564854,0.008368200836820083,0.28661087866108786,0.32426778242677823,0.3702928870292887
Tommy_Paul,2.262686567164179,0.20588235294117646,0.6190476190476191,0.21470019342359767,0.22823984526112184,0.08037825059101655,0.009456264775413711,0.26635145784081954,0.2773837667454689,0.44680851063829785,0.051741293532338306,0.0915032679738562,0.3758169934640523,0.5718954248366013,0.4084967320261438,0.39869281045751637,0.032679738562091505,0.24836601307189543,0.2777777777777778,0.46078431372549017
Ugo_Humbert,2.200962695547533,0.23829787234042554,0.75,0.3506787330316742,0.2647058823529412,0.09919839679358718,0.01503006012024048,0.343687374749499,0.2755511022044088,0.3787575150300601,0.04091456077015644,0.11063829787234042,0.26382978723404255,0.676595744680851,0.4340425531914894,0.3702127659574468,0.03404255319148936,0.08936170212765958,0.5106382978723404,0.4
Valentin_Vacherot,2.1809523809523808,0.22012578616352202,0.7142857142857143,0.20463320463320464,0.2277992277992278,0.0935483870967742,0.04838709677419355,0.3338709677419355,0.24193548387096775,0.4112903225806452,0.06476190476190476,0.10062893081761007,0.2893081761006289,0.5911949685534591,0.4276729559748428,0.33962264150943394,0.050314465408805034,0.41509433962264153,0.24528301886792453,0.32075471698113206
Viktor_Troicki,2.5205479452054793,0.23333333333333334,0.7857142857142857,0.044444444444444446,0.14444444444444443,0.04954954954954955,0.04054054054054054,0.22522522522522523,0.25225225225225223,0.5225225225225225,0.03424657534246575,0.03333333333333333,0.38333333333333336,0.5833333333333334,0.2833333333333333,0.5,0.016666666666666666,0.38333333333333336,0.2833333333333333,0.3333333333333333
Vilius_Gaubas,2.9194630872483223,0.016129032258064516,1.0,0.17582417582417584,0.21978021978021978,0.05244755244755245,0.017482517482517484,0.1853146853146853,0.3111888111888112,0.44405594405594406,0.020134228187919462,0.016129032258064516,0.20967741935483872,0.7903225806451613,0.6129032258064516,0.3064516129032258,0.0,0.06451612903225806,0.2903225806451613,0.5645161290322581
Yannick_Hanfmann,2.316358024691358,0.20361990950226244,0.6444444444444445,0.15555555555555556,0.2638888888888889,0.05158264947245018,0.05509964830011723,0.3223915592028136,0.24501758499413834,0.4243845252051583,0.05864197530864197,0.06334841628959276,0.31221719457013575,0.6334841628959276,0.47058823529411764,0.3167420814479638,0.02262443438914027,0.21266968325791855,0.35294117647058826,0.4253393665158371
Yibing_Wu,2.6180555555555554,0.16071428571428573,0.3333333333333333,0.14634146341463414,0.36585365853658536,0.07725321888412018,0.012875536480686695,0.2017167381974249,0.5150214592274678,0.2832618025751073,0.027777777777777776,0.05357142857142857,0.2857142857142857,0.7142857142857143,0.42857142857142855,0.4107142857142857,0.0,0.17857142857142858,0.5178571428571429,0.30357142857142855
Yoshihito_Nishioka,2.5969827586206895,0.20114942528735633,0.7142857142857143,0.07777777777777778,0.2777777777777778,0.03913630229419703,0.012145748987854251,0.31983805668016196,0.2388663967611336,0.43454790823211875,0.04525862068965517,0.028735632183908046,0.3620689655172414,0.6149425287356322,0.5,0.3333333333333333,0.005747126436781609,0.27586206896551724,0.39655172413793105,0.3045977011494253
Zdenek_Kolar,2.5675675675675675,0.13333333333333333,0.6818181818181818,0.1652542372881356,0.2330508474576271,0.045454545454545456,0.05172413793103448,0.25235109717868337,0.3667711598746082,0.3683385579937304,0.036855036855036855,0.03636363636363636,0.32727272727272727,0.6424242424242425,0.4909090909090909,0.3939393939393939,0.006060606060606061,0.3212121212121212,0.3151515151515151,0.3151515151515151
Zhizhen_Zhang,2.1473684210526316,0.18333333333333332,0.5454545454545454,0.27450980392156865,0.23529411764705882,0.10550458715596331,0.01834862385321101,0.3394495412844037,0.25688073394495414,0.39908256880733944,0.03684210526315789,0.1,0.26666666666666666,0.7,0.6,0.2,0.03333333333333333,0.21666666666666667,0.38333333333333336,0.38333333333333336
Zsombor_Piros,2.2648809523809526,0.14563106796116504,0.7333333333333333,0.2057142857142857,0.24,0.08470588235294117,0.03058823529411765,0.2847058823529412,0.2447058823529412,0.4235294117647059,0.05357142857142857,0.11650485436893204,0.4174757281553398,0.5048543689320388,0.5242718446601942,0.2815533980582524,0.04854368932038835,0.11650485436893204,0.47572815533980584,0.3592233009708738
