average_shot_length,net_points_rate,net_points_won_rate,winners_rate,unforced_errors_rate,slices_rate,dropshots_rate,crosscourt_rate,middlecourt_rate,down_the_line_rate,average_response_depth,opening_2nd_ground_fh_bh_ratio,opening_3rd_ground_fh_bh_ratio,opening_1st_ground_fh_bh_ratio,player
-0.5658025725624914,-0.07492317020882469,0.5792532523077053,-0.5176156735061885,-0.3207642325306024,-0.16271681292513931,1.6514153603020636,2.361119360672211,-1.2468182130889411,-0.015095137120308187,-0.19030586753440248,0.43121495106619284,2.297484730030819,-0.4709280958711331,Abedallah_Shelbayh
-0.3664579551185581,-1.4752404319751773,3.1246606319724077,-0.21737514960125634,-1.8825279010548512,-0.7604711135257515,-1.5883656873023693,-0.7434735767653321,-0.9077006572310744,1.8769348086774862,0.8321416825744494,-0.4660908755764458,-1.2440310787021986,-0.796504067764071,Adam_Walton
0.7064982123092615,2.688216887600776,-0.9871512890244191,-1.6465200433887273,-0.3125513214905284,-0.49481355263831095,2.585016387378906,1.6757413651462458,-0.9488997813246154,0.03263662349904823,1.3482659681922637,-0.38310695326287847,0.12428184739919473,-0.9028145891984998,Adrian_Andreev
0.3142272811404331,0.15782091929533798,-0.26391294220622685,0.0904406736760458,0.2868870108494902,-1.1369137665232953,-0.3961816344967136,1.2871503533690591,-0.3891686098423887,-0.267306269336577,0.9158695052136475,-0.2584753776305883,-0.14947432967649457,0.03831120223128426,Adrian_Mannarino
-1.2931150601053985,-0.11937768645537516,-0.6934504375246455,-0.9516599398575785,-1.062404259640513,0.7928177145289055,0.09382831818452937,-0.3461451096408549,1.879970812943808,-1.8048226909337286,-0.6715240106019632,-0.3074094241280634,-0.336700582249938,-0.0006516920257785399,Albert_Ramos
-0.44181381642955364,0.12400829628564902,-0.23311080503209275,-0.07902037501581455,0.4776924333068047,-0.23363737143141836,1.295576560235481,0.008158152542134709,-0.09780083715693157,0.42991751712079845,0.7033633944946194,-0.422064734973884,-0.68506515449293,-0.32273175012154665,Alejandro_Davidovich_Fokina
-0.9242679906055467,-0.688308328693096,0.18765211697467474,1.2500219495217908,0.13796806626893574,-0.10958395130886124,0.4302671192819267,0.9966300493734136,0.5592381476532885,-1.5330078186983145,-2.671830395407821,-0.1307818561468283,0.12428184739919473,-0.515716324808786,Alejandro_Tabilo
-0.26498877779859986,-1.111134068088786,-0.375274515066558,-0.2498290555340504,0.08988131947297874,0.46726592995205657,-0.5550037465425544,-1.1329671384185895,-0.7900833939958011,-0.6187879215846792,0.7876357212542209,0.17496200374596993,0.2817603171551099,0.8854289453353532,Aleksandar_Kovacevic
-0.41051987229864717,-1.5227220067210068,-0.057098592608469674,0.7654230299678303,0.21590406716509827,-0.5421114293216545,-0.4503680079616975,-1.1701353141664872,-1.9776969748726851,-1.9741667353590862,-0.5071556959632436,-0.09587522215844159,0.29550389269744426,-0.32285272673032167,Aleksandar_Vukic
1.110898617972767,-0.09129402313056638,0.34136471215212566,0.05205920069076754,-0.18120319973223162,-0.64852259511441,-0.5944104110075066,-0.5546547756635355,0.19807513292729353,0.5222186876538413,0.1870684449059183,-0.3479060162767944,-0.51663472903118,-0.21470607341131598,Alex_De_Minaur
0.24437059333898134,0.5487285939456837,-0.8710369988966018,0.802503117965308,-0.6758091035991828,-0.5783112779066684,-0.07077220560009331,-0.17546169394771727,-0.23049496583716192,0.7069864973655311,-0.0873557676993408,-0.32784567166308237,-0.4286632647496806,-0.23799259373227466,Alex_Michelsen
0.9996745943550199,-1.110118338299767,-0.20394901835835666,-0.8380569339643203,-0.42332265023259924,-0.12906772515973822,0.10032327573468722,0.15865932862134716,0.07006376162671715,0.12192400783572444,-0.08040708939552671,-0.3272588447417609,-0.30268295735624595,-0.4055614914756399,Alex_Molcan
2.7232939833053584,-1.5574139317036502,0.5792532523077053,-1.6465200433887273,1.4165823336383871,-0.18445488376736166,0.1895629363829904,0.47108264372692804,1.2788721744288343,-1.6182108545300118,2.4630944251267324,-0.40121640999369557,-1.192810808741184,-0.7853414630134561,Alexander_Blockx
-0.9519759910602245,1.443577948032397,-0.8899708602193469,-0.1337272893310264,0.9514616532957257,0.9179403723748308,2.8023774316041314,-0.9668173907208832,1.0182084056084315,-1.032675858290826,-0.4107704959455445,-0.24960403824329566,-0.43537240665644084,-0.5389347625095938,Alexander_Bublik
2.7474568719355035,-0.987605584902266,0.07017177637476499,-1.3856664122896567,0.5224545465835455,-1.4465710347779879,-0.42514642818907716,-1.0211541984171328,-0.6621778455810725,1.867569731821322,0.8200400616311974,-0.06053225524520028,-0.4684098478639757,0.18022384791474255,Alexander_Cozbinov
-0.30491618667382353,-0.6702671933415302,0.41503342136159566,-0.15385759876625843,0.03377209239741336,-0.20616648225744344,0.7483085755047222,-0.1457885679566843,-0.4050768844817793,0.12753256566267474,-1.1242775451175586,-0.4239664150117843,-0.6001191134780135,-0.18089700360413755,Alexander_Shevchenko
0.5768553169426774,-0.30010883169151664,-0.2797232318515905,0.4539505266189246,0.005546472460721426,-0.8565238386580002,-0.6084786667674233,0.13381089469725319,-0.1788090923449672,-0.110664731821584,-1.0875185814588346,-0.24105219556095042,-0.2149286624247436,0.023975797740478165,Alexander_Zverev
-0.3766624933032347,-0.5436612666860636,0.5792532523077053,2.7273280501561854,1.3466477065350948,0.3960440505470167,-0.08537447965084319,0.0733705794079375,0.753330051365884,-0.6507251807169294,2.344399751140448,-0.34776904039895984,-0.9220750960901061,-0.5174389489986957,Alexandre_Muller
-0.8113098240002776,0.1879133820899053,-0.2856910029181643,0.6573719907024769,0.4405170746257927,0.2890764231867163,-0.3581514802358611,0.6345043459365304,0.17580298865307464,-0.659336228289714,-0.32279486963874915,-0.13521750576966177,0.18382165240280113,0.12296381984214354,Alexei_Popyrin
0.6624862614936754,1.5055054450802579,0.7750538199742211,0.2654296047793789,-1.385059071431264,-0.6400890990811259,1.4658971718219085,-0.7059019289376977,-0.6829363144109478,1.4924722442993954,-0.30644796788657475,-0.12895719118834442,-0.8254883013064785,-0.23522055205518042,Alexis_Galarneau
2.4551769094679337,-0.8453514399620421,0.5792532523077053,1.0245601206725337,0.9219788853749662,-0.8897493044794696,4.070771262764514,-2.153303523773332,-1.5371036429209217,2.331575534221938,-1.7081755463912645,-0.2798830498972215,-0.6392759221740787,-0.07968974309222457,Alvaro_Guillen_Meza
-0.6272932400747377,2.8543502674866037,-0.1480059990250667,-0.862055108988597,-1.903398184777971,2.001886035315509,-0.8183473045090788,-0.644480395912622,-0.15711616182767985,0.7027652149000124,0.9634885440317252,3.6426252779977415,1.814550756112681,0.6833867135674649,Andrea_Vavassori
0.2635330237161071,-1.7322340242632428,-1.9661541273569967,-1.4586324629467404,0.04967825843766282,1.2321366128317672,-1.5883656873023693,-1.3070957373328322,0.7338660225817382,0.41132559170635175,0.5734331994512822,-0.2548590733237289,0.2795106247300248,-0.5403131390614313,Andreas_Seppi
-0.6016177252004209,-0.9210100317304045,0.27561328569795723,1.199346183415603,0.3461855301578552,-0.5246508834366618,-0.9597792523690648,-0.2858311518933099,-0.24006052499963632,0.29326389490688715,-0.5930620062623231,-0.26754031195303146,-0.3380299459556695,-0.4193602023536412,Andrey_Rublev
0.5497916394057216,0.38803831056247795,-0.12321307000235834,-0.43947520464243706,0.06425867687708026,0.24347058697197624,0.9375749089660432,-0.20259810464090658,-0.7018377953341883,1.2835526235280819,0.006389831159104114,-0.3176254977102263,-0.18501294488545605,0.16898372507558163,Andy_Murray
-1.0675947662240453,-0.17392388886134538,-1.7347534564783877,1.3827066824627545,-0.8682916352020393,-0.0455041468497456,0.8360824359049313,-0.037719036296800394,0.930520153382105,-0.6533428367607971,-0.31848945655184563,-0.26459061976897597,-1.1996233569625996,-0.7806223130375863,Antoine_Escoffier
-0.05536910652461603,0.5011432817644971,-0.3463494312067319,0.14467489015823534,0.81991785636823,-0.42050397774605464,0.05588409249687405,-0.1947043022332323,0.17607704442745048,0.13141357522663577,0.6931957268769546,-0.0550582603697491,0.2521173110834081,-0.2693810656516954,Arthur_Cazaux
-1.0671628591209497,-0.8820249639714831,-0.5446928633883971,0.823067655687652,1.067949891977627,0.18322280814176706,-0.45767829466016985,-0.4995994131610469,0.7051848738285686,-0.2853353225097554,0.34824990541490414,-0.18604313774662437,-0.5218054960858827,-0.426858045531606,Arthur_Fils
-0.7451237796156116,-1.7932823105538955,0.18765211697467474,-0.21018448346899285,0.31134582314786435,-0.3267662896708919,-0.9719168621768051,-0.27690653703885326,0.5118612044995313,-1.104480636990711,-0.6695971490112702,-0.12549993126700654,-0.4016530967993264,-0.37375363487247554,Arthur_Rinderknech
-0.5805556338981198,-0.9270020827766301,0.3384714731502334,-0.21155970751056477,0.38888391748575746,-0.13399129216191388,-0.14933155231685682,0.1362872161952552,0.37487668472209335,-0.4016945923297052,1.0457403769375695,-0.27307848910321675,-0.23955754924048933,-0.16764167020546175,Aslan_Karatsev
-0.8165692010108724,0.14321025681102834,1.1151284901318532,-0.6926292503755523,0.332259389368583,0.2672613300666331,-0.08226912591603043,0.3736173868392647,-0.6975731397892165,0.8417739071098866,1.1513780870184647,-0.38310695326287836,-0.7487141823759024,0.10742425171507987,Attila_Balazs
-0.3352083426672226,0.50974714136592,-0.27365812098308445,-0.07325801374807545,0.19016695305309556,-0.04422114064419438,-0.2133987307217655,0.6040010980111419,0.3862573694295499,-1.6488411025750822,0.08882944407401251,-0.11095236467029289,0.16008873900149026,-0.15557649255365089,Ben_Shelton
-0.7752900551775955,-0.39448027250287176,-1.409346263055343,-1.2255126872131605,-0.6021324811256459,0.9001088468378072,-1.1512866319127093,0.08609163234321555,0.33695078812038753,-0.4829722185445458,-0.6408525973365167,-0.12848799162759134,-0.43654470295735304,-0.4593003825892426,Benjamin_Bonzi
-0.8354280409173281,-0.02898683675405488,-0.045091954025146035,1.315533939147176,1.8184338657686672,-0.7841418478304174,2.1304193602549137,-0.5133365052575065,1.481856161319886,-1.970097203863306,0.3663109519910611,-0.18169445889086502,-0.2857564323426208,-0.07079796234724928,Benoit_Paire
-0.6732855296480047,0.3943544809118382,-2.1252420885860404,-0.4920389338760353,-1.6449357293233915,0.4144446170706392,-0.8250664876050017,0.16759024296482938,-0.8907069424418584,0.8798564863613596,-1.4300908816233981,-0.04684726805657177,0.2967582666556729,-0.022323415705287775,Bernabe_Zapata_Miralles
-0.31715833711378955,0.09134944781763928,-1.2175048980438492,0.24739574656236246,-0.13506609461739416,-0.48295376095744,-0.2287732103665176,0.25943824741453575,-0.36335878193431814,0.5551959630279779,-0.5313019047450803,-0.10480721379664643,-0.41901887325871107,-0.31387846193390895,Borna_Coric
-0.4979211072008371,0.7118025406831997,-0.3463494312067319,0.28516076729917544,-2.3055510672145663,-0.2919621617914856,0.8687716240830013,1.5334001161039152,-1.0268631430492074,0.07599370028322257,1.566056800487018,0.11007391837303782,2.297484730030819,-0.04767933241031371,Borna_Gojo
0.5388939274545822,0.540167780638213,0.04819703640643642,-1.025854447832156,0.08865163138946422,-0.11671800890050074,0.6805380708323332,-0.30378520124008795,0.41332090919525694,0.04181374666923038,0.21803295872576342,-0.16657405252457513,-0.2872873894824576,-0.08067498195593392,Botic_Van_De_Zandschulp
0.6858609778691753,-1.7393695382452687,0.5792532523077053,-1.6465200433887273,-0.3347635127125403,-0.4901465049861167,-1.5883656873023693,-1.3278947249283983,0.18405153685339873,1.0684266586068243,-0.740520477560774,-0.4889776233815009,-0.6604858602177808,-0.14535212397819527,Brandon_Holt
0.42866510194008817,-0.14481750343375993,0.32237727821310247,0.8984003575680364,0.23384198114434818,-0.44914044882263,-0.30640259842312334,0.5206602829547443,-0.07181050268913232,-0.09715031963510558,0.648363455794242,-0.1750587759367482,-0.35593901430592084,-0.205012642387896,Brandon_Nakashima
1.6830694242985134,-1.069772906172113,1.7362566067007525,-1.6465200433887273,0.887751574506549,-0.655204809644184,-0.5030792321495279,-1.5327410588833599,1.49569691918439,-0.29961130167310684,0.33472006556445205,-0.26560049723027535,0.18000499823590285,-0.16365147602838367,Bruno_Kuzuhara
-0.11012264132426769,-0.21041883003943881,0.18765211697467474,1.201232270314971,-1.2943915897003784,-0.9215351005241931,-0.8237320484446999,0.13525955684313465,0.061314870097235935,0.06905256462859007,-1.5605216582060855,-0.3598309750529754,-0.9260995458727569,-0.5406943755624769,Bu_Yunchaokete
0.09153769945255251,0.2178317010314143,-0.22073192415834367,0.06920650586132687,0.024594353831857024,-1.090257751771473,0.7124307230078875,1.255907050215,0.30119213425430313,-0.9636098306616394,-0.5134498477767382,-0.2704208587553697,-0.1443926873862492,-0.16565327811204986,Cameron_Norrie
0.3834272796792312,-1.478357357826946,0.9428828779740918,-0.3464592045239963,-0.8721552358257308,0.5661400359387837,0.4650166668131083,-1.2697118366359446,-0.15711616182767985,0.8256514377850883,0.5171264805621223,-0.061570426687096544,-0.6468546593410588,0.3564755018718223,Camilo_Ugo_Carabelli
-0.041616406212259205,0.6286081057019703,0.10600964200903387,0.8455359791689936,0.21024013238299785,-0.499352791363246,1.0378716090461821,0.28863535813025576,-0.5906409287154778,0.7210960576178854,-0.8306060408352234,-0.21451777011553058,-0.023024568090189393,-0.12406218971187635,Carlos_Alcaraz
-0.6189791278579143,-0.7295159219392855,-0.26921587424719495,-1.4216838592614953,-0.23485512123278057,0.005006736416570751,0.4142462239915693,-1.0621117437229088,0.5111442410740822,0.4531103747255248,-0.7241494435541532,-0.4519228888399831,-0.2100570576210553,-0.40374575246465383,Carlos_Taberner
0.0621025640506788,-0.23190657176295948,-0.057098592608469674,0.7710034770166474,0.11546530838712392,-0.02874932004838381,0.13765072642355586,-1.0359340198824085,0.25412785054190395,0.2610335140861461,-0.538767334158147,-0.31502950348091774,-0.3508032952028745,-0.2701840418677092,Casper_Ruud
0.6647228663578084,-1.182799447647376,0.5792532523077053,0.5641319315584749,-1.2837020617541834,-0.014568391294300775,0.7380728309242148,1.9213220827611246,-0.16972694044823833,-0.8473660487806168,-1.1632889315913968,0.039052343835128976,-0.3215033592944719,-0.16860755054197646,Cem_Ilkel
-0.33089513954496047,0.011623544995812408,0.9428828779740918,0.5029138768676301,-1.6808223007664544,0.26898768770712483,-0.8290420042700843,0.39196095390180835,-0.3077624214324407,-0.078714358759769,0.09833130493845098,-0.41178025975333865,-0.3284687531490604,-0.09662646832074882,Christoph_Negritu
-1.5317645622343512,-0.12451353018840704,-1.1426399751125342,0.18538386592066586,-0.26535041514375557,2.8238641988931055,-0.4980547578201258,-1.442359571746922,2.4122922575598147,-1.3685765996917059,-0.45832609911633504,-0.14022718063780326,0.6474603191438448,-0.2967094765289073,Christopher_Eubanks
0.5672009384178878,-0.6389713463030992,-0.6934504375246455,-0.8246109757801533,-0.40739831523177755,1.6085680430138554,-0.4726247652957461,0.25982125990568145,-1.4046844550756326,1.7577395800882387,0.5763436698864162,-0.028854484900739816,0.32711411644481286,1.5445422063232452,Christopher_Oconnell
-0.38419993628055255,0.011623544995812408,0.9428828779740918,1.1255673537672872,-0.7314097845341807,0.43343243571735585,-0.03740667515132758,-0.7813968718026078,-1.2441652789198763,2.424479635534539,1.3389860420801538,0.02978866019974922,4.832888093101048,0.9399011156649313,Coleman_Wong
0.050115462223008916,1.0338848786993973,-0.6934504375246455,0.3812478059097219,-1.68635439367458,0.23004222974959415,0.264898895013719,1.9922518311586408,-1.089373314902775,0.002157533154800605,0.5594722486631646,-0.37163763066669425,1.3316167821945433,-0.2510586083590194,Colton_Smith
0.005226064420757708,-0.19199083441488538,-0.6934504375246455,-0.7827458368559281,-0.5010730662783662,0.9522447272413685,0.22519523084524196,0.02158004389551821,-0.10648828680172692,0.46009252527036154,0.02427818008912735,-0.09990291069556352,0.15877713125049087,-0.6995738864562097,Corentin_Moutet
0.11292004074387725,0.042862300188018225,-0.5343624762956013,0.4786264879381796,1.0236939447918512,-1.1377342133764141,-0.12445844256866513,-0.570035109102265,-0.563281937753159,0.6607643238392654,0.5023341159045552,-0.2446748968112611,-0.5749225583170672,0.35727776780369935,Cristian_Garin
-0.18384099750166566,2.534651517540829,-0.26921587424719495,-1.2906535002999286,-0.3384410278155242,2.706417133050671,0.23908741058033706,0.16986111588956132,-0.18419245196898001,0.4039360433716784,-1.6534526772157698,0.3669867445275618,1.0096607995824491,0.0473356961217066,Dalibor_Svrcina
-0.7737349893483436,0.8116480654682215,0.18765211697467474,-0.1625358687931339,-0.8125839052790735,2.37687036674736,-1.3122479843815502,-1.2067514677798896,1.0471558747147147,0.05761254475336209,0.5314440454311598,0.1020453925557093,0.043792851746171244,1.2825310670379755,Daniel_Altmaier
0.8959958015303715,0.016949496700711813,-0.07762607147673338,0.34985821071934414,0.21595670824600663,-1.4722747307751594,-0.8556155062079223,0.07934702411074188,-0.8168166967901166,0.3109795970011479,-0.1125800003756407,-0.15259345807829963,-0.06790616262945207,-0.3003883010700705,Daniel_Elahi_Galan
0.22379517269036667,1.6978988150979057,-0.1715503632768467,0.510758526211631,-0.9046602437006536,3.3905972670771805,0.45823423129166085,-1.0865785571172129,0.0943232558630088,1.0248468593568518,-0.2938591388274219,0.7639634909651247,1.5645614049079974,1.499031586596275,Daniel_Evans
1.2788533826739314,-0.09289987590259847,-0.4401160537665471,-0.08201352296921495,-0.526359420264389,-0.8938011356435901,-0.01788659605101803,-0.3297134206228419,-0.3024950646529708,0.5648211069452637,-0.31677060805085905,-0.4292006459607505,-0.8900971173439931,-0.15156822179747118,Daniil_Medvedev
0.9640990810597535,0.6631426191124054,0.11422690409973082,0.3210252456986616,0.9073299305199732,-0.7055782517813219,-0.5588312779625574,0.924217470638909,-0.9731505314008357,0.760728648610622,0.43925502402904437,-0.3032464848153745,-0.43763665496349946,-0.14859329841217164,David_Goffin
-0.5301148558674688,-0.4005381747528514,0.10908246243333368,0.27761513913242514,0.5741142335787622,0.03600587674217751,-0.21758494735274456,-0.216282577365365,1.4463207132305924,-1.2959717542320146,1.154201102401268,-0.12509074923834176,-0.11424042020671485,-0.21142548185468948,Denis_Shapovalov
0.007747098539979673,1.7693863371542962,0.34785258142909625,-0.793570075033031,-0.7314097845341807,-0.20101317991671114,2.2082527278590773,-0.2056160192510587,0.9780816086366253,-0.55585852105573,-0.8603564464892339,-0.5000940437439563,-0.7812193536973153,0.7383540854454934,Dennis_Novak
1.1119854976823873,-0.21466924487544192,-0.15973598694978822,-0.8111594620708228,-0.2995284378045281,-0.6937756216348874,-0.14135568898599618,-1.3544324676843231,0.02754009138570457,0.2810897313021032,-0.18117711305272946,-0.41347302122084784,-0.6053119519072405,0.2991937143357714,Diego_Schwartzman
2.9878140272564195,-0.7399715799271273,0.07017177637476499,0.05040147260313351,-0.6211838732069044,1.2900799798257148,-0.9092190391244208,1.099296962939897,-1.8292114135327955,1.7443404441208044,-1.1632889315913968,-0.030425283430217272,-0.8415861004370828,-0.5434850267501308,Dimitar_Kuzmanov
1.5634753290584018,-0.18624846812216855,0.02889489994777024,-0.6787217516781036,-0.49192524305696467,-0.497559271774292,0.23603826748043236,0.6109364028276797,-0.43863531214581153,0.37060334436526843,0.1815614312681785,-0.3702768635790116,-0.2221707860638175,0.11355829176523645,Dino_Prizmic
1.5446819712349558,-1.5124601936168978,-1.647978204898909,-1.320188982621063,-0.6607521490679766,-1.0012220232465534,0.5436629268941398,0.40955772907622673,-0.9578479129576097,1.1694932508437492,0.7574291340449834,-0.15085317069015008,0.0685586965624866,0.40518450487866775,Dmitry_Popko
-1.3985822622190656,1.460426353369496,1.7770920192087416,1.8319165463118507,-0.40417661028132706,0.5481229129232481,0.3469017526383133,0.7651632607760395,-1.1348197842966548,1.071016075293454,-1.0181151903950532,0.1863449136376623,0.42256459599569246,-0.5573053945366063,Dominic_Stricker
0.2993385224068605,-0.22088434757063,0.10639101181663406,-0.10491784648355475,-0.1795273186674199,0.4576045663822453,-0.020337591475820517,-0.27996615933961466,-0.45749199708353294,0.7630480074546289,0.16046048414888164,0.05292170069035791,-0.1778968391381544,0.16878885916238603,Dominic_Thiem
0.10377205701814006,1.3488493749914796,-1.4005080429870629,0.32629955125215937,-0.20661625566247327,-0.1478786810538515,0.321548904080143,1.6974597436593517,-0.057382708550790675,-1.1425404573535085,-0.22664759385059785,-0.4109261612621335,0.5489306865341103,0.08113550864297904,Dominik_Koepfer
0.11614024420935783,-0.05895599547855863,-1.2094113928620853,-0.8110199516360522,-0.10300783506880028,0.6328679771754153,-0.32510061257857253,-0.1496171501366057,0.6270217290303013,-0.4757949031388388,0.7785012080920345,-0.18526113847870276,-0.6843517833474564,0.7710373876432405,Dusan_Lajovic
1.2991937346661917,0.46550428220022483,0.8337939902741754,-0.5803325829441078,-0.14966191919577695,3.0966351839806103,-0.9957228127405826,0.07130989513685468,-0.18088867567174743,0.4300177445941116,1.1384170729967849,0.9450406033752414,1.975528747418728,0.4792221894490738,Elliot_Benchetrit
0.5782335451642424,-0.8610025487254661,-0.07982544421261872,0.23649425399244212,1.0131348753192297,-1.1835186106303894,-0.5645285164427496,0.00989637852828463,-0.16571842872460532,0.48173182438806955,0.21327724188544545,-0.27579710372233085,-0.5035323186943854,-0.29906093654017424,Emil_Ruusuvuori
-0.23758556411978748,-0.8647057453960852,-0.6934504375246455,-0.09819899913626642,0.5819599724670981,-0.8157264967419956,-0.4173604893730658,0.09780086040487077,0.5957084934517934,-0.3365857304653311,-0.5394223494447782,-0.22677509961489062,-0.11718513955987413,-0.37645292545577164,Emilio_Gomez
-0.01595251310716871,-1.04544080349341,0.7750538199742211,0.5805003953795559,2.9644001834980322,-1.5065711455384767,-0.09733009152987707,0.1653473484983834,-0.31095046448219954,0.5409533844817372,0.18279718612150442,-0.36505687180003143,-0.571143075042925,0.11249751792197597,Emilio_Nava
-0.1781665444807572,-0.5975321812522141,1.0420545940649244,-0.730568088734032,0.12799047107937142,0.6115660978862769,-1.2238903194468846,-0.9261231125953744,1.2843462776167112,-0.5967565921096692,-1.8938686077844442,-0.4820298606549663,0.4140422317500779,0.4256086937256762,Enzo_Couacaud
-0.5827327401288116,-0.4154856423734935,-0.18436896159170518,-0.4989945704978174,1.679545286249719,-0.8980500736857377,0.522495516493946,0.4348098267699113,-0.4479009161100281,0.1965712417706086,-0.7821371529627084,-0.4495143310947844,-0.9059772969595014,-0.262052082734625,Ernests_Gulbis
0.5209758573427153,3.2401488941103516,-0.9871512890244191,0.9620162676019977,0.9968896988983593,0.6285257326634838,0.037546734357846195,1.3865473765577228,-0.35013139504911334,-0.6478411715673786,-0.221231278870781,-0.004619307588803132,1.9755287474187286,-0.5573053945366067,Ethan_Quinn
0.007461576461019449,0.23690741455712708,0.17198807156135287,1.1735864836651766,-0.21183344678919405,0.11881984908451064,0.3327343482463632,-0.3547290351413289,-0.10418043370887564,0.548628917582504,-0.2826042254301611,-0.3451963779748927,-0.6102505954483237,-0.07855462214605755,Fabian_Marozsan
0.5102346052017065,-0.09733113774773595,0.36713597066898,0.22907674566568392,1.9184365130805394,0.4998089987097544,0.23167776293635475,-0.38476887438139673,0.7804379068898897,-0.3906428819069741,0.5908078895759602,-0.35156631612337214,-0.4668959482592167,-0.24881504215991615,Fabio_Fognini
0.30731994620135633,0.8741746284434322,0.7383412135367495,-1.092542228889667,-0.9473162087834845,0.11023183908751906,0.16111607840402636,-0.07380761260134086,1.3853434814330452,-1.3427374081335248,-0.9397382348240046,0.5115002092394819,0.4864823278377988,-0.13501637883873696,Facundo_Bagnis
-1.0497811569127227,0.8238311799931803,1.4277223788626063,1.7688940248152303,-1.9442061817650902,-0.8786935385969823,0.9446677572532044,-0.03982384192293503,0.613631256133721,-0.725609202071116,-0.5864456603670398,-0.06655364960819724,-0.9623195939166176,-0.602371811231636,Federico_Cina
0.7992875862375535,-0.9767614814164256,1.4277223788626063,-0.013662783525472972,1.8527078051458012,0.6431441980584905,-1.217083478960615,-3.128568921888433,4.293114137770541,-2.0199261410426814,-1.1632889315913968,-0.035899278305668934,-0.2592245436534448,1.101138739840482,Federico_Coria
-0.03176019455049696,1.0468256869232617,0.16870367494243113,-0.5144445938155069,-1.2020372711000797,0.13688921871292228,-0.3920570400742678,0.34227184016043216,1.068502508702154,-1.1594854122128886,0.2566052261647163,0.3489225614385719,0.4140422317500779,-0.41993426894814273,Federico_Delbonis
-0.6000250806166225,0.4522755203234365,-0.22272441525788533,-1.357856397073309,0.32150577339235314,3.580537876285271,-0.7007134999052136,0.3799905137437658,0.1302699880057124,-0.3504626734379748,0.44063855663445556,1.474923307318946,3.4412757208895735,0.8482888292015502,Feliciano_Lopez
-0.14104711502681347,-0.39558715752936713,-0.25443418214693575,0.45398335682551566,0.4316638544572733,-0.5553119044794564,-0.29484276647740754,-0.6773663151717968,-0.562081839278662,1.2034992032881575,-0.570187374269242,-0.25438649822656756,-0.28435459206999947,-0.17156567720860233,Felix_Auger_Aliassime
-0.28941753775572676,1.142046857883942,-0.8944036517087016,-1.2200450592108805,-0.2466198967521759,-0.4169497569295844,-0.07497315641450462,1.3484385807278025,0.0192601952114206,-0.9839438668625362,0.05796550487833875,0.056550412924178915,1.7340617604596573,1.0742658024778897,Fernando_Verdasco
-0.8728449442194236,0.49344163355357257,-0.1480059990250667,-0.5270232099218762,-0.9641089306695415,0.3544039497494244,2.8384606429263455,0.5447249921514139,-0.8664443785529904,0.5874660968691777,2.8785257840787266,1.81212139164676,2.090513026923047,1.5848516123671321,Filip_Bergevi
-0.3456633528196535,-0.5806988623921653,-0.07762607147673338,0.24434858531469583,0.17691666969304828,-0.11092204544690429,-0.45160040744116964,-1.2125606766022177,1.3967841436803794,-0.3888381334182968,1.6796450688422622,-0.30635071742687714,-0.34970890477971944,-0.33224894663757515,Filip_Krajinovic
3.0132486468670967,0.053428349738324096,-0.1480059990250667,1.6012509899656566,-1.2684078140773232,-0.2839545094973874,-0.8737081032719899,0.4220908853212819,-1.4595211114675681,1.7256123053846184,-0.09103911509665663,1.102691655788245,0.5382252536147424,3.91271981140164,Fitriadi_M_Rifqi
-1.0958391190222891,-0.30015938585801766,0.9428828779740918,0.17666051397157426,0.7520472720787484,0.9195285711483714,-0.8941268913871492,-0.8519747861306923,0.017873404364269648,0.7119816816163924,-1.1840691937245555,-0.3917089452100165,-0.35032567869276937,0.03566308819394023,Flavio_Cobolli
-0.4606763592991505,0.9183636600760099,-0.3545648396402916,0.12126585317181858,0.07239325968733769,-0.5874386868212333,1.3329232441452668,-0.3697187993801501,-0.9585580730489422,0.12163360800242641,-0.2243039960227911,-0.295947010762359,-0.5698305715598025,-0.29204894680106985,Frances_Tiafoe
0.20047676457840194,-0.29354117335579893,0.3626228370170929,-0.09948329114781373,0.14223742099164813,-0.30192541170188103,0.2106900589679118,-0.5541115483840858,-0.31769955744677003,0.9518372793148174,-0.6919383279951805,-0.2838839763842625,-0.5876294417387513,-0.3905422861304324,Francisco_Cerundolo
1.648756112458913,-0.7162983920301315,3.1246606319724077,-1.3228101156392769,-0.3949772840975118,-1.5104715676764346,2.9486720868324565,-2.558730324321897,0.3986999813572954,1.9854220350967338,-0.6919383279951805,-0.2110671143201169,-0.28966155881635264,-0.6220883685357114,Francisco_Llanes
-0.8763349299677359,0.011623544995812408,-2.3297837530233827,-0.04842790936913133,2.0454090225086095,-0.5990954218910709,0.3033749763074725,-0.39555274378753835,0.42697670427390044,0.13686140215892004,0.3203432052690683,0.22875647393355195,-0.11718513955987477,-0.5112375019150207,Gabriel_Diallo
0.5551296406195008,-0.25884794283045875,-0.41724665802911404,-0.505158037393225,0.24006370152897563,-0.16239766374711667,0.011535001917878394,-0.19107070301225834,0.09350808483002741,0.2364176857207837,0.1549949579781015,-0.38510904069847757,-0.2865912979500072,-0.1075168703977428,Gael_Monfils
-0.17549410512155073,0.2654384309324912,1.7476369675636347,-1.2929947275570897,0.10588319574032523,0.9559686115892271,-1.2996087937548935,1.855242998825431,-0.3571546376962975,-0.7488282929299521,0.6730420250351549,0.759882726713094,1.364358068561875,-0.026339058622373457,Gijs_Brouwer
1.1749099578439088,0.8438034988865586,-0.6934504375246455,-1.3479875544642335,-1.778555942143306,-0.7215517752420342,-1.5883656873023693,-1.5191838358128948,-0.46047996752568787,2.0981184554015244,1.2437764105403577,-0.5723507760999161,-1.3534961127903102,-0.6004940438693431,Gilles_Arnaud_Bailly
2.0568009719238596,-0.2511495133856889,0.15501868903025562,-1.380061292943725,-0.9910327988174337,-0.7673464799553563,-1.0575763166390248,1.0924769840111068,-0.7650144600156955,0.36573781793644017,-0.3580114251077417,-0.4190001570710805,-0.5613119191453056,-0.40461262141183424,Gilles_Simon
-2.2032254405754053,-0.13387889228981156,-0.26921587424719495,1.1003603658845724,0.7740719117089736,1.7664469446612472,-0.600330051549516,-1.1117525310370793,1.4181979935178772,-0.5731046955965481,-0.5932934300200892,-0.05623125927163174,-0.3318224613012698,-0.2383738302333202,Giovanni_Mpetshi_Perricard
-0.6293978802904292,0.46550428220022483,3.1246606319724077,1.3135054823880352,-1.7371433822378601,-0.2660484094309545,1.6634591560180616,1.5693430943145221,0.21305003887096416,-1.4505988487599457,-1.2712226256725279,0.21043049108964917,0.7169735426623646,-0.4104639868053017,Giulio_Zeppieri
-0.5522011653083281,-0.3464679985128802,-0.057098592608469674,-0.29517475328672965,0.4406916837955635,0.04935334336198662,-0.11528704195867094,-0.32454591286690954,0.8736779167223717,-0.8359840107913779,0.023323950303524892,-0.11681920255147352,-0.344448186109587,-0.04239606074436732,Gregoire_Barrere
0.1365813167932547,-0.7741081224336243,-0.07934865711602856,0.23003652371008465,0.4624459128649762,1.4524304193081274,-0.5165059188363359,-0.49091922344392025,0.1985497964480774,0.4278060212590798,0.14363985602632823,0.20692026119193793,-0.020598344776247036,0.07713838981330302,Grigor_Dimitrov
0.5768240433274837,-0.008827726389014037,-0.1480059990250667,-0.9394694117254522,1.1791726784719456,0.5445020591389003,-0.3574920247509815,1.6857767644429138,-0.19492483769194374,-0.8877237317654637,1.5732355379041132,-0.2110671143201169,-0.9410136833025821,-0.5381104392776124,Guido_Pella
-0.37792333633678055,0.7529991188015496,0.1743020782701394,1.2501963375765721,0.3746983348085033,-0.07531388439152946,0.3741446516696988,-1.2962041348809177,1.0004712112269682,0.06682414618729522,-0.3885731997298669,-0.18207521553531822,-0.4914589693464323,-0.20116514773127028,Holger_Rune
-0.18212871409987716,0.06212975240693029,-0.18278550443483735,-1.0367136481627308,0.2001548187100357,-0.04326211966486966,0.08811449577837291,0.8534987053063509,-0.9217019336130615,0.33612826117753986,0.3856209906114563,-0.13238222674164465,-0.17169657095063492,-0.2083261020998787,Hubert_Hurkacz
-0.6917276097551247,1.1395070219354793,0.07017177637476499,0.39491535881553247,-0.6287483965332863,-0.02942556157784976,4.15441847008468,0.5827838528918005,-0.11179153984437613,-0.1554698422503554,0.8586698664155745,-0.13579968478265853,0.46517641722376335,-0.23837383023332032,Hugo_Gaston
0.5402814031152278,0.8307534041550889,0.13657370801819246,0.739775838474827,-1.0873476231951766,1.0354214257797727,-0.5280737080863825,0.6607929844214888,0.1417516485834389,-0.4896780060775362,-1.1210874249109914,0.1077125872502942,0.29913725174886585,0.13371299478718016,Hugo_Grenier
0.16182082586648305,0.8424030009153766,-0.24948403409475564,-1.0183131871986968,0.3044362346834806,-1.1162260630419767,-0.4070815781150733,0.7483052047005962,-0.71468458072414,0.5127105940233976,-0.6042686224777203,-0.2706602956446199,-0.81821832750556,-0.0454399209634313,Ilya_Ivashka
-1.5494244721230348,1.5932910447275295,-0.375274515066558,-1.0341457071333573,1.5558040450014243,5.678499589400625,0.2070794745473739,-0.2329506450462289,1.2202210688444346,-1.32848956781365,0.7741275887317353,13.51771203331232,7.126824469212209,12.226534807953461,Ivo_Karlovic
-0.7582135454512782,-0.2009578757164954,0.18765211697467474,0.11531103878861271,1.886455609488638,-0.13791511809527804,-0.8031404782779732,-0.3415613321996607,0.7597168765839297,-0.30070448710161907,0.8929850304564518,-0.19882021053097104,0.02079599584530789,0.002979785996193498,J_J_Wolf
0.28454697533707995,-0.006389124328725587,-0.38800155196488095,0.14467489015823534,-0.30048543983906617,-1.3372374996144287,-0.3475984775815273,1.9561958757232358,-0.2453355642666129,-0.9448252819304301,-0.16903769815617486,-0.09243665821331713,-0.20722367707003622,-0.3744428154469342,Jack_Draper
-0.7099147302294274,-0.283724685912321,-1.9661541273569967,1.711970457011831,0.10485277188977517,0.1717315477579735,0.18236484478911666,-2.3418932147732545,3.9040038448905814,-2.1942650517388516,-1.1632889315913968,-0.31429101768577394,-0.9623195939166176,-0.6220883685357116,Jack_Sock
-0.022167358076341487,-0.018439347391166438,-0.025281000362661007,-0.3179953878797255,0.35824046065317555,-0.6738270655724685,0.18492889131689638,-0.12232460298561831,0.2584822187737087,-0.23801903749579145,0.7108262572394684,-0.0977998041405042,0.4968309129931881,0.10622930884816581,Jakub_Mensik
-0.5031897434877561,0.9899645598790056,-0.5520389164321623,0.008102842439111989,0.7221068760767284,0.40824720404011383,0.18338957310629533,0.05048839781445447,-0.24931496552021062,0.5120355564637994,0.44528496735989687,0.07795981510372277,0.9694163017559385,0.1108963498566779,James_Duckworth
0.28408135415457436,1.5472036049127134,-1.457072651424056,-1.6465200433887273,-1.1968080768049025,0.6446581220836645,-0.7239972259849963,1.0715318313325695,1.5212040151569926,-2.373640374816795,-2.047303186352078,0.9450406033752411,0.4140422317500779,-0.29309248097162915,James_Mccabe
-1.302355648005299,-1.05761182259566,1.5974162041735869,0.7285450618669158,1.3127429356604332,0.5007524447166373,-0.95814891291247,-1.6740956210417002,1.790787587819653,-1.1681509681024618,-1.1632889315913968,-0.34654848748754163,-1.04590432017168,0.13371299478718016,Jan_Kumstat
-1.4078873438580064,0.33537504037015153,0.3003044983718476,0.42024334147315423,-0.012615547072786733,-0.6720907963781737,-1.0873686180852085,-0.8559980268504263,0.11382249251866236,-0.5045602532389333,-0.4449250875372395,-0.28793597852858477,0.2938224978172652,-0.31416929458934817,Jan_Lennard_Struff
0.3753801043153417,-0.5329349392264037,0.01994849175357829,0.2605253481694727,0.22779188821691185,-1.1305219880268276,-0.22287494988368206,-0.10781664777177041,-0.10191481090273165,0.2714684680944447,-0.9086169183298114,-0.3157027685765351,-0.47052916401678074,-0.15993846775395362,Jannik_Sinner
1.0102129258448016,-0.9332554566744334,0.8787129440329651,-0.11121010034847316,-0.5568854249326582,-0.6861625063782957,1.008405381388195,-0.920492725411033,-0.7133253025333364,1.9224813317421534,-0.5141636473625719,-0.416240551874077,-0.9764313009466932,-0.5145619890114238,Jason_Kubler
0.9514275877178112,-1.1281595450004946,0.6949535877470099,0.44377385439378364,-1.7182837724137499,0.9596699662941247,-0.4126386942201154,0.1386103477724812,0.8517596877940624,-0.7339630240325635,-0.8150366618762914,-0.2592382692240902,0.05842721459217586,-0.32385323598127314,Jaume_Munar
1.389185640578667,-0.16350666108579984,0.18765211697467474,-0.2786984577710456,-0.5664049354563774,-0.88162493693975,0.36418092620922676,-0.5977465919008226,-0.24032304922602138,0.7272622795925906,0.5603404178513174,-0.4644561078760847,-0.88611637595421,-0.11732102945935166,Jenson_Brooksby
-1.5471494141326696,-1.1688307719707034,-0.1480059990250667,1.6842143371738094,-0.1833167543806416,-1.1345704588234422,-1.5883656873023693,-3.5189896193284502,-4.861441018441054,-4.27236195661691,0.9200636633050333,-0.17965114373056917,0.3657488343582642,0.1785012237248329,Jeremy_Chardy
-0.7476773009852313,-0.1302681502748111,1.2156050972238812,-0.5718030832605485,1.6421215060465082,-0.7463958292077518,0.9471151325619669,0.7022555809550979,0.6207897694514258,-1.1373224008226093,1.2342554473863736,0.10505608973720745,-0.28966155881635264,-0.4951137394974656,Jerome_Kym
-0.053016287923321345,-0.5304181819392738,0.5792532523077053,-1.242491111009713,0.2483760939304993,-0.23548150966758225,0.6442552490253379,-0.45335357429912093,-0.17054963442869117,0.7691011927973921,0.6653135681039456,0.0722926204091377,-0.02355508339207241,-0.1284390864772632,Jesper_De_Jong
-0.7092327675080358,-0.2674648232000927,-0.19028851363743687,0.7197870727549751,0.7713352357200453,0.34182284383992484,-0.6445704531503913,-0.3855783810120746,0.3723868708617794,-0.06476542725482994,-1.0416702861543403,-0.27198122008531567,-0.5016568469510146,-0.09302741420968731,Jiri_Lehecka
-0.7432423976975655,-0.49600622687754287,0.26107732984961785,0.1026937589032285,-1.4222353746235346,0.7004419144974563,-0.7461889708198455,1.1443841150365208,-0.48580582692630847,-0.6395971902868388,1.064068231008981,0.162674604762434,0.09930250392067042,0.31154860968668396,Joao_Fonseca
-1.0595548270482398,-1.7835830501151944,1.2156050972238812,-0.8358499226023869,0.30670925102659335,-0.34490961245947666,-1.1108870394567412,-0.9329227407864595,0.334649135471853,0.4576635454556523,1.2045094796626976,-0.05398726137237804,0.009902748313319398,-0.7588524247560443,Joao_Menezes
1.4951358460640527,0.14987165308047035,-1.457072651424056,1.8079273284518453,0.3157363730749472,-0.4514671569951715,-0.4726247652957461,-0.6568476112236349,-1.8142754177007447,3.129141146355347,0.4070612587880382,-0.004619307588803132,-0.11718513955987477,-0.7075267835200384,Joao_Sousa
-1.6406819038049785,-0.46502182825656313,-0.25709488672498215,-0.04291647112539978,-0.23220722441271316,-0.14358241648912518,-0.5619756810211294,-1.8143884907030845,1.998743239000656,-1.096027382658435,-0.6712374666931814,-0.05868897125652809,-0.05536959089835306,-0.21755468645241144,John_Isner
0.8620803674333618,-0.5514153070616854,0.420165291078662,-1.0786927835271898,0.5136505953034762,-0.679279450488368,-0.17645225344046508,0.15659622307347457,-0.8273852101596018,-0.44574832975666145,0.2896373378565005,-0.14873702570634953,-0.3595238484935253,0.1299102206320968,John_Millman
-0.23767114882015786,0.5654014779485644,0.39743843947451296,-0.432538822442577,-0.38920515786452997,-0.553245052248146,-0.6288962747904325,0.27308517205769717,-0.10318646285473626,0.06644641767760048,-0.34174252634109087,0.07583461709325304,0.0913545309956853,0.01278477665551753,Jordan_Thompson
0.6484544645397989,0.3411040007022924,-1.3298022824408209,-1.6465200433887273,-0.267356574033026,-0.9853379558513791,0.48448000666253443,1.8233944887798343,0.2648010447788385,-1.64808899683274,0.09833130493845098,0.7824629555743314,0.051841751311473845,-0.38455079720565966,Juan_Manuel_Cerundolo
-0.35649474047203267,-0.5174291346813727,0.5792532523077053,0.03272520681155194,-0.05711112243739462,-1.1695893913930864,-1.0725986573181803,0.511154204611546,0.2711982267547459,-0.23561890808620442,0.10508262713160303,0.029788660199749538,-0.07328205102186187,-0.2463471193409026,Juan_Pablo_Varillas
-0.13326252869246893,-0.29907033947607237,0.07017177637476499,0.8709174696883516,-0.14272455112530197,-1.0533913615980206,0.5601206916352937,0.4584582411398718,0.42203097017900704,-0.5347637265121183,0.911183762508057,-0.12661119338457946,-0.01219949305593109,0.009044728672063792,Juncheng_Shang
0.7741543004736673,0.9050519434929181,1.2156050972238812,3.844734497412185,2.1985612160752988,0.5938639987211455,0.7694264497682338,2.5572283075284887,-2.0314109797497224,0.7631318297808897,-1.5280139876620766,0.001452686726823725,0.033731727289543705,-0.20488601598147516,Jurij_Rodionov
0.1320579152853859,-0.5167093729632797,-0.1541692130194123,0.5085769053460559,0.18412783960494758,0.36708382156707947,-0.11142813183210006,-0.8636156464076777,0.07679078579197118,0.3861229398917146,-0.4125023144354248,-0.34926305052004014,-0.445790213117217,-0.26115465625498363,Karen_Khachanov
-0.5082900501387135,-0.42928917114561566,0.5792532523077053,2.191754814211909,1.401665721706633,-0.1646376338400775,0.6738952166282933,2.3830992033628906,-2.906457237061053,1.6371242544227478,-2.092954984039113,-0.4117802597533388,0.1901364802062136,-0.2895357686736392,Karim_Mohamed_Maamoun
1.957163773118521,0.2537955462564953,1.2156050972238812,0.7802601891587706,1.29532471406413,-1.0987903520399962,0.19318397227643874,2.0864576604330427,-0.8645012224538291,-0.48880567543776327,0.4462421824726902,-0.30138802976506657,0.0953058089641067,-0.06783403543225769,Karue_Sell
-0.7436064324341914,0.9293126910318015,-1.0629450571533932,0.09491947533748774,-0.2627795596782435,0.30201535533845975,0.20781682368982263,-0.0943043800747416,-1.1095847067499165,1.3945679681182817,0.33095406815252026,-0.3650568718000314,0.41404223175007826,0.33526002500661745,Kei_Nishikori
2.663574323601585,0.2823594233282694,-0.6934504375246455,-1.6465200433887273,1.2631543251974897,-1.6577602358230683,0.7055352292706822,3.874742233995546,-0.4389626546340212,-2.299031549543571,2.0630494128025907,0.6782465146763121,0.17257524479100875,-0.4485339814023067,Kevin_Anderson
-0.07265229321807828,-1.8479044614455309,3.1246606319724077,0.7960185023571331,0.4673433925267738,2.9989544130624335,-0.6457569773312525,0.11525043431377922,1.8386700112063612,-2.0013937910656607,-1.1632889315913968,3.160913728958009,3.7462866517852422,-0.1686075505419766,Kilian_Feldbausch
0.040093211449264525,0.8012698567988097,-1.238894876024225,0.6401117866712274,3.3160700445223736,0.25291928197639624,1.2152909885091574,-1.3022682666854435,1.9087449450852154,-1.3685765996917059,-1.1632889315913968,-0.27128105795008334,0.04379285174617156,0.06257874882737845,Kiranpal_Pannu
0.3861997861094903,-0.7219833511308443,2.0337717549732495,0.7135003082440966,-0.09463171571781906,-1.8850785109315398,0.7442766669728104,0.36874082008786907,-0.7804854448505603,1.0522536327851706,-0.3453588940694033,-0.33564768734763406,-0.6001191134780135,-0.566397741764551,Kyle_Edmund
-0.9031528852688928,0.11849297065336056,0.26107732984961785,0.7458293541568743,-0.20544596107754035,1.0052367699593994,-0.15436424000205107,1.0877812608142337,-0.6141803952149215,0.2077956253448764,2.2553787456507353,2.8237156446301968,-0.4966332619241266,-0.02752462938837001,Kyrian_Jacquet
0.31448899892229853,0.09538908437543664,-1.457072651424056,0.4812192798464083,1.01383381148103,-0.19100415416984803,-0.5753478727648011,0.28172878828588505,-0.7621093210396735,0.9821410299564859,-0.6797341165101045,-0.34612642713499525,-0.6152108001629553,-0.31279119523742027,Laslo_Djere
1.783657864504693,3.260454084985285,0.07017177637476499,-1.1832799743679614,-0.4305057162556957,-1.3692069951154657,0.9180551804718295,2.457918839799933,-2.454575995469347,1.163852632859919,0.5676888499082482,-0.4422886578591884,-0.2188554498584303,0.5184845979333796,Laurent_Lokoli
-0.8471281483960562,0.14321025681102834,-0.4924972233405903,-1.1489658951812376,0.8845565080724958,-0.5027572820494494,-0.7318961544826761,0.07678980879246143,-0.0051480478712076505,0.07469790080722759,0.6277558840850784,0.42812705652106653,-0.5587247728564585,-0.0006516920257785399,Leandro_Riedi
0.980233189710077,-0.7707235151854778,1.5974162041735869,-0.14225058131196217,-0.003998767843548182,-0.29676902658907184,-1.2132623927684216,1.4969146023731492,-0.7128844957743317,-0.07707750057007619,0.9502972123392773,-0.09816597001392964,-0.3381017446500873,-0.017447277877398294,Learner_Tien
-0.8577955728489037,1.4301797369958253,-1.5033527855997781,-0.2826660330737812,0.057050520264571095,-0.13537595375517567,0.6687065448302881,0.2776146392487028,-0.560319776796298,0.6054215698795236,0.7985332803839235,0.1301452329163601,0.5770324479474498,-0.39428345057641745,Li_Tu
3.9797641920728943,2.470198007690551,0.9428828779740918,-1.6465200433887273,-1.6225980037759906,0.6405907128693624,0.713584004416554,0.1565246125994738,-0.5052532987779771,0.8497436051665058,1.8754110392922048,0.5115002092394816,0.12428184739919537,-0.3197678232065548,Liam_Broady
0.5854536464096787,2.5764897607769757,-1.04055144384256,2.2361279339529583,-1.5384588462753181,-0.3236266158927983,-0.28408007668627394,1.015504776498695,-0.002046205716581593,-0.4367418727574766,0.5439185696865249,0.2706444347196155,0.09530580896410637,0.13371299478718016,Liam_Draxl
-0.004541911833981998,0.9645922641461098,-0.6934504375246455,0.5494160530270218,0.0656966655689212,-0.43826056809082714,0.5746928756382752,-0.7454365066562162,-0.9180787340589652,1.1061565622786949,0.04603924576966646,-0.32318963004488227,-0.4227147965284932,0.054415802569696095,Lloyd_Harris
-0.17349004361814854,-0.17284548817602288,0.16000968389234324,0.02938231646609659,-0.11993757571133165,1.171439054686423,0.10569605843627189,0.06052615105398486,-0.41994369834241524,0.6695277979272571,0.3552466608256351,0.0015803262469720114,0.12680589255904512,0.19270236948555222,Lorenzo_Musetti
-0.6776454713921399,-0.07814677255652773,0.19289677503717068,-0.34495971105356443,-0.0550524047635789,0.9169678307172492,-0.393092333369531,-0.5052696577715781,0.49587345893670143,-0.3835016991807242,-0.9424169618377743,-0.12435903549296501,-0.33039535144926535,-0.14468290306988482,Lorenzo_Sonego
0.24460981294213674,0.20069483051979065,-0.11494876032812194,-0.6190659706084436,-0.43775503032894325,-0.04631687757511322,-0.3849092840059211,-0.14601939389619056,-0.8404062177646541,1.3694374653514207,-0.6159850588704137,-0.20155964953643804,-0.344448186109587,0.03860091311059159,Luca_Nardi
0.09759341882961037,-1.4416240002680742,-0.6934504375246455,1.5218672211401014,-2.2626140716041294,-0.7883880015871607,0.10358959868058927,1.1128841550030584,-0.8046223222723877,-0.1449001475059898,0.2658129000673788,-0.12435903549296501,0.9249355410003205,0.17690164411991693,Luca_Van_Assche
0.02410927812669739,0.4871924891719029,2.276191505417507,-1.0068075671219545,1.401665721706633,1.6005618629711007,-0.7931467028903791,2.121053806089586,0.1825585996203408,-1.5604638663988608,2.515023344995729,0.11737257820697336,-0.6001191134780135,-0.8430149208916335,Lucas_Pouille
-0.9519433334643777,0.37131549763750277,0.26107732984961785,-1.418825772175131,-1.3230177831834051,0.8786033255321456,-1.5883656873023693,0.5139154382187211,-0.4974184518415143,0.5250190710840983,0.8450986060505384,-0.2626790660029455,-0.7932927030452689,-0.00855549713242313,Luciano_Darderi
-0.7424063274812716,1.308386871326839,1.9498572259733145,-1.1778934619374888,-0.10231034876125428,0.5870690829677006,-0.34583602415864034,1.1990779046537348,-0.38746349767639143,-0.128287778219091,1.5518256377481594,0.5837569415954419,3.2633526778670965,0.43603354011633677,Lukas_Klein
0.19074310543277698,0.12335227238012787,-0.9320823793682114,0.34558839030894223,0.005175915685168116,-1.28438891720721,0.3996817737276059,0.5099242005501667,0.28840162887230686,-0.5000884241639949,-0.21199536604392485,-0.11379843614863236,-0.46213797807283113,-0.16713281617451717,Mackenzie_Mcdonald
-0.6179592893266446,0.08018652717091614,-1.647978204898909,-1.2394302857644186,0.0354396743209884,0.3539840131931214,-0.8342787193254889,-0.32984138017249287,0.46011622348341047,0.012483638762808462,0.19781776970924728,-0.5000940437439564,-0.37722651013118064,-0.4353609728912323,Maks_Kasnikowski
-0.43545454852631443,-0.16711933242438415,0.29643021012273885,-1.1675909167718919,-0.2585452094997549,0.1285187214804257,-0.3221981562907247,1.4159549589429157,-0.37694216453451024,-0.7055474907940936,1.0180293631262478,-0.12769396160170166,0.2622629828043771,0.02034279028874642,Marc_Andrea_Huesler
0.6991464494250239,1.2573939744757616,-0.22782713636646787,-0.52456277732085,-0.9999087993057522,0.40191722602497826,2.277282153589271,-0.5031110491756475,-0.27765312596250397,0.9829830413273452,0.4221097539694314,-0.40977312829900653,-0.4123114569542926,-0.5794534198354458,Marc_Polmans
0.287219003556213,-0.1605779356286293,-0.5274456084160781,0.20812321205499598,0.127738289071855,0.17599470817432994,0.5060436260019969,-0.9479917909561596,0.5536619717151844,0.41850965788455785,0.8223254673667724,-0.1201781428031863,-0.3878742459598506,-0.11777489247778199,Marcos_Giron
-0.9822019053304154,-0.9644083539073919,0.40955942699672576,-0.05394551577943285,0.3396630997945093,-0.2797421353315968,-0.6189446867262484,-1.3659226092143022,1.3007625205717108,-0.3799227850294548,1.2192072506980431,-0.31934172855381815,-0.05978724921714534,-0.19580862788521694,Marin_Cilic
1.233445630695447,0.6235608042404059,-0.26921587424719495,-0.35479292785005295,-1.167720683537982,-0.8558007134439358,1.2152909885091574,0.9304369077318645,-1.2923772556461663,0.812653856518399,-1.8989348438692226,-0.17493874814213695,-0.9952469103201272,-0.3141692945893483,Martin_Borisiouk
0.2076144528891363,-0.358647582723577,-1.117685000802096,-1.4796385278408735,0.7861933424355678,-1.0758361731844805,-0.481098746981867,-0.07443004358965193,0.19340601698458146,0.2729745391639794,-1.7904266530981772,0.15021654745968235,0.8486828082764029,-0.17835982619775598,Martin_Cuevas
0.8999120781031573,-0.8986091493977898,-0.6934504375246455,-0.25897467233121985,-0.2452542914344805,0.9087696360620426,-0.791586575959077,-0.2817965558669598,0.41326426562830126,0.09429242910667186,0.3711007961184693,-0.001289504254427036,-0.13792463537230984,-0.41745643479250694,Marton_Fucsovics
-0.11035386513891027,0.48253612326638895,-0.6563813980149654,0.5165755331404436,0.8856520784403654,-0.2448546950349163,0.1726887216629388,-0.1270242985122315,-0.40019916576990344,0.6504404944567127,-0.24490258137516324,-0.301808127046206,-0.41901887325871173,-0.23665756259023676,Matteo_Arnaldi
0.11234141859584694,-0.9692318547435336,0.07017177637476499,0.11495453715320716,1.0682181728299471,1.7459144936257545,0.4780635732664228,-1.0705629996629409,0.6556779002175476,-0.7227690260901359,-1.6981142906828823,-0.08976019138675372,0.3224670159410728,-0.1572421165070459,Matteo_Berrettini
-0.30889995038863116,-1.356305103420808,-0.26921587424719495,-0.3313069802948036,-0.8900682932628364,1.2332063160866713,1.2113028566801058,-0.5744112371875076,1.2498664356310498,-0.5660394064532256,1.1827485975369776,-0.44668689374172516,-1.2615286864528557,-0.5539180494909016,Mattia_Bellucci
0.490085468757733,0.11849297065336056,0.5792532523077053,0.045164060516737534,0.8457733170499376,0.28211787067566435,2.4729312688017475,-0.44611026232401013,0.8995950249830573,-0.3163126763112271,2.666890940839035,-0.2696536540681926,-0.35175306974868453,-0.03904160254376641,Max_Purcell
-1.8257100090615217,0.25902512118077126,-0.6563813980149654,0.5251878035024097,-0.5632153239855641,0.8139946933126871,-1.1160433963449394,0.4469063219979388,1.0665733291430461,-1.3610116909405212,-1.9656815275054689,0.26497724002503076,1.0624404688631206,-0.06783403543225755,Maxime_Cressy
-1.2480903400428944,0.3091996181629505,0.18765211697467474,-1.6465200433887273,-1.9168582648463992,0.9484672465192122,0.3862186983707424,0.2350994072567154,-0.4878544695592909,0.5155232274340386,-0.7738082467075657,-0.42181591702499976,-0.14736851292975833,-0.5918563140027958,Michael_Mmoh
1.8773890411774812,-0.20411910805036265,0.33683350186344796,-0.890437759881467,0.27188603146652396,-0.46455371809338336,0.24248732332059994,-1.2062894330316956,-0.8243291922436973,-1.1354697885038856,0.45783921172383074,-0.3797722603494506,-0.2657802084577631,-0.23755785035388946,Mikael_Ymer
0.7983171891038114,0.731489725158518,-0.2528991602749854,-1.1609551517645504,-0.3949772840975118,0.08533335912033121,1.102392061966412,0.344979830413281,-0.38425405836455484,0.5297245059129324,0.7913585951271391,-0.05326505515192868,-0.13507158303832442,-0.17948239030201815,Mikhail_Kukushkin
-1.5273934236520463,0.07148745434820845,-0.39974958602487237,-0.4649478596914012,0.8236256184162755,0.2716843714891449,-1.1540355567893656,0.8621215288919919,-0.4768363430534209,0.0641107486944059,0.3809723153195176,-0.020917818646538397,2.228494162328229,-0.24418768687426576,Milos_Raonic
5.354549234822518,2.470198007690551,-0.1480059990250667,2.3550856592161917,1.4965607635703448,-0.6185032078183013,-0.3801600480023807,1.5456099486389148,-1.9594681506648048,1.431426202255859,1.6322317072227435,1.9566348563586786,1.676569620707499,6.180123901370313,Minhtuan_Pham
0.0652043920315567,-0.2450023201336503,-0.10950403866039067,-0.03859408952900162,-0.7628556150930136,-0.09955002495334243,0.40926637199190946,-0.3418021369953619,0.06841614218433564,0.2933913253535909,0.5335250868365425,-0.23996980726250086,-0.1968443517525575,-0.09994491821298152,Miomir_Kecmanovic
0.9739409508623338,1.4145276418094495,0.5792532523077053,-0.9440906576840353,-1.3473781125395483,0.6297964345698678,2.3877292347576033,1.5064032051323502,-1.1334655713197677,0.4294131906982671,-0.6526407670132367,2.1172053727052567,2.297484730030821,1.04067463077465,Moez_Echargui
-0.4862747996513497,-0.527993856338055,-0.6934504375246455,0.3436965494412313,3.560596688629155,-1.029427407586012,1.0704211906708763,1.3234856319820505,-0.7581098400874676,-0.041835652338283874,-2.1722449484429065,-0.39170894521001653,-0.5148954710218716,0.07006656419156804,Mohamed_Safwat
-0.5170241125804685,-0.2926005691582539,-0.9871512890244191,1.1378695167724184,0.7378764907435843,-0.41223479956958,1.2951910298870208,-0.9578796245745068,1.4813860514027253,-1.0125913392272226,-0.6550844808894227,-0.4455845789841971,-0.29543544752966006,-0.17385010335115272,Nick_Kyrgios
0.5548409871578563,1.5767202798502917,-1.238894876024225,-1.6465200433887273,-0.7314097845341807,0.26955073157370046,-0.40946961876706767,-0.6237128079375279,0.2825411292498406,0.6043899906496966,0.03787351881237513,-0.38448327197442056,-0.995246910320127,-0.45007840308981206,Nicola_Kuhn
-1.3885406943504757,-0.32106411005604196,-0.4851898337338975,1.2819415146324977,2.629800104087709,-0.03691946765800355,-0.8010201581815791,-2.063660096377137,3.3861062706262888,-1.8212691353484114,0.6975111495807506,-0.42600802702455437,-0.723660362619863,-0.3757815283056118,Nicolas_Jarry
0.3688485974841038,0.3925704888441363,-0.39974958602487237,-1.3512681312656036,0.07408725978053343,-0.5625778954914525,1.1974333026759647,-0.7053186928884445,0.0663757517636821,0.8495242390462016,0.58093602334422,-0.28099298434201364,-0.5002017395639159,0.1692801177670808,Nicolas_Mejia
-0.6358406564609109,-0.9186795621525103,-1.8554842412846189,0.026914669613625708,2.0344087863134566,-1.6777881642696946,-0.8011618690399646,-0.7213280815492921,-0.8330321062073661,-1.511177394594295,-2.0833553069553883,-0.2507686156146005,-0.5311285457754218,-0.23578989394845587,Nikoloz_Basilashvili
0.2693380538251355,1.4798450390295168,0.01689580796317878,1.6144209404026855,-1.5352356731552952,-0.46220879929790193,0.6987685599002637,1.7788669872139582,-1.1686751087188638,0.04445145994115379,0.4398013088001719,-0.29477918229348504,-0.319008292839097,-0.11086092952404773,Nishesh_Basavareddy
0.5837018219236038,-0.21134990161683068,-0.007562221447330221,0.40094390016045245,-0.7159857540874884,-0.2905654723547311,0.07848321552641983,0.1888627610287427,-0.5828096937570103,0.4281840224062961,-0.5717012773850186,-0.34477455564136766,-0.24168924428708624,0.010659303811390297,Novak_Djokovic
-0.5800545457385038,-0.5863138437522513,0.22816257925050545,-0.5304678155633119,-0.5005006318306281,0.3704175663447822,-0.18563816508749237,0.5563452729162778,-0.4682586105025233,0.1373624716321159,0.2942484203528231,-0.17001215275423043,0.5399217429844778,-0.562540382334514,Nuno_Borges
0.2021028233112124,-1.5737432810086676,-0.1480059990250667,-1.44450557719922,0.37084932873858434,0.10219518303043895,-1.254495121327868,-1.4960434153658995,-0.2678753790007363,1.8758596120674342,0.2835849767119137,-0.30138802976506673,-1.3523816497735761,0.31068111888229666,Oleksii_Krutykh
-1.4925809260951548,1.1314855871891547,0.9428828779740918,-1.0838410066724047,1.2788184412425039,0.31985709652306044,-1.5883656873023693,0.1256831316678862,0.13831583016711987,-0.2814388214969127,0.042755203406407746,0.2706444347196152,-1.0528697140262686,-0.10814344147614509,Oscar_Otte
-0.153388843715766,-1.0179690746626178,0.34785258142909625,1.0402723569317196,-0.9212432984867116,-1.0379247472737874,1.090055603854735,0.0263786640273085,-0.23449255595169202,0.11890072039615285,-1.300224944203113,-0.25357107452950517,-0.8728347693376682,-0.26162925679710153,Otto_Virtanen
-0.3600801187531345,-0.283724685912321,-1.457072651424056,1.3059990778425306,1.9535803631815292,0.5751678571789699,-1.5883656873023693,-0.7610936361739793,0.9676731575837616,-0.6595043175622889,-1.1632889315913968,-0.2767550528255349,-0.1654785369516885,-0.566397741764551,Ozan_Baris
0.8549149462555033,3.6162441551832494,-0.9871512890244191,1.711970457011831,0.2929723261703998,-1.85064725240272,-0.3505248153403114,-1.3791863228607095,2.669087814218019,-1.9672278032756412,-1.1632889315913968,-0.5409348055103684,-1.2008418615225274,-0.12541890120923982,Pablo_Andujar
-0.44412372626521235,-1.084329354695442,0.5792532523077053,0.02931902983345758,-0.30660404108220185,-0.08585966213883085,-0.8963238496020582,-0.40639323735558586,0.6124520806388498,-0.1908820641819655,-0.1336227376175986,-0.2818079711721055,-0.6112210439129133,0.06042316561647558,Pablo_Carreno_Busta
-0.18154481235782804,0.8558920076904448,-1.457072651424056,-0.14691498274475945,-0.8125839052790735,0.5614326720064016,-0.31447119771033394,-0.1964990335302819,0.10114278954186155,0.07031874158565381,-0.40159789059132706,-0.044320808883286426,1.2511277865415185,0.22009029345265343,Patrick_Kypson
0.21274424026372804,-0.6189060663837237,1.4277223788626063,-1.6465200433887273,-0.9553982674452229,0.3423064396837645,-1.5883656873023693,1.6730483911434353,-0.44130131076833257,-0.3324087950987768,1.174409393275646,1.2340675327990802,4.229220625703374,0.008614838099253293,Paul_Jubb
1.2123191621151175,0.17943503982997977,-0.39974958602487237,-1.5020688390704238,1.0982810822559606,0.06467263089741238,-1.5883656873023693,-0.7433729825784056,-0.5445386114418419,1.4845671406499354,0.6010958911920551,-0.4012164099936955,-0.8520846650874773,-0.3651159050059284,Pedro_Cachin
0.7410717780241303,0.7946384135595679,-0.36349022164218436,0.409411248261089,-1.071677403883057,0.17703055118696845,1.069118374678134,1.0332092016228849,-0.09791520516426544,-0.5682834544413844,0.020861587651360747,0.1930807107216925,0.05184175131147449,-0.03904160254376655,Pedro_Martinez
-0.3335004281385349,-0.566766740532616,-0.375274515066558,-0.4302765699926417,1.6602203285237023,-0.8872388985692762,-0.6741298147551447,-0.8477328910240183,0.875065524135803,0.030255975486513324,0.9200636633050333,-0.22070134530091146,0.12428184739919505,-0.25637803144398963,Peter_Gojowczyk
-0.4056197742340059,1.2131884483166602,0.6701606587243023,0.3436965494412313,-0.46291076976260936,-0.1905687161917362,-1.0128782643726384,0.2859247391167876,-1.1475600774344867,1.1855382938199035,-0.7556258517954538,-0.2782826793024051,-0.23791863303940936,-0.07212227011777758,Pierre_Hugues_Herbert
-1.132623686028357,-1.2743718770833552,-1.9661541273569967,1.3263400237716814,-0.2431787994276273,-0.6440767441654941,-0.5400185122625912,-0.10289596702439838,-0.678788888925133,1.343764731301027,-0.1799085309644115,-0.43872531215396304,-0.7610971047840598,-0.20966342706815816,Quentin_Halys
-0.20215769278698442,-0.016750520855623893,0.4685833662353273,0.42024334147315423,-0.2036703417072995,0.2009823777693302,-0.19694328615732523,-0.05905078375121197,0.05909918147794104,0.34212086512859224,0.12629303102175554,0.029788660199749056,1.3919835289343103,-0.25848663158577967,Radu_Albot
0.31996558678114684,-0.7987527311853271,0.39461230248746776,0.3048471742922061,-0.496934309039006,-0.48878400281328294,-0.228312487737929,1.3526235103056314,-0.6755770021083966,-0.3815727531153232,-0.5582245490695986,0.025781076597089378,-0.37026111627659114,-0.21121648646085087,Rafael_Nadal
2.0467331016613,-0.6756290692327299,-0.6934504375246455,-1.6465200433887273,1.5649633681174124,-1.1096815239894613,-1.5883656873023693,-0.3524492183686223,0.3117806112371998,0.23211098125017052,-0.8603564464892339,0.5837569415954416,-0.39314741037023976,1.8804539233556408,Raphael_Collignon
-1.0785689897705835,0.9555405262089701,1.5974162041735869,1.6050121608207284,0.2912807303282367,0.39031858367389005,-0.2788733477017756,-0.4044675526612092,0.6634453040552176,-0.8436144102076991,-0.5141636473625719,-0.3314950015800501,-0.6001191134780135,0.0700665641915683,Rei_Sakamoto
-1.5212637956403796,-1.0760621572856965,0.1478282727035191,0.5191564505723358,0.5540038866870991,0.06267596723745546,-1.1386274441902025,-2.0382878160926317,1.4522422291194435,-1.394111273017323,-1.262386793862133,-0.07587709894444981,0.35814357492648263,-0.40728166527552123,Reilly_Opelka
-0.056797454125210256,-0.015790056499389995,-0.5741344666028626,0.4342485144586649,-0.34282698968084174,0.7072426359658249,-0.25348283196086974,-0.5578477196101069,0.2097021819527875,0.534585380599666,-0.5000333290308691,-0.47551185644759886,-0.931772565445892,0.02855802249877792,Richard_Gasquet
-0.8107911189471433,-1.1746797248402459,0.8974291747657936,1.3703538539327764,-0.1873179897394772,-1.2592022678417216,-0.9344027067004124,0.14770187670056767,-0.11060712756582756,0.3707078255490711,0.2687646829700384,-0.12372381147225318,-0.2245038004305718,-0.09615056033912092,Rinky_Hijikata
0.9180224222033987,-0.06888553601980778,0.1974421453580005,0.8452632311020077,0.02349763602958355,-0.20672589764473484,0.18366925033761386,-0.5824621136071301,0.21464804362173562,0.5541136209735622,0.31792919723882707,-0.3258431512754321,-0.536201381635907,-0.3311106308031313,Roberto_Bautista_Agut
0.9224839132620049,1.1314855871891547,0.39743843947451296,-0.1990897940578488,-0.6021324811256459,-0.008141277191463328,2.248217132229198,-0.7790234285429359,-0.5531144459787012,1.530240003392489,-0.07002361726349052,-0.352879392775739,-0.24239024390902145,0.4809326310068056,Roberto_Carballes_Baena
-0.12892357640949748,0.5405490048599528,0.23527928208274568,-1.1419580902769086,-0.3905546972373115,1.3946915775933355,0.5598191920031201,0.00627810027780271,-0.0424408268729144,0.30187607324840254,0.6463136229493402,0.1785525209326077,0.5621066039733319,0.22805415786861882,Robin_Haase
0.03134438969115255,0.06621061647643423,-0.3661837744248984,-0.7477690644082964,-0.13532306335997102,1.1084448841833883,0.5347917953510081,-0.4719212595006624,-0.4406769122858712,1.144969773670648,-0.03518456911882879,-0.10865599759513446,0.30721138297424705,0.48550417480656255,Roger_Federer
-0.4417706268058914,-0.7463776723485595,-0.2442608999367568,-0.460711550796661,0.8577551159024358,-0.6526692169415738,-0.817959776384878,0.38517274757797737,-0.6281791991133291,0.5186677997147336,-0.22491045335541193,-0.3419257634687056,-0.23081666283473087,-0.42801808298570465,Roman_Safiullin
-2.0066123681983052,1.4956941133549746,-1.9661541273569967,-1.1347500623753102,-0.033312346128095256,-0.9315517690316598,0.8147686062503523,-1.6474932684440875,2.0834450330866066,-1.7760592123902976,1.2575289128738858,-0.030425283430217435,-0.6001191134780135,-0.017447277877398158,Sam_Querrey
1.0387015920600753,-0.5377043867099962,-0.4851898337338975,-0.1523483344137576,0.6944312928978641,-0.42108170453387955,0.9757826292689793,-0.34915460878225096,-0.17506613710507582,0.4522069991431294,-1.6341991739488368,-0.22212681825215155,-0.16986884580548994,0.38482077014254495,Sebastian_Baez
-0.015921517524008826,-0.17050786406420412,0.09183481790382632,0.4609757692394507,0.4683162034242461,-0.5023684497359209,-0.4971561032035747,0.4847969747248713,-0.8292508012612112,0.7933058983760748,0.7106024739174731,-0.23108787139607562,-0.15222451306182153,-0.23618508420378811,Sebastian_Korda
-0.47175289687085453,0.9136605958454257,-0.5617914351281952,1.2739064786987135,-0.6365595890985702,-0.6128532003030001,1.4880969722047674,0.09872690075528301,-0.3622357244221512,0.6943374962144602,0.7361359660122394,-0.0796912373092806,-0.11718513955987477,0.24999012760608694,Sebastian_Ofner
-0.6269229276053102,0.00249761651269487,2.276191505417507,-1.002976953491615,-0.7105086636238175,0.6636878182769687,-1.5883656873023693,-0.5623242488748895,1.0249389174841057,-0.5355832733660991,1.312082770048727,-0.09697753691596973,-0.27816313086592076,-0.08615649272493382,Sergiy_Stakhovsky
-0.1939158727480323,-0.04586705567418338,0.11645191055048715,-0.4374634632445263,0.4611733394095469,-0.13111784361573933,0.383137689447205,0.24679959684109645,-0.18835451219705251,0.40249503020128496,0.02985360840790799,-0.022571290782830298,-0.638245479839972,-0.1972484443100018,Soon_Woo_Kwon
0.3315658381098952,-0.4429358416362376,-0.5407259947447632,0.10386446803398987,0.3881804468718038,1.3458006939172116,-0.5168052096978109,0.3718144800921263,-0.17017752819447352,0.21620021797006866,0.4183832648331446,-0.1990814004222088,-0.428165350037464,-0.1953242498966463,Stan_Wawrinka
-0.7394338257684876,-1.9368107283223444,0.5792532523077053,-0.6926292503755523,-1.9086746954556841,-1.306512467191305,-0.31323320500909185,0.5258619999477223,-1.0045310722345104,1.0115034148160909,-2.2333922938729485,-0.018382494704223686,1.754184009372913,2.068564484893783,Stefan_Kozlov
-0.309140134710128,-0.5468294687785941,0.14060295144315704,0.40409492413021747,-0.29030643199132505,-0.018148408484531073,-0.08425397733163681,-0.48918145857515166,-0.35083266682858855,0.6795323246780162,-0.7987806521781663,-0.2054269530781078,-0.3247033026098466,0.044102321305352375,Stefanos_Tsitsipas
2.2367519345779745,-0.4837805883926342,1.692868980911013,-1.449685435306644,0.25308660296158014,3.1809871765906426,-0.38149360831067064,-0.33508160756894817,-0.1254528072956173,0.7509838156016077,0.06484002977940394,0.4633290543355092,0.2991372517488655,0.4673080792883181,Steve_Darcis
-1.3387954202715195,-1.7696954726688725,1.5974162041735869,-0.13204416011833078,-0.039141969830860976,1.6215096535927198,-0.7248505018599425,-0.4644171593656362,-0.08222332453124923,-0.052202611482290634,-1.3859021415489887,0.22247327981564227,0.6555092187091478,0.0503142236618954,Steve_Johnson
-0.8090326313475451,0.14963849118523595,-0.4407813226314582,-0.9088406168211871,-0.29625244292046354,0.5882694717370859,-0.841149671197709,0.09521430208557859,-0.0022113705928772337,0.16568034070454582,0.021847657812649177,0.1308125656249617,-0.0020239611640106726,-0.05888324848529943,Tallon_Griekspoor
-0.1950713859899531,-0.05977932401494441,-0.26921587424719495,0.7960185023571331,0.4503225563413231,-1.0635818220309539,-0.4711998088180948,0.41747327131063267,-0.2815618377476492,0.30832868914532774,0.5180333159321344,-0.4835105313999657,-0.7208526069575478,-0.4944855409617169,Taro_Daniel
-0.08649908049184848,-0.3431387615177475,-0.49969554743076533,0.3588025577359558,0.3332881587654232,-0.5251716996575144,0.08311370668462682,-0.46818324720521604,0.13683179324914482,-0.044800095410824026,0.026531929098588685,-0.31898301329330386,-0.46374240987986776,-0.01771387447821731,Taylor_Fritz
-0.06422057734514625,-0.2065313982886045,-1.1426399751125342,-0.6192170667956168,-0.3772279959310943,1.4043455733469052,0.03855473957894548,-0.2703433807040713,0.3321883032209364,-0.011353824289859916,-0.5276701426057067,-0.18495022310711937,-0.6929910315391938,-0.08483197773992106,Tennys_Sandgren
-0.5547026210677206,-1.1519323366015406,-0.057098592608469674,-0.7369762382700944,-0.4667282912996462,0.5096979327691821,-1.3197106250010249,-0.7377510774780972,-1.0672921372058706,0.4836759876740089,0.4193205074254041,-0.1764234755193141,-0.08349207161209758,-0.29370570722990347,Thanasi_Kokkinakis
-1.543426591966616,-1.767008364555386,0.5792532523077053,-0.43443324625168406,-0.5476999323220533,1.350417735033955,-0.8713649636522212,0.12046228225858552,1.483029301517696,-1.5944013417533083,-1.4609800979860945,0.2335897001780976,-0.6967059082616414,0.691843232317931,Thiago_Monteiro
-1.159682219558931,1.6571351171982727,-1.6221801571320367,-0.7745387369966968,-0.356164711151599,0.14924781069277737,1.1566370831574506,-0.2159744963708643,-0.7031998114327609,0.7215644932440937,-0.3973369752114678,-0.19535912902534297,-0.04616543751308991,-0.506495218851034,Thiago_Seyboth_Wild
-0.4345553448027045,-1.356305103420808,-1.9661541273569967,1.9703158801195662,-0.9327840456128577,-1.1360310424325484,2.041264532005487,0.7058039878161185,-0.7886806997475979,0.27483051549627635,-0.5448389586775898,0.33085837834958215,1.0096607995824491,-0.6220883685357114,Thijs_Boogaard
-0.3335900361385105,-1.9387094384055137,-1.457072651424056,-1.2067831529925839,0.49683038942087815,1.6283654500180338,-0.7919883358336978,-0.768125526702314,0.057864089004664686,-0.7526041578447105,0.23175691982787028,-0.05623125927163158,0.2321713522106939,-0.3446843516677491,Tim_Van_Rijthoven
-1.4512519155731516,1.3985063934347162,-2.602505972273172,-0.9070358965115404,0.4854573099351428,-1.8140483486568748,2.499208531637801,-0.2957711567227206,0.12649671361637252,0.302236521150756,1.023576460386094,-0.48202986065496634,-0.6001191134780135,-0.027524629388370143,Tomas_Barrios_Vera
-0.6042749827950681,-0.26731116470367083,-0.5321218007853337,0.45222715214529835,-0.08064098602003274,-0.6870286699559526,-0.47298043661292455,-0.06288223245809159,-0.23828503440767068,0.5665894953258181,0.5592632966844734,-0.42503122469456106,-0.31227767206985074,-0.06874601294456283,Tomas_Machac
0.9120938977020677,-0.3440176679616156,0.5792532523077053,-1.252981875565494,-0.2201533382980342,-0.7904194206541719,0.17364593885669238,-0.11443948402003613,-0.6017787641099909,1.0623064299101213,0.11517725584212833,-0.1330922232885054,-0.31492188478619937,0.7383540854454931,Tomas_Martin_Etcheverry
0.07337324502016153,-0.2826716150187354,-0.03395852552060944,0.9747408349726843,0.5261650017779467,-0.3735580070667479,-0.3915478177859916,-0.05971930005320223,-0.7204487299303818,0.980772409467399,0.08311403904277354,-0.36998954618806384,-0.4694001430941567,-0.2592637774768755,Tommy_Paul
-1.3580375689500297,-0.21374176031939088,-0.46885566873070117,0.23772397761522152,0.5378582852950651,-0.309851695009373,-0.9850961129208693,0.5179525521823156,0.35563635746651345,-0.47490854593517395,0.5980727923847956,-0.008748263723429139,0.7038026161009618,-0.5406943755624769,Tristan_Schoolkate
-0.35301842312723775,-1.4123100935755244,3.1246606319724077,1.5055827726296729,-2.447403487878746,-0.8508139668378473,-1.5883656873023693,1.0527148787445777,0.03594582726096552,-0.8623228465925435,-1.1632889315913968,-0.1260591939013406,2.007724345679937,0.018543263233215732,Tung_Lin_Wu
-0.6401120495358006,-2.536143562680145,3.1246606319724077,1.5520423379451367,-3.0584012458877954,-0.9543508049882782,0.12457337833703894,1.2001721081921106,0.5442275168390517,-1.2579598713942477,-1.1632889315913968,0.3414843684019288,-0.19767413521289762,-0.4904326471826917,Ugo_Blanchet
-0.31491960934009877,-0.8815175158945714,0.3419695135254026,0.31485812118856055,0.47476737426723653,0.3025861069667875,-0.5148315399948178,0.4501877931653328,1.1470779632566532,-1.429504148030946,0.8471499581384784,-0.17420143454666773,-0.378157816273298,-0.5665991545196005,Ugo_Humbert
-0.9228859109835112,0.4871924891719029,-0.9964751255799674,-0.04608413706066351,-0.25257038634950013,0.05019062153177803,0.14037123533239823,-1.2823343260442839,0.25707564064425115,-0.9683417014482283,-0.7988616729601539,0.12945311862176254,0.13322506913841925,-0.25848663158577995,Vasek_Pospisil
-0.39879199670639254,-0.23120141804463926,-0.26921587424719495,-0.760764307019351,-0.32866126237682364,0.6066658382138067,0.05588409249687405,-0.07146608650245827,1.0514705194437097,-0.9264011948902943,2.8448421603799194,0.9005749219254204,-0.7976830118990701,-0.30162859048680524,Viktor_Durasovic
-0.7643823436086531,1.1093729266719443,-1.5419195640795462,1.3238032132469404,1.1804651095930363,0.06502311123120545,2.7080040713086095,0.35405682930665067,1.1414818635739605,-1.9736315343106654,-2.7442893533645702,-0.11472480451217029,-0.7000364873921114,-0.3609933521150762,Yannick_Hanfmann
0.4693338439070316,-0.3046048374826706,3.1246606319724077,2.5406888921756043,-2.423767210973172,-0.10405528215124289,-0.8142587113261006,1.0806476400284266,-1.0752344133135674,0.6367002764905576,-1.1632889315913968,-0.38547991655864067,-0.17755188629964255,-0.13501637883873696,Yasutaka_Uchiyama
0.06633830918755357,0.20733622812770833,0.013607167937771522,-0.19775943537280227,-0.7485200158676625,0.27453342065843794,-0.29818739400858085,-0.5100705327537228,0.5534323935575005,0.1155213179270825,0.3284163652810929,-0.05821633433635558,-0.5433033518405849,0.07789997103410501,Yibing_Wu
-0.6326818795319945,-0.48514531082815976,0.15501868903025562,0.9759950267805113,0.5011163148526384,-0.4484058500451437,-0.436091283845018,-0.5768726419071926,2.0993180690439606,-1.6614302009387583,-1.3483631633304316,-0.21961820690662098,-0.07812430343414277,-0.361516850894867,Yoshihito_Nishioka
-0.27984922871432993,2.8681164985882543,0.5792532523077053,2.266284423097359,1.9457600035279898,-1.3943898684924585,-0.6884265074122611,0.6512271538940586,-1.2537453189748347,1.4309798690337978,2.9075093672614276,-0.4639656775659764,-0.85579004084644,-0.6436826932020798,Yosuke_Watanuki
0.12599864668489427,-0.40260234885284646,0.7750538199742211,-1.0449993567498221,-0.9397970795807723,-0.45419440478462214,-0.528501935864732,0.2708733512181682,0.1117562322315955,-0.11152972002545,0.5505425084420835,-0.18917113481831074,0.34717445074602754,0.02122162908330799,Yu_Hsiou_Hsu
-0.43762023636768527,-0.3091984708281473,1.4277223788626063,1.9255160957656237,0.2975777691857705,-0.6417695491106187,0.05177346804737654,-0.024635564524761976,0.48478508073740134,-0.1550574247271226,-0.27615609796298973,-0.444153347726439,-1.0207390262454246,0.22328945266248595,Zachary_Svajda
-0.6690979931099198,-0.3062280294775388,-0.618585514593331,0.05013491251579406,0.40686407827687243,-0.3807410826551936,0.1895629363829904,0.13443190807212954,0.28489027978797876,-0.295192381411558,0.008374009228077054,-0.09372712160531008,-0.38960943253933733,-0.4411916487895768,Zhizhen_Zhang
-0.47669038078601583,0.174627153403588,0.6613631677807602,0.4280277610018234,-0.17266889692102277,-0.5216546516100302,1.3970980767017183,0.38904736553928865,0.041126999695513596,-0.15455492283021385,0.6887096377385469,0.059895632014732546,0.09642027198084066,0.28487326745175845,Zizou_Bergs
