average_shot_length,net_points_rate,net_points_won_rate,winners_rate,unforced_errors_rate,slices_rate,dropshots_rate,crosscourt_rate,middlecourt_rate,down_the_line_rate,average_response_depth,opening_2nd_ground_fh_bh_ratio,opening_3rd_ground_fh_bh_ratio,opening_1st_ground_fh_bh_ratio
1.3705583756345177,0.0983606557377049,0.6666666666666666,0.042016806722689,0.1596638655462184,0.1518518518518518,0.0148148148148148,0.337037037037037,0.3296296296296296,0.3296296296296296,2.053763440860215,1.8888888888888888,3.0,0.5
1.4294871794871795,0.0483870967741935,1.0,0.0531914893617021,0.0957446808510638,0.1121076233183856,0.0,0.210762331838565,0.3497757847533632,0.4260089686098655,2.135802469135802,0.6470588235294118,0.5555555555555555,0.23076923076923075
1.7466666666666666,0.1969696969696969,0.4615384615384615,0.0,0.16,0.1297709923664122,0.0190839694656488,0.3091603053435114,0.3473282442748092,0.3320610687022901,2.1772151898734178,0.7619047619047619,1.5,0.1428571428571428
1.630706391158097,0.1066666666666666,0.55625,0.0646481178396072,0.1845335515548281,0.0870782378075733,0.0054515986444673,0.293354943273906,0.3805805215853838,0.3167820833947252,2.142520612485277,0.9343891402714933,1.3110465116279069,0.9211087420042643
1.1555555555555554,0.0967741935483871,0.5,0.0258620689655172,0.1293103448275862,0.2153846153846154,0.0076923076923076,0.2269230769230769,0.5153846153846153,0.2384615384615384,2.015151515151515,0.8666666666666667,1.1818181818181817,0.8888888888888887
1.4072110286320254,0.1054599850411368,0.5602836879432624,0.0583409298085688,0.1923427529626253,0.1471363978899774,0.0131876412961567,0.2413338357196684,0.3978899773926149,0.3522984174830444,2.125469571750564,0.7079889807162534,0.9413680781758959,0.622549019607843
1.264591439688716,0.0764705882352941,0.6153846153846154,0.1078066914498141,0.1784386617100371,0.1553846153846153,0.0092307692307692,0.2815384615384615,0.4369230769230769,0.2523076923076923,1.8546511627906976,1.111111111111111,1.5,0.4629629629629629
1.4594827586206895,0.0613810741687979,0.5416666666666666,0.0519835841313269,0.1764705882352941,0.1937389249852333,0.0047253396337861,0.1949202598936798,0.3567631423508565,0.2988777318369758,2.1322314049586777,1.5342465753424657,1.6086956521739133,1.6216216216216215
1.4164619164619163,0.046692607003891,0.5833333333333334,0.0897703549060542,0.1816283924843423,0.1266261925411969,0.00520381613183,0.1934084995663486,0.2862098872506505,0.2298352124891587,2.02834008097166,1.1594202898550727,1.6181818181818184,0.6224489795918368
1.8662125690785245,0.0977764240024368,0.6355140186915887,0.063219593887377,0.165375758844463,0.1195509951105295,0.0045451415191791,0.2184422560429722,0.4154672543213277,0.3570002065973418,2.0840431572969904,0.8106212424849699,1.0576230492196879,0.7118794326241135
1.6100558659217876,0.1206171107994389,0.4767441860465116,0.0911504424778761,0.1451327433628318,0.1242192921582234,0.0069396252602359,0.2338653712699514,0.3900069396252602,0.366412213740458,2.0620239390642,0.8383838383838383,1.1183431952662721,0.6926229508196722
1.8333333333333333,0.0614173228346456,0.5641025641025641,0.0300902708124373,0.1554663991975927,0.154089154089154,0.0077220077220077,0.2474552474552474,0.4078624078624078,0.3366093366093366,2.0625814863103,0.8391959798994975,1.205298013245033,0.554054054054054
2.342857142857143,0.0454545454545454,0.6666666666666666,0.0,0.2307692307692307,0.1504065040650406,0.008130081300813,0.2601626016260163,0.4796747967479675,0.2479674796747967,2.2666666666666666,0.7368421052631577,0.5909090909090908,0.23999999999999994
1.2564006024096386,0.1525518788558609,0.4742647058823529,0.0563047875927174,0.2117329737019554,0.22370392568175,0.0200779142942762,0.2016781540305663,0.4641893916691639,0.2777944261312556,2.036073825503356,0.9466666666666665,1.11371237458194,0.4437627811860939
2.35,0.0657894736842105,0.6,0.0097087378640776,0.1941747572815534,0.0664893617021276,0.0053191489361702,0.1994680851063829,0.3643617021276595,0.425531914893617,2.134831460674157,1.2083333333333335,1.0909090909090908,1.0384615384615385
1.4476797088262057,0.0771144278606965,0.6451612903225806,0.0555555555555555,0.1741741741741741,0.1489629164047768,0.0106851037083595,0.2350722815839095,0.3796354494028913,0.3368950345694532,1.9788235294117649,0.7053571428571429,1.0,0.7398373983739835
1.7083425782116708,0.090324384787472,0.5541795665634675,0.0781776280801276,0.1730189682680376,0.105721150724073,0.0044808104422365,0.2464445743230079,0.3930774725631534,0.3247613481394896,1.9817729908864956,0.958502024291498,1.2658682634730538,0.9092542677448338
1.4264705882352942,0.0816326530612244,0.6666666666666666,0.1627906976744186,0.227906976744186,0.1890034364261168,0.0068728522336769,0.2439862542955326,0.4484536082474227,0.2972508591065292,2.257142857142857,0.8108108108108109,0.7777777777777777,0.4615384615384615
1.2979833101529905,0.1077405857740585,0.5533980582524272,0.0857487922705314,0.1908212560386473,0.1818912402893115,0.005625502276989,0.2668095365657648,0.4141441200107152,0.2968122153763728,2.0431328036322363,1.1049723756906078,1.541095890410959,0.9911111111111113
1.7336561743341403,0.1547619047619047,0.6923076923076923,0.0711610486891385,0.1161048689138576,0.1201117318435754,0.0139664804469273,0.2122905027932961,0.3631284916201117,0.4064245810055866,2.0444444444444443,1.1136363636363635,0.8444444444444442,0.6949152542372882
2.2635983263598325,0.0708661417322834,0.6666666666666666,0.0994152046783625,0.2105263157894736,0.1035120147874306,0.0258780036968576,0.1534195933456562,0.3123844731977819,0.4491682070240296,1.9319727891156464,0.9047619047619048,0.972972972972973,0.8235294117647058
1.3523809523809525,0.2028985507246377,0.5714285714285714,0.0291970802919708,0.0948905109489051,0.2957746478873239,0.0035211267605633,0.2147887323943662,0.3943661971830985,0.3661971830985915,2.1463414634146343,6.333333333333333,2.666666666666667,1.4545454545454546
1.6157205240174672,0.0392156862745098,0.3333333333333333,0.0069930069930069,0.1748251748251748,0.2445945945945946,0.0,0.1878378378378378,0.4472972972972973,0.3513513513513513,2.1150442477876106,0.9393939393939394,1.607142857142857,0.4426229508196722
1.359970961076674,0.0681660899653979,0.6269035532994924,0.1059205849497308,0.1869604955824108,0.127787130948959,0.0028743891922966,0.2293762575452716,0.3894386728534472,0.3453373301030674,2.0214471403812824,0.9218436873747494,1.1809006211180124,0.5426433915211969
1.7003422109805089,0.1148825065274151,0.5746753246753247,0.0449251247920133,0.1754219158545281,0.1788589429471473,0.0115505775288764,0.2327616380819041,0.362005600280014,0.3957822891144557,2.06954588758336,0.8525280898876404,1.2865168539325842,1.0291666666666666
1.2222222222222223,0.0948275862068965,0.3636363636363636,0.1127450980392156,0.1372549019607843,0.1596452328159645,0.0110864745011086,0.2394678492239468,0.458980044345898,0.2971175166297117,2.0434782608695654,0.925925925925926,0.5862068965517241,0.24390243902439018
1.521448999046711,0.1189189189189189,0.5454545454545454,0.0666666666666666,0.2063492063492063,0.1347117794486215,0.0075187969924812,0.2330827067669172,0.4141604010025063,0.3370927318295739,2.1246537396121883,1.2159090909090908,1.5882352941176472,0.6666666666666666
1.22234989945418,0.069557362240289,0.5194805194805194,0.0919158361018826,0.216500553709856,0.1748531139835487,0.0051703877790834,0.2206815511163337,0.445593419506463,0.3158636897767332,2.096976016684046,1.0346320346320346,1.0540540540540542,0.5364431486880465
1.317548746518106,0.037037037037037,0.6153846153846154,0.0534591194968553,0.1855345911949685,0.1409443269908386,0.0028188865398167,0.2297392529950669,0.4341085271317829,0.2741367159971811,2.01530612244898,1.118421052631579,1.136986301369863,0.5803571428571429
1.3661971830985915,0.0679522497704315,0.6351351351351351,0.0534079348931841,0.1887080366225839,0.1537617898661987,0.0065803904364992,0.2465452950208379,0.4259706075893836,0.3099363895591138,2.152941176470588,0.9141791044776119,1.2488687782805428,0.7507987220447283
1.2964285714285717,0.106145251396648,0.7368421052631579,0.0355029585798816,0.1863905325443787,0.1804407713498622,0.0068870523415977,0.256198347107438,0.3622589531680441,0.3732782369146005,2.161417322834646,0.7619047619047621,0.8974358974358974,0.9782608695652175
1.438724962308852,0.1192259675405742,0.5549738219895288,0.058555399719495,0.1805750350631136,0.1597305389221557,0.0062874251497005,0.2655688622754491,0.4266467065868263,0.2464071856287425,2.0761606677099635,1.13855421686747,1.5247148288973384,0.7607758620689654
1.3086312118570185,0.0869565217391304,0.40625,0.0156695156695156,0.1481481481481481,0.2225183211192538,0.0019986675549633,0.2445036642238507,0.4237175216522318,0.3057961359093937,2.0176125244618395,1.1142857142857143,1.112903225806452,0.5096153846153845
1.2908536585365853,0.1,0.5849056603773585,0.1102449888641425,0.2472160356347438,0.110533774208786,0.0170051960321209,0.2201228153046764,0.4917335852621634,0.2300425129900803,2.098425196850393,1.040650406504065,1.216981132075472,0.8308823529411765
1.338785046728972,0.1151079136690647,0.3125,0.04296875,0.10546875,0.1902268760907504,0.0034904013961605,0.2478184991273996,0.3507853403141361,0.37521815008726,1.9542857142857144,1.2272727272727273,1.619047619047619,0.8709677419354839
1.444060773480663,0.1042944785276073,0.4313725490196078,0.070489844683393,0.1672640382317801,0.1305595408895265,0.0062171209947393,0.2515542802486848,0.3821138211382114,0.3586800573888092,2.0264026402640263,1.147058823529412,1.1250000000000002,0.6298701298701298
1.390625,0.1264367816091954,0.5454545454545454,0.0718954248366013,0.0784313725490196,0.1432584269662921,0.0112359550561797,0.3033707865168539,0.3426966292134831,0.3342696629213483,2.194690265486725,1.4444444444444442,3.0,0.8500000000000001
1.6971207087486158,0.1203115983843046,0.5971223021582733,0.0231006160164271,0.1764202600958248,0.1549102773246329,0.0103752039151712,0.2286460032626427,0.4282544861337684,0.3325285481239804,2.0865276843757004,1.061576354679803,1.2159244264507423,0.822714681440443
1.740566037735849,0.0389610389610389,0.6666666666666666,0.0,0.1590909090909091,0.1300813008130081,0.0,0.1869918699186991,0.4146341463414634,0.3848238482384823,2.0096153846153846,0.6153846153846154,0.9583333333333334,0.7692307692307692
1.664535666218035,0.0958663148636763,0.6330275229357798,0.0947196516058791,0.1823625476320087,0.1328077622801698,0.0058621386699009,0.2621790984435011,0.3994340004042854,0.3254497675358803,2.1210564930300806,1.0498338870431894,1.1685393258426966,0.7198952879581151
2.0353535353535355,0.0628571428571428,0.8181818181818182,0.0,0.2091254752851711,0.119106699751861,0.0049627791563275,0.1786600496277915,0.4925558312655086,0.315136476426799,2.095890410958904,0.9245283018867924,1.5384615384615383,0.7540983606557378
1.5052631578947369,0.0935251798561151,0.6153846153846154,0.1059907834101382,0.1198156682027649,0.1013986013986013,0.0034965034965034,0.2465034965034965,0.4073426573426573,0.3339160839160839,1.9438202247191008,0.7941176470588236,0.7750000000000001,0.4423076923076923
1.564876519012152,0.1088082901554404,0.5619047619047619,0.0638578011849901,0.173798551678736,0.0901803607214428,0.0105210420841683,0.2920841683366733,0.4215931863727455,0.281312625250501,2.027835051546392,0.9178571428571429,1.3145539906103285,0.752442996742671
1.6511627906976745,0.0482758620689655,0.7142857142857143,0.0483870967741935,0.1370967741935483,0.2003129890453834,0.0093896713615023,0.189358372456964,0.3943661971830985,0.3724569640062597,2.110526315789474,1.2068965517241381,0.9677419354838712,1.1842105263157898
1.5255144721432157,0.1234677958546913,0.6046931407942239,0.0927520869219557,0.181396581423082,0.1294691818381224,0.012009212546611,0.2527418293485413,0.3686115376178986,0.3671309497696863,2.002387109608116,0.9952244508118432,1.3983253588516749,0.7868362004487659
1.3548387096774193,0.075,0.5555555555555556,0.00836820083682,0.1631799163179916,0.163003663003663,0.0091575091575091,0.1978021978021978,0.4340659340659341,0.3534798534798535,2.010928961748634,0.6666666666666666,1.2692307692307692,0.5555555555555556
1.5561751186798285,0.0927583401139137,0.5833333333333334,0.0899780541331382,0.1775176786149719,0.1607592484989347,0.007892698043773,0.1988669378268448,0.4187972109238814,0.3436955258570598,2.0258036300021867,0.8561208267090619,1.1720841300191207,0.6660026560424965
1.7343173431734318,0.0588235294117647,0.6666666666666666,0.0822784810126582,0.120253164556962,0.1617021276595744,0.0106382978723404,0.3191489361702128,0.3936170212765957,0.2872340425531915,1.975693338295696,1.3461538461538463,1.1923076923076923,0.75
1.44,0.1014492753623188,0.7142857142857143,0.08,0.104,0.1805555555555555,0.0034722222222222,0.2569444444444444,0.3854166666666667,0.3263888888888889,2.076923076923077,0.7222222222222223,1.1875,0.8095238095238094
1.0850077279752706,0.096590909090909,0.4411764705882353,0.0681818181818181,0.1619318181818181,0.3504273504273504,0.0049857549857549,0.1823361823361823,0.5470085470085471,0.2606837606837607,2.032258064516129,1.0980392156862746,1.861111111111111,0.6440677966101694
1.7054886211512716,0.0782312925170068,0.5,0.030590717299578,0.1561181434599156,0.2696232339089482,0.0051020408163265,0.2515698587127158,0.3202511773940345,0.4199372056514913,2.1152777777777776,1.2521739130434784,1.64,2.1666666666666674
1.4242424242424243,0.1014492753623188,0.7142857142857143,0.1031746031746031,0.1428571428571428,0.1914893617021276,0.0070921985815602,0.2092198581560283,0.3297872340425531,0.4539007092198581,2.176470588235294,1.3333333333333333,4.75,1.6666666666666667
1.5526315789473684,0.1379310344827586,0.5,0.0754716981132075,0.1037735849056603,0.1779661016949152,0.0084745762711864,0.3220338983050847,0.3389830508474576,0.3305084745762712,2.113924050632912,0.7777777777777779,2.3333333333333344,0.6818181818181817
1.5393617021276595,0.0941828254847645,0.5,0.0321489001692047,0.1522842639593908,0.2259847961299239,0.0082930200414651,0.2418797512093987,0.3973738769868694,0.3538355217691776,2.0709812108559498,1.1538461538461537,1.5238095238095242,0.3109243697478991
1.5711974110032365,0.1025641025641025,0.5208333333333334,0.0790960451977401,0.2146892655367231,0.0870236869207003,0.0066941297631307,0.2178166838311019,0.3702368692070031,0.3640576725025746,2.1093394077448746,0.9534883720930233,1.017391304347826,1.184873949579832
1.4834710743801651,0.1914893617021276,0.5555555555555556,0.0132450331125827,0.1589403973509933,0.3426183844011142,0.0083565459610027,0.2479108635097493,0.3927576601671309,0.3509749303621169,1.9363636363636365,1.7999999999999998,2.111111111111111,0.9285714285714285
1.309090909090909,0.13,0.6153846153846154,0.0552325581395348,0.1395348837209302,0.3207070707070707,0.0012626262626262,0.1919191919191919,0.4659090909090909,0.3333333333333333,2.1116751269035534,1.4333333333333336,1.4444444444444442,1.95
1.8026845637583893,0.101639344262295,0.5806451612903226,0.0743034055727554,0.1816305469556243,0.0647803425167535,0.0033507073715562,0.244229337304542,0.355174981384959,0.3462397617274758,2.06,1.0809248554913296,1.3673469387755104,0.641025641025641
1.6039735099337749,0.1616279069767441,0.5683453237410072,0.0802919708029197,0.1357664233576642,0.3881090008257638,0.0093586567575006,0.1968070465180292,0.4093036058353977,0.3826039086154693,2.0454545454545454,2.349397590361446,2.494117647058824,2.1290322580645165
1.9158621332960215,0.0977191154335996,0.533175355450237,0.0582295275300361,0.1512493550527014,0.1032426116169239,0.0071814596621062,0.2275914114611227,0.3857295876138079,0.3591703588295438,2.043616177636796,0.6981132075471697,0.7998497934660158,0.7640904488693891
1.8228167592125188,0.1247002398081534,0.6057692307692307,0.0732302685109845,0.209926769731489,0.1157574079202437,0.0047078371642204,0.2785931874826918,0.3458875657712545,0.3691498199944614,2.1042780748663104,0.8724279835390945,1.1121495327102804,0.7665505226480837
1.381108118507118,0.0867403314917127,0.6050955414012739,0.0716145833333333,0.1962890625,0.1650647722524028,0.0062682824905975,0.2322050424850257,0.4896225100988995,0.26438222593676,2.1616438356164385,1.1189873417721519,1.3353658536585369,0.7145922746781117
1.5401069518716577,0.1641791044776119,0.6363636363636364,0.0317460317460317,0.1428571428571428,0.1493055555555555,0.0173611111111111,0.2326388888888889,0.4618055555555556,0.3020833333333333,2.0,0.6000000000000001,0.8750000000000001,1.5
1.8665338645418328,0.0933734939759036,0.5698924731182796,0.0310913705583756,0.1605329949238578,0.1165421558164354,0.0066168623265741,0.1859124866595517,0.4053361792956243,0.3447171824973319,2.0544959128065394,0.7198795180722891,0.9964157706093191,1.1368421052631579
2.421052631578948,0.0746268656716417,0.6,0.0631578947368421,0.1473684210526315,0.2484472049689441,0.0031055900621118,0.2857142857142857,0.2950310559006211,0.4192546583850932,1.975693338295696,1.25,0.8333333333333334,0.4399999999999999
2.0,0.0943877551020408,0.5945945945945946,0.0360205831903945,0.1526586620926243,0.1295884315906562,0.0083426028921023,0.2658509454949944,0.3776418242491657,0.3492769744160178,2.083601286173633,0.7796610169491525,1.2608695652173916,0.9833333333333334
1.9944444444444445,0.0470588235294117,0.375,0.0121457489878542,0.145748987854251,0.096100278551532,0.0097493036211699,0.2576601671309192,0.3467966573816156,0.3899721448467966,2.1298076923076925,1.0833333333333335,1.4615384615384615,1.2244897959183674
1.1243781094527363,0.1531531531531531,0.8235294117647058,0.1294642857142857,0.15625,0.1991150442477876,0.0088495575221238,0.2721238938053097,0.336283185840708,0.3849557522123893,1.9873417721518989,1.55,1.7058823529411766,0.4285714285714286
1.6263050847457627,0.0931516936671575,0.6047430830039525,0.0573770491803278,0.1654443485763589,0.193096548274137,0.0071702517925629,0.2296148074037018,0.3765215941303985,0.3692679673169918,2.0819081908190817,1.3653483992467044,1.2914285714285718,1.0290055248618784
1.5684931506849316,0.149171270718232,0.4074074074074074,0.0734265734265734,0.1643356643356643,0.1528384279475982,0.0087336244541484,0.3100436681222707,0.4002911208151383,0.272197962154294,2.0508474576271185,0.723404255319149,1.7931034482758625,0.9565217391304348
1.572149344096872,0.0989304812834224,0.4324324324324324,0.0310965630114566,0.1685761047463175,0.2047496790757381,0.0057766367137355,0.2349165596919127,0.4409499358151476,0.3061617458279846,2.1314984709480123,1.0357142857142856,0.941860465116279,1.5270270270270274
1.921875,0.1176470588235294,0.7,0.0396825396825396,0.1666666666666666,0.3685636856368564,0.002710027100271,0.2439024390243902,0.3929539295392953,0.3523035230352303,2.160377358490566,2.600000000000001,2.7777777777777786,1.285714285714286
1.70875,0.0703075957313245,0.5803571428571429,0.0700841009211053,0.2142571085302362,0.083979517190929,0.0046817849305047,0.2414045354791514,0.3938551572787125,0.3549378200438917,2.086146095717884,0.9104166666666667,1.0666666666666667,0.6421232876712328
1.4675834970530452,0.0701754385964912,0.5,0.0576271186440678,0.1966101694915254,0.108433734939759,0.0053547523427041,0.2449799196787148,0.4390896921017403,0.3132530120481928,2.025751072961373,0.9782608695652175,1.3333333333333335,0.578125
1.5331010452961673,0.0637254901960784,0.6923076923076923,0.0828877005347593,0.2941176470588235,0.0625,0.0068181818181818,0.2477272727272727,0.3852272727272727,0.3579545454545454,2.0837004405286343,0.7868852459016392,1.02,0.982456140350877
1.4851485148514851,0.0797101449275362,0.7272727272727273,0.034090909090909,0.178030303030303,0.2033333333333333,0.0016666666666666,0.2033333333333333,0.48,0.3,1.9170731707317072,0.6250000000000001,1.7,1.2413793103448276
1.3655536028119508,0.0862068965517241,0.5666666666666667,0.0427098674521354,0.2415316642120765,0.1029601029601029,0.0096525096525096,0.2586872586872586,0.3770913770913771,0.3404118404118404,2.006276150627615,0.67,0.7888888888888889,0.6727272727272726
1.6918238993710693,0.2166666666666666,0.4615384615384615,0.0970873786407767,0.2135922330097087,0.2044609665427509,0.0074349442379182,0.2973977695167286,0.3828996282527881,0.2973977695167286,2.051282051282051,1.2857142857142856,2.777777777777779,0.42857142857142844
1.540022547914318,0.1094890510948905,0.6133333333333333,0.1049618320610687,0.1641221374045801,0.1705710102489019,0.0087847730600292,0.2265739385065885,0.397510980966325,0.3583455344070278,2.04635761589404,0.8143712574850299,0.9930069930069931,0.8244680851063829
1.6886486486486487,0.0975609756097561,0.6388888888888888,0.0698080279232111,0.2513089005235602,0.1959026888604353,0.0083226632522407,0.2253521126760563,0.4500640204865557,0.3104993597951344,2.116438356164384,0.8055555555555556,1.0919540229885056,0.683673469387755
1.6286644951140066,0.1322314049586777,0.6875,0.0206185567010309,0.134020618556701,0.17,0.008,0.238,0.486,0.262,1.993630573248408,2.0000000000000004,1.75,0.7777777777777777
1.2274881516587677,0.1304347826086956,0.7777777777777778,0.1271186440677966,0.0932203389830508,0.1042471042471042,0.0115830115830115,0.2393822393822393,0.4401544401544401,0.2934362934362934,2.021978021978022,1.2,0.75,0.3913043478260869
1.7740963855421688,0.0661764705882353,0.7777777777777778,0.0607734806629834,0.2486187845303867,0.2054329371816638,0.0016977928692699,0.1137521222410865,0.6587436332767402,0.2275042444821731,1.975693338295696,1.2424242424242422,1.2352941176470587,1.8000000000000003
1.528428093645485,0.1383928571428571,0.6129032258064516,0.0421348314606741,0.1235955056179775,0.1717724288840262,0.0054704595185995,0.2549234135667396,0.4671772428884026,0.2713347921225383,2.089622641509434,1.7750000000000001,1.7,0.5421686746987953
1.3604417670682731,0.117174959871589,0.5616438356164384,0.0107438016528925,0.1859504132231405,0.4007380073800738,0.0040590405904059,0.2564575645756458,0.4114391143911439,0.3125461254612546,2.1043890865954924,3.3333333333333335,3.789473684210529,1.5909090909090908
1.4961214902217852,0.0869170199878861,0.5574912891986062,0.0781788499909305,0.19045891529113,0.1257485029940119,0.0059149992697531,0.2134511464875128,0.3703081641594859,0.391704396085877,2.023282552457603,0.9400479616306956,1.217948717948718,0.7475538160469667
1.4522613065326633,0.1417910447761194,0.4736842105263157,0.0158730158730158,0.1626984126984127,0.1349480968858131,0.0069204152249134,0.2958477508650519,0.4048442906574394,0.2802768166089965,2.073684210526316,1.3703703703703705,2.611111111111111,1.777777777777778
1.2797927461139895,0.1186440677966101,0.5714285714285714,0.0416666666666666,0.1333333333333333,0.1862348178137652,0.020242914979757,0.2631578947368421,0.3522267206477733,0.3603238866396761,2.3,3.8000000000000016,2.857142857142858,2.2
1.435634328358209,0.0803108808290155,0.5806451612903226,0.0703764320785597,0.1800327332242225,0.1552956465237167,0.0051981806367771,0.1916829109811565,0.4866796621182586,0.3105912930474334,2.203804347826087,0.8681318681318682,1.1728395061728394,0.6146788990825687
2.4285714285714284,0.1029411764705882,0.5714285714285714,0.1208791208791208,0.1208791208791208,0.1437908496732026,0.0032679738562091,0.2581699346405229,0.3169934640522875,0.4183006535947712,2.061728395061728,2.8181818181818192,1.7857142857142858,4.125000000000002
1.213872832369942,0.0903225806451612,0.7142857142857143,0.0678571428571428,0.2035714285714285,0.2238095238095238,0.0031746031746031,0.2063492063492063,0.4047619047619047,0.3666666666666666,1.974025974025974,0.7500000000000001,1.1724137931034482,0.918918918918919
1.4016350210970463,0.1338083927157561,0.5443786982248521,0.0657954033348355,0.1757548445245606,0.1236124176857949,0.0133584195672624,0.225964252116651,0.3467544684854186,0.3365945437441204,2.05103550295858,0.8825301204819276,1.0209059233449478,0.647921760391198
1.597080291970803,0.0905587668593449,0.6382978723404256,0.0575793184488836,0.1786133960047003,0.1425959780621572,0.0082266910420475,0.2184643510054844,0.3848263254113345,0.3788848263254113,2.0135135135135136,0.8992248062015504,1.0086206896551724,0.5664739884393064
2.0252100840336134,0.0754716981132075,1.0,0.0120481927710843,0.1566265060240964,0.0622406639004149,0.0207468879668049,0.1369294605809128,0.4273858921161825,0.4315352697095436,2.0135135135135136,1.0,1.2142857142857144,0.375
1.2787610619469028,0.1014492753623188,0.2857142857142857,0.0594795539033457,0.2565055762081784,0.1228373702422145,0.0086505190311418,0.2249134948096885,0.4290657439446367,0.3373702422145329,2.094736842105263,1.6086956521739133,1.3333333333333333,0.4666666666666666
1.701920192019202,0.091796875,0.5361702127659574,0.04248046875,0.1826171875,0.151873071837814,0.0073159982371088,0.2332304980167474,0.4092551784927281,0.3424416042309387,2.0814696485623,0.7591339648173208,1.2164048865619546,0.8005181347150259
1.485938521909745,0.1105072463768116,0.819672131147541,0.0131578947368421,0.1771255060728745,0.2262323943661972,0.0013204225352112,0.3164612676056338,0.3824823943661972,0.2922535211267605,2.12303664921466,2.3437500000000004,2.3559322033898313,0.8676470588235293
1.885135135135135,0.1311475409836065,0.5,0.0111111111111111,0.1,0.1146953405017921,0.0,0.1792114695340501,0.3763440860215054,0.4372759856630824,2.168831168831169,0.5,0.47999999999999987,0.39285714285714285
2.145833333333333,0.0920716112531969,0.6111111111111112,0.0099173553719008,0.1322314049586777,0.1116504854368932,0.0024271844660194,0.2854368932038835,0.358252427184466,0.3490291262135922,2.0403071017274472,0.7122302158273381,1.0267857142857144,0.5548387096774193
0.8865153538050734,0.0962566844919786,0.5555555555555556,0.1022364217252396,0.2044728434504792,0.2801204819277108,0.0045180722891566,0.1957831325301204,0.4879518072289157,0.3012048192771084,2.021428571428572,1.214285714285714,1.1851851851851851,0.6923076923076924
1.3517587939698492,0.1176470588235294,1.0,0.1101694915254237,0.1016949152542373,0.1449814126394052,0.0148698884758364,0.3048327137546468,0.4163568773234201,0.2565055762081784,1.967032967032967,1.5833333333333335,1.9090909090909092,0.55
1.3745791245791246,0.0886699507389162,0.5833333333333334,0.0502958579881656,0.1908284023668639,0.1659522351500306,0.0067360685854255,0.2278015921616656,0.4556031843233313,0.2878138395590937,2.070904645476773,1.1304347826086958,1.1764705882352942,0.854368932038835
1.5781919850885369,0.0734086242299794,0.5804195804195804,0.06984375,0.19171875,0.259241762135349,0.0049013818353608,0.2210346049368135,0.4154954529349238,0.352190858627613,2.0805585392051555,1.57847533632287,1.4,0.9532163742690061
1.7083333333333333,0.1007194244604316,0.5714285714285714,0.0263157894736842,0.2210526315789473,0.198874296435272,0.0056285178236397,0.3095684803001876,0.3921200750469043,0.2851782363977486,2.195266272189349,1.0,0.7647058823529411,0.4444444444444444
1.4260978670012547,0.127906976744186,0.6136363636363636,0.1078131820165866,0.1881274552597119,0.1576632060531409,0.0089741333802569,0.1882808375857821,0.4631356677811015,0.3338025690656343,2.0378548895899056,1.0401234567901234,1.075,0.7230769230769231
1.4839772471277315,0.1032517061421116,0.5668740279937792,0.0226964463333031,0.180983814088073,0.15979430349722,0.0076661796239017,0.2757168067705269,0.3489440027324996,0.3475208258221218,2.099974593495935,1.1088962716869692,1.2957081545064375,0.7171552660152009
1.3333333333333333,0.1417004048582996,0.6,0.0759803921568627,0.1470588235294117,0.1607142857142857,0.0262605042016806,0.2647058823529412,0.3970588235294117,0.3224789915966387,2.1379310344827585,1.104166666666667,1.7352941176470589,0.6923076923076923
1.6975308641975309,0.1306818181818181,0.6086956521739131,0.0888157894736842,0.1282894736842105,0.2315151515151515,0.0048484848484848,0.2678787878787879,0.4121212121212121,0.3054545454545455,1.9790794979079496,1.4411764705882353,1.620689655172414,1.0
1.5856531049250535,0.1310975609756097,0.5581395348837209,0.0233812949640287,0.185251798561151,0.088453747467927,0.0054017555705604,0.2714382174206617,0.3612424037812289,0.3565158676569885,2.0205479452054798,0.9175257731958762,0.8494623655913979,0.8518518518518517
1.0797872340425532,0.1578947368421052,0.5416666666666666,0.0227920227920227,0.2364672364672364,0.5402298850574713,0.0082101806239737,0.2315270935960591,0.4761904761904761,0.2627257799671593,2.1311475409836067,20.00000000000009,6.333333333333334,11.000000000000014
1.3136792452830188,0.0938628158844765,0.6153846153846154,0.0655737704918032,0.25,0.1535008976660682,0.0035906642728904,0.2271095152603231,0.4488330341113106,0.31508078994614,2.140684410646388,1.016949152542373,1.4285714285714286,0.8918918918918919
1.621932515337423,0.1008064516129032,0.54,0.0666666666666666,0.1604938271604938,0.0737588652482269,0.0056737588652482,0.3205673758865248,0.3891252955082742,0.2822695035460993,2.0554699537750385,1.164179104477612,1.271186440677966,0.5797872340425532
1.3279569892473118,0.0909090909090909,0.3333333333333333,0.125,0.1770833333333333,0.1740890688259109,0.0080971659919028,0.145748987854251,0.6356275303643725,0.2186234817813765,1.975693338295696,0.857142857142857,0.75,0.37499999999999994
1.5312638580931264,0.1003764115432873,0.5875,0.0494464944649446,0.1874538745387453,0.1178685201274254,0.0081088908195771,0.2360266434984071,0.4190558934260063,0.3182739646684043,2.126068376068376,1.1567567567567567,1.7571428571428576,0.9772727272727272
1.3890675241157555,0.1363636363636363,0.5185185185185185,0.0615835777126099,0.2023460410557184,0.1898148148148148,0.0081018518518518,0.2430555555555555,0.3888888888888889,0.3564814814814814,2.104761904761905,1.4000000000000004,2.083333333333334,0.9811320754716982
1.6217948717948718,0.15625,0.4,0.0,0.1238095238095238,0.2055335968379446,0.0039525691699604,0.2845849802371542,0.4940711462450592,0.2094861660079051,1.9047619047619049,2.6000000000000005,1.7,0.6470588235294118
1.1528239202657806,0.0632911392405063,0.8,0.0883977900552486,0.2265193370165746,0.1959654178674351,0.0028818443804034,0.1729106628242075,0.5100864553314121,0.270893371757925,1.975693338295696,0.8125,0.6923076923076923,1.0
1.121627408993576,0.1130030959752322,0.6301369863013698,0.0769230769230769,0.172275641025641,0.117983963344788,0.0022909507445589,0.2061855670103092,0.4104620084001527,0.3046964490263459,2.033333333333333,0.8936170212765958,1.617021276595745,0.6296296296296297
1.6487839433293978,0.0820154468554615,0.593423019431988,0.070978516662871,0.1821149320579974,0.08750322229542,0.0062440924583965,0.2366167330220834,0.3976455761464211,0.3442270787385788,1.9961276818419675,0.8551890587288816,1.0894462849029816,0.757168784029038
1.8364485981308407,0.0677290836653386,0.7058823529411765,0.0571428571428571,0.15,0.1170483460559796,0.011874469889737,0.2035623409669211,0.361323155216285,0.4283290924512298,2.0277777777777777,0.7160493827160493,0.7402597402597402,0.4639175257731958
1.8190709046454767,0.0607734806629834,0.6818181818181818,0.0777988614800759,0.1024667931688804,0.2264784946236559,0.0053763440860215,0.2466397849462365,0.4543010752688172,0.293010752688172,2.0036363636363634,0.9333333333333333,1.4545454545454546,0.6216216216216216
1.94847775175644,0.0951993490642799,0.6153846153846154,0.0509090909090909,0.1496103896103896,0.1040521978021978,0.0089285714285714,0.2166895604395604,0.3894230769230769,0.3674450549450549,2.113993710691824,0.6493212669683258,0.8025974025974025,0.7924107142857143
1.0804597701149423,0.059322033898305,0.5714285714285714,0.1239669421487603,0.1652892561983471,0.0872340425531914,0.0,0.0978723404255319,0.1148936170212766,0.1127659574468085,2.142857142857143,1.0434782608695652,1.6666666666666667,1.037037037037037
1.316793893129771,0.0963855421686747,0.75,0.04,0.24,0.1130434782608695,0.0115942028985507,0.2695652173913043,0.4405797101449275,0.272463768115942,2.168067226890756,1.4375,1.2142857142857144,0.48
1.5221445221445222,0.0821052631578947,0.6666666666666666,0.0150375939849624,0.1829573934837092,0.1470137825421133,0.0102092904543134,0.2225625319040326,0.3935681470137825,0.3695763144461459,2.12241653418124,1.3921568627450984,1.3979591836734693,0.7832167832167833
1.3281585860998328,0.0914893617021276,0.5658914728682171,0.0880718255664814,0.2043608379649422,0.1853983096565366,0.004315770544866,0.2253191871965474,0.4258226937601151,0.3270994425463046,1.9854517611026037,0.9156976744186046,1.0679611650485434,0.8125
1.3181049069373942,0.0833333333333333,0.625,0.0651041666666666,0.1145833333333333,0.2092426187419769,0.0038510911424903,0.2875481386392811,0.3748395378690629,0.2978177150192554,2.1544117647058822,1.5172413793103448,1.4827586206896552,1.1470588235294117
1.2245989304812834,0.0373831775700934,0.75,0.0301724137931034,0.1853448275862069,0.1397379912663755,0.0021834061135371,0.2030567685589519,0.4235807860262008,0.3537117903930131,2.165680473372781,1.2173913043478262,1.4210526315789471,0.26190476190476186
1.97979797979798,0.1063829787234042,0.4,0.1285714285714285,0.1857142857142857,0.1326530612244898,0.0051020408163265,0.2142857142857142,0.2959183673469387,0.4897959183673469,2.101694915254237,1.2857142857142856,1.3333333333333333,0.30434782608695654
1.0528103767757877,0.0844390832328106,0.5571428571428572,0.0596846846846846,0.1632882882882882,0.1531240833088882,0.0046934584922264,0.1672044587855676,0.5224405984159578,0.2745673217952479,2.015174506828528,1.2108843537414966,1.376,0.7095238095238094
1.7926587301587302,0.0813559322033898,0.6458333333333334,0.0211340206185567,0.1938144329896907,0.1175059952038369,0.0064563733628481,0.2473713337022689,0.3545471315255488,0.3076923076923077,2.0922730682670667,1.086261980830671,1.1660649819494586,0.9968553459119499
1.4675581971272906,0.1212121212121212,0.6428571428571429,0.0451832907075873,0.1568627450980392,0.1258859264259196,0.0043874451569355,0.2521093486331421,0.3975700303746203,0.3337833277084036,2.041612483745124,1.3970588235294117,1.4772727272727273,0.9
1.7295081967213115,0.1132075471698113,0.4166666666666667,0.0,0.1618497109826589,0.0971563981042654,0.0094786729857819,0.3151658767772511,0.4194312796208531,0.2464454976303317,2.076923076923077,2.3750000000000004,1.45,0.5714285714285715
1.4324324324324325,0.0825688073394495,0.6666666666666666,0.0625,0.1704545454545454,0.0849056603773584,0.0023584905660377,0.2617924528301887,0.419811320754717,0.3183962264150943,2.0774647887323945,1.3333333333333337,1.3636363636363638,0.6857142857142856
1.498422712933754,0.0903614457831325,0.6,0.0936967632027257,0.1669505962521294,0.0926315789473684,0.0098245614035087,0.2596491228070175,0.4287719298245614,0.3031578947368421,2.14214463840399,1.1168831168831168,1.4057971014492756,0.8969072164948452
1.7666666666666666,0.1333333333333333,0.75,0.2043795620437956,0.2627737226277372,0.2021563342318059,0.0107816711590296,0.3450134770889488,0.2830188679245283,0.3692722371967655,1.9464285714285716,1.2941176470588234,1.4375,0.7200000000000001
1.576854810081647,0.0825944937004199,0.5706214689265536,0.0802107728337236,0.180327868852459,0.1870778928410625,0.0067537145429986,0.2058757316524088,0.4082620441242683,0.35006753714543,2.0359348680516565,0.8087431693989071,1.1065217391304347,0.673469387755102
1.38755980861244,0.0857142857142857,0.6666666666666666,0.1428571428571428,0.2301587301587301,0.1517241379310344,0.0103448275862068,0.3379310344827586,0.2310344827586206,0.4137931034482758,1.901098901098901,0.7222222222222221,1.5454545454545454,0.6499999999999999
2.1163793103448274,0.110091743119266,0.75,0.0903225806451612,0.2258064516129032,0.0896130346232179,0.0081466395112016,0.3258655804480652,0.3523421588594704,0.3054989816700611,2.1048387096774195,0.8750000000000002,1.4800000000000002,0.8333333333333333
1.317997293640054,0.1341991341991342,0.4516129032258064,0.0648148148148148,0.162037037037037,0.1827515400410677,0.0082135523613963,0.2371663244353182,0.337782340862423,0.4014373716632443,2.0955882352941178,0.7868852459016393,1.7000000000000002,1.1666666666666665
2.3252032520325203,0.1111111111111111,0.5,0.0,0.2244897959183673,0.0524475524475524,0.0104895104895104,0.3986013986013986,0.3776223776223776,0.2132867132867132,2.234567901234568,2.230769230769231,1.5333333333333334,0.5185185185185185
1.5163398692810457,0.0350877192982456,1.0,0.0909090909090909,0.1919191919191919,0.3620689655172414,0.0043103448275862,0.2456896551724137,0.5129310344827587,0.2284482758620689,1.975693338295696,5.666666666666666,4.0000000000000036,0.7499999999999999
1.5496688741721854,0.1296296296296296,0.4285714285714285,0.0851063829787234,0.3085106382978723,0.1794871794871795,0.0128205128205128,0.188034188034188,0.5170940170940171,0.2606837606837607,1.975693338295696,0.9166666666666667,1.4444444444444444,0.9411764705882352
1.6519823788546255,0.075268817204301,0.8571428571428571,0.0878378378378378,0.1689189189189189,0.0373333333333333,0.0106666666666666,0.256,0.3573333333333333,0.384,2.041322314049587,0.8275862068965515,1.0,0.42105263157894735
1.2708333333333333,0.1052631578947368,0.625,0.0890410958904109,0.1643835616438356,0.2295081967213114,0.0065573770491803,0.2852459016393442,0.3672131147540983,0.340983606557377,2.25,5.2,1.0714285714285714,0.8666666666666667
1.6307837582625118,0.1044386422976501,0.4,0.0791925465838509,0.2142857142857142,0.14997104806022,0.0046323103647944,0.252460914881297,0.3584250144759699,0.3804284887087434,2.0144927536231885,0.8130841121495326,0.9895833333333334,0.6307692307692309
2.06508875739645,0.217391304347826,0.6,0.0172413793103448,0.1551724137931034,0.0716332378223495,0.0114613180515759,0.3409742120343839,0.2578796561604584,0.3896848137535816,2.114583333333333,0.68,1.263157894736842,1.3181818181818183
1.2873949579831934,0.106145251396648,0.5263157894736842,0.0185185185185185,0.2089947089947089,0.129242819843342,0.0039164490861618,0.2441253263707571,0.4033942558746736,0.3342036553524804,2.1194029850746268,1.8846153846153846,1.0285714285714287,0.8888888888888887
1.827586206896552,0.0735294117647058,0.8,0.0559875583203732,0.1726283048211508,0.1429388221841052,0.0017152658662092,0.3018867924528302,0.361349342481418,0.3264722698684962,2.1452830188679246,1.15625,1.180851063829787,0.8749999999999999
1.2842415316642122,0.152073732718894,0.3939393939393939,0.0507614213197969,0.1751269035532995,0.1536697247706422,0.0103211009174311,0.2522935779816513,0.3704128440366973,0.3612385321100917,2.1331058020477816,1.472222222222222,1.8125000000000002,0.5633802816901408
2.7142857142857144,0.1891891891891892,0.7142857142857143,0.0,0.1063829787234042,0.2052631578947368,0.0105263157894736,0.2473684210526315,0.3736842105263158,0.3736842105263158,2.2195121951219514,2.0,1.5000000000000004,0.625
1.7108843537414966,0.1929824561403508,0.4545454545454545,0.1445086705202312,0.1098265895953757,0.1411530815109344,0.0059642147117296,0.2823061630218688,0.4035785288270377,0.3081510934393638,2.112676056338028,1.6666666666666667,1.48,1.0
1.5364741641337385,0.1354581673306772,0.5,0.0817307692307692,0.1754807692307692,0.1335311572700296,0.009891196834817,0.2106824925816023,0.3491592482690405,0.3867457962413452,2.0727272727272728,0.8448275862068965,1.1224489795918366,0.9344262295081965
1.4865309479745012,0.0948660714285714,0.611764705882353,0.0623755806237558,0.1678832116788321,0.2405588601466316,0.0077465762899432,0.2434638262553603,0.3787522478904412,0.3645040807857241,2.09753742153549,1.294294294294294,1.5017421602787453,1.048780487804878
1.3374961925068536,0.0982456140350877,0.6160714285714286,0.0484429065743944,0.1705388037567968,0.2236392621270781,0.0054657253473012,0.2204509223411523,0.4331587337736279,0.3108631291277613,1.9934156378600825,1.1199999999999999,1.1861702127659575,0.7697841726618706
1.610126582278481,0.1081967213114754,0.5757575757575758,0.0382409177820267,0.1548757170172084,0.1595911949685534,0.005503144654088,0.235062893081761,0.3537735849056603,0.4001572327044025,2.019607843137255,1.013157894736842,1.1764705882352942,0.9213483146067416
1.5666666666666669,0.0495867768595041,0.5,0.1179245283018868,0.080188679245283,0.1102514506769826,0.0077369439071566,0.2862669245647969,0.3558994197292069,0.3230174081237911,2.0903614457831323,1.12,2.052631578947369,1.0357142857142858
1.5449438202247192,0.1184210526315789,0.8888888888888888,0.0238095238095238,0.2301587301587301,0.2690909090909091,0.0036363636363636,0.3272727272727272,0.4145454545454545,0.2509090909090909,2.270833333333333,1.4545454545454546,1.0,0.1923076923076923
1.2564102564102564,0.1142857142857142,0.625,0.0084745762711864,0.1186440677966101,0.2210884353741496,0.0,0.2619047619047619,0.3741496598639456,0.3571428571428571,2.136842105263158,0.9285714285714285,0.8666666666666667,0.8823529411764705
1.3183520599250935,0.1477272727272727,0.8461538461538461,0.0174418604651162,0.1686046511627907,0.2017045454545454,0.0056818181818181,0.2897727272727273,0.3806818181818182,0.3238636363636363,2.193548387096774,2.1000000000000005,3.6666666666666665,1.25
1.5942028985507246,0.1054365733113673,0.46875,0.0741444866920152,0.1730038022813688,0.0772727272727272,0.009090909090909,0.2617424242424242,0.4208333333333333,0.3049242424242424,2.052023121387283,1.1346153846153848,1.0952380952380951,0.751219512195122
1.355140186915888,0.1038961038961039,0.375,0.0151515151515151,0.1742424242424242,0.1862068965517241,0.0034482758620689,0.2275862068965517,0.4310344827586206,0.3310344827586207,2.0849056603773586,0.5999999999999999,1.1538461538461537,0.5294117647058824
1.4090909090909092,0.0950704225352112,0.6296296296296297,0.017825311942959,0.1622103386809269,0.1712158808933002,0.0057899090157154,0.2985938792390405,0.3813068651778329,0.2944582299421009,2.150717703349282,1.1153846153846154,1.5952380952380953,0.90625
1.7444933920704846,0.1459074733096085,0.5609756097560976,0.0417582417582417,0.1318681318681318,0.1893939393939394,0.0176767676767676,0.2205387205387205,0.3872053872053872,0.3804713804713804,2.1029023746701845,0.725,1.1296296296296298,0.4102564102564102
1.622722400857449,0.0953038674033149,0.5217391304347826,0.0690281562216167,0.1780199818346957,0.1743725231175693,0.0095772787318361,0.202443857331572,0.4365918097754293,0.3517173051519154,2.135014836795252,1.1257861635220126,1.1464968152866242,0.7920353982300885
1.2474654377880183,0.0666173205033308,0.6444444444444445,0.059274193548387,0.1866935483870967,0.1440709272257111,0.0044329516069449,0.185445142223864,0.4809752493535278,0.3110454377539712,2.1668597914252605,0.8501529051987768,1.372950819672131,0.7275064267352184
1.902439024390244,0.1232876712328767,0.5555555555555556,0.048076923076923,0.125,0.1057692307692307,0.0128205128205128,0.2788461538461538,0.3269230769230769,0.3717948717948718,1.9166666666666667,1.05,0.7272727272727271,0.6296296296296295
1.5991902834008098,0.088235294117647,0.4444444444444444,0.0062111801242236,0.2049689440993788,0.0911392405063291,0.0050632911392405,0.2379746835443038,0.4151898734177215,0.3443037974683544,1.9253731343283584,1.5,2.0,0.7419354838709675
1.8038422649140544,0.0689655172413793,0.5,0.0516431924882629,0.162754303599374,0.2230941704035874,0.0036434977578475,0.2295403587443946,0.4282511210762332,0.3352017937219731,2.098809523809524,1.2903225806451613,1.3190184049079756,0.5442176870748298
1.5051948051948052,0.1182548794489093,0.5048543689320388,0.0805084745762711,0.2090395480225988,0.1463905665803853,0.0080529191832039,0.2358354903652574,0.3799252228932988,0.363531780270348,2.049382716049383,0.8744186046511628,1.1249999999999998,0.6937269372693727
1.571026362938316,0.0664451827242525,0.6,0.065560501821125,0.216511533791987,0.2787552948843271,0.0094493320299771,0.1974584555229716,0.4426523297491039,0.2935809710003258,1.932780082987552,1.167883211678832,1.636792452830189,0.7593984962406014
1.4465020576131686,0.0526315789473684,0.5555555555555556,0.0489510489510489,0.1363636363636363,0.2446657183499288,0.0128022759601706,0.2176386913229018,0.4779516358463727,0.3015647226173542,2.1639344262295084,0.6739130434782609,0.5434782608695652,0.4313725490196078
1.6826923076923077,0.1052631578947368,0.6666666666666666,0.0629629629629629,0.2074074074074074,0.1814285714285714,0.0185714285714285,0.2228571428571428,0.4571428571428571,0.3142857142857143,2.2830188679245285,0.9189189189189189,1.1714285714285715,0.8571428571428572
0.9981137159795204,0.1102783725910064,0.5048543689320388,0.0808290155440414,0.149740932642487,0.216792656587473,0.0021598272138228,0.2591792656587473,0.4670626349892008,0.2610691144708423,1.911311053984576,1.6588235294117653,2.1475409836065578,0.8333333333333334
1.1688654353562005,0.1120689655172413,0.6153846153846154,0.0,0.0943396226415094,0.2257336343115124,0.0090293453724604,0.2505643340857788,0.3747178329571106,0.3566591422121896,2.0069444444444446,0.7083333333333334,1.3125,0.3999999999999999
2.09279688513952,0.09375,0.6349206349206349,0.0281407035175879,0.1839195979899497,0.1317829457364341,0.0083720930232558,0.191937984496124,0.3547286821705426,0.2725581395348837,2.105769230769231,0.7665198237885461,1.230769230769231,0.6929824561403508
1.7738095238095235,0.1271393643031785,0.5576923076923077,0.0180722891566265,0.1566265060240964,0.1683445190156599,0.0123042505592841,0.2550335570469799,0.3808724832214765,0.3573825503355705,2.132530120481928,1.2183908045977012,1.3209876543209877,0.7410071942446043
1.0862998921251348,0.1035856573705179,0.5384615384615384,0.0439770554493307,0.2065009560229445,0.1807348560079444,0.0019860973187686,0.2760675273088381,0.3753723932472691,0.3336643495531281,2.099601593625498,1.263157894736842,2.9523809523809534,0.6874999999999999
3.1206896551724137,0.1891891891891892,0.5714285714285714,0.1489361702127659,0.2340425531914893,0.1215469613259668,0.005524861878453,0.3038674033149171,0.287292817679558,0.4033149171270718,2.2,4.0,2.5714285714285716,6.0
1.557092058474911,0.0922909880564603,0.5764705882352941,0.0598455598455598,0.1415701415701415,0.156051763511799,0.0091347373763004,0.2270997208830246,0.4077645267698553,0.3453438213651357,2.111842105263158,0.9600000000000001,1.2783505154639174,0.8067796610169492
1.825726141078838,0.1515151515151515,0.6666666666666666,0.0261437908496732,0.1176470588235294,0.2045454545454545,0.0181818181818181,0.3022727272727272,0.3363636363636363,0.3522727272727273,2.0166666666666666,4.222222222222223,3.0000000000000013,1.75
1.3940677966101696,0.0821917808219178,0.5,0.074074074074074,0.3185185185185185,0.094224924012158,0.0121580547112462,0.2948328267477204,0.3586626139817629,0.3282674772036474,1.894736842105263,0.75,1.0588235294117645,0.9473684210526314
1.3849779086892489,0.0905923344947735,0.4615384615384615,0.1036324786324786,0.202991452991453,0.1352615908124202,0.0131858783496384,0.2020416843896214,0.4917056571671629,0.2788175244576776,2.0164705882352942,0.6754385964912281,1.2103004291845492,0.745664739884393
1.701834862385321,0.1573033707865168,0.4285714285714285,0.0,0.1428571428571428,0.1805929919137466,0.0053908355795148,0.215633423180593,0.4204851752021563,0.3611859838274933,2.072072072072072,0.76,0.7272727272727273,0.5172413793103448
1.1273465246067986,0.0895765472312703,0.5272727272727272,0.1089947089947089,0.2804232804232804,0.1602160216021602,0.0036003600360036,0.157065706570657,0.6048604860486049,0.2376237623762376,2.125,0.7025316455696203,0.9147286821705426,0.5786802030456852
1.6468531468531469,0.1150442477876106,0.5384615384615384,0.0109890109890109,0.1758241758241758,0.1252653927813163,0.0127388535031847,0.2123142250530785,0.4076433121019108,0.3736730360934182,2.1156462585034013,0.9032258064516129,1.0689655172413792,1.0294117647058822
1.349854227405248,0.0682492581602373,0.3478260869565217,0.0622837370242214,0.2560553633217993,0.0511159107271418,0.0035997120230381,0.2116630669546436,0.3542116630669546,0.2534197264218862,1.9018691588785048,0.9450549450549449,1.047619047619048,0.6944444444444443
1.6174365647364997,0.1538461538461538,0.5930232558139535,0.1213692946058091,0.1099585062240663,0.1319388576025744,0.0104585679806918,0.3133547868061142,0.334271922767498,0.33266291230893,2.104321907600596,0.8841463414634146,1.1940298507462686,0.797752808988764
1.7103664921465969,0.0934919524142757,0.5898203592814372,0.0762047690511922,0.1434884108721027,0.1433512917840088,0.0076221378719235,0.2486837271948083,0.3690767723766376,0.3522101138729031,2.023161080074488,0.8149550402271653,1.2473974280465399,0.8982423681776134
1.3663453111305872,0.080110497237569,0.6206896551724138,0.0415384615384615,0.1523076923076923,0.187299550994227,0.0064143681847338,0.2636305323925593,0.3758819756254009,0.3373957665169981,2.092643051771117,1.0568181818181819,1.7868852459016393,0.42424242424242425
1.5975609756097562,0.0448717948717948,0.5714285714285714,0.0075187969924812,0.18796992481203,0.1694656488549618,0.0015267175572519,0.1801526717557252,0.3877862595419847,0.4259541984732824,2.0917874396135265,0.875,0.4807692307692306,1.1463414634146343
1.0965909090909092,0.1414141414141414,0.7142857142857143,0.0209424083769633,0.225130890052356,0.1839378238341968,0.0,0.2461139896373056,0.4119170984455959,0.3160621761658031,2.072463768115942,1.6666666666666665,0.6875,0.8
1.49247311827957,0.0647058823529411,0.6363636363636364,0.1,0.1350877192982456,0.0936599423631124,0.0122478386167146,0.2420749279538905,0.3897694524495677,0.3364553314121037,1.964705882352941,0.9411764705882352,0.8117647058823529,0.6730769230769231
1.431372549019608,0.0909090909090909,0.4,0.1098901098901098,0.2527472527472527,0.2009132420091324,0.0,0.2100456621004566,0.4611872146118721,0.2968036529680365,1.975693338295696,0.9090909090909093,1.3,0.4210526315789473
1.7905405405405406,0.2300884955752212,0.4615384615384615,0.125,0.1847826086956521,0.0396226415094339,0.0056603773584905,0.1849056603773584,0.5622641509433962,0.230188679245283,1.975693338295696,0.5434782608695652,0.5853658536585367,0.7857142857142857
1.4065281899109792,0.0623376623376623,0.6666666666666666,0.0623732251521298,0.1602434077079107,0.1569620253164557,0.0031645569620253,0.2244725738396624,0.440084388185654,0.3206751054852321,2.0583115752828545,0.9020979020979022,0.9923371647509578,0.9393939393939394
1.484149855907781,0.131578947368421,0.4,0.055813953488372,0.1395348837209302,0.2,0.0058252427184466,0.233009708737864,0.4097087378640777,0.3339805825242718,2.03680981595092,1.2307692307692308,2.2777777777777777,1.0714285714285714
1.6007067137809188,0.0789473684210526,0.7777777777777778,0.0,0.1336898395721925,0.1854304635761589,0.0,0.3090507726269316,0.3774834437086092,0.3134657836644591,2.163265306122449,3.0,4.333333333333333,0.896551724137931
1.896193771626297,0.1074380165289256,0.5384615384615384,0.0053763440860215,0.2177419354838709,0.166970802919708,0.0,0.2107664233576642,0.3713503649635036,0.4060218978102189,2.1172638436482085,0.7368421052631579,0.826086956521739,0.5874999999999999
1.7568870523415978,0.1293929712460063,0.5432098765432098,0.0765199161425576,0.1289308176100629,0.1744413955311642,0.0121520972167777,0.2830262642101137,0.3978831830654645,0.3014504116032928,2.0707070707070705,1.5593220338983051,1.4500000000000004,0.8571428571428571
1.4392298435619737,0.0808080808080808,0.5416666666666666,0.0452674897119341,0.2407407407407407,0.1036789297658862,0.0041806020066889,0.2065217391304347,0.4556856187290969,0.3319397993311037,2.142857142857143,0.9866666666666667,1.5000000000000002,0.6774193548387097
1.417910447761194,0.1443298969072164,0.6785714285714286,0.074074074074074,0.1538461538461538,0.15,0.0026315789473684,0.2526315789473684,0.3355263157894737,0.3907894736842105,2.008403361344538,0.9069767441860466,1.25,0.8297872340425532
1.2029988465974626,0.0555555555555555,0.3333333333333333,0.1106471816283924,0.162839248434238,0.1198465963566634,0.0047938638542665,0.236816874400767,0.3633748801534036,0.398849472674976,2.0545977011494254,0.684931506849315,0.8888888888888888,0.7160493827160495
1.4780564263322884,0.1004366812227074,0.6521739130434783,0.0769230769230769,0.1644562334217506,0.176033934252386,0.0063626723223753,0.2386002120890774,0.4072110286320254,0.3478260869565217,2.0791666666666666,1.333333333333333,2.375000000000001,0.6756756756756758
1.6324027072758038,0.0725291243893273,0.6424870466321243,0.072628135223555,0.152453653217012,0.1301718925455645,0.0062192277792174,0.2960179666580289,0.363565690593418,0.3109613889608706,2.0242424242424244,1.3277870216306158,1.1586538461538463,0.714765100671141
2.142857142857143,0.0769230769230769,0.5,0.0,0.2368421052631578,0.0888888888888888,0.0,0.2266666666666666,0.4222222222222222,0.3422222222222222,2.0,2.1,1.1428571428571428,2.4444444444444446
1.218978102189781,0.1351351351351351,0.8,0.1210191082802547,0.1847133757961783,0.1886227544910179,0.0059880239520958,0.2245508982035928,0.4431137724550898,0.2874251497005988,2.0277777777777777,0.8333333333333333,1.0,0.9473684210526316
1.088111888111888,0.0626326963906581,0.6101694915254238,0.0806045340050377,0.1954659949622166,0.1668380462724935,0.0020565552699228,0.1580976863753213,0.489974293059126,0.2593830334190231,1.967741935483871,1.1870967741935488,1.6614173228346458,0.5526315789473684
1.5210267613326052,0.1004709576138147,0.515625,0.0774443368828654,0.1587608906098741,0.2096947935368043,0.0061041292639138,0.2183123877917414,0.4161579892280072,0.3576301615798923,2.0289115646258504,0.634020618556701,0.7710843373493975,0.9130434782608696
1.2981366459627328,0.0591133004926108,0.7083333333333334,0.1122853368560105,0.1651254953764861,0.0789473684210526,0.0029904306220095,0.2470095693779904,0.3971291866028708,0.3492822966507177,2.0905982905982907,1.1208791208791211,1.2592592592592595,0.8099173553719007
1.809195912927588,0.0985761226725082,0.6166666666666667,0.0927419354838709,0.1737536656891495,0.1489257213014119,0.0081031307550644,0.2173112338858195,0.416451810926949,0.3586249232658072,2.094543147208122,0.8411552346570398,1.0441176470588234,0.6156202143950994
1.8105147864184008,0.1414141414141414,0.6428571428571429,0.0538720538720538,0.1481481481481481,0.1621294615849969,0.0175438596491228,0.2093163944343617,0.3708408953418027,0.4083484573502722,2.063414634146341,0.8037383177570094,1.2469135802469138,1.2871287128712872
1.499705362404243,0.1203252032520325,0.6216216216216216,0.0187793427230046,0.1568075117370892,0.2554027504911591,0.0098231827111984,0.2412573673870334,0.4011787819253438,0.3457760314341846,2.1208920187793425,1.5392156862745097,1.8021978021978025,1.078014184397163
1.5470826112073943,0.103397341211226,0.5428571428571428,0.0334507042253521,0.1672535211267605,0.236370425690814,0.0097087378640776,0.2218073188946975,0.3775205377147124,0.388722927557879,2.0662100456621006,1.1417322834645667,1.626262626262626,1.290909090909091
1.4072237960339944,0.074398249452954,0.5588235294117647,0.0441347270615563,0.2078977932636469,0.1192752893809763,0.003522898842476,0.256668344237544,0.3663814796175138,0.3568193256165073,2.0509868421052637,0.8188976377952756,1.2549019607843135,0.5354838709677417
0.944636678200692,0.1544117647058823,0.3333333333333333,0.019047619047619,0.1714285714285714,0.1007326007326007,0.0109890109890109,0.1739926739926739,0.5274725274725275,0.2399267399267399,2.169934640522876,1.2499999999999998,1.0,0.875
1.8448702101359704,0.0818452380952381,0.5272727272727272,0.0556117290192113,0.2012133468149646,0.1346733668341708,0.0117252931323283,0.2268006700167504,0.3932998324958124,0.3534338358458961,1.937908496732026,0.9846938775510203,1.2969696969696969,1.2076502732240437
1.5331102079847,0.0949494949494949,0.6028368794326241,0.0784391013007489,0.1919590067008277,0.1292686730079525,0.0049898643380633,0.2607204116638079,0.3544363012630594,0.3708092936223296,2.1260504201680672,0.9722921914357682,1.3091482649842272,0.6941176470588234
1.3983606557377048,0.1336405529953917,0.5172413793103449,0.108695652173913,0.1467391304347826,0.1219226260257913,0.0140679953106682,0.2450175849941383,0.3821805392731536,0.365767878077374,2.128099173553719,1.1818181818181819,1.3333333333333333,1.0961538461538463
1.3524904214559388,0.1011235955056179,0.8888888888888888,0.0239520958083832,0.1437125748502994,0.206798866855524,0.0,0.2181303116147308,0.4645892351274787,0.3031161473087819,2.1743119266055047,1.1578947368421053,1.2222222222222223,0.8181818181818181
1.4804928131416837,0.0993975903614457,0.6060606060606061,0.045,0.1916666666666666,0.1539528432732316,0.0090152565880721,0.2510402219140083,0.3925104022191401,0.3509015256588072,2.071428571428572,1.2608695652173914,0.9736842105263157,0.7263157894736842
1.6358318890814558,0.0852272727272727,0.52,0.0651477394090423,0.1886792452830188,0.252152032843332,0.004900013243279,0.2561250165540988,0.3935902529466296,0.3414117335452258,2.10260336906585,1.0165876777251186,1.1186868686868687,0.7279069767441859
1.3192307692307692,0.0319148936170212,0.6666666666666666,0.0355029585798816,0.0946745562130177,0.075801749271137,0.0058309037900874,0.2623906705539358,0.3440233236151603,0.3819241982507289,1.8898305084745763,1.266666666666667,2.625,2.6000000000000005
1.446431056073466,0.0815195884447962,0.6092233009708737,0.0763220473332578,0.1609104291699694,0.1614640950411235,0.0068779760473281,0.2211052859410321,0.3828579673897359,0.36501370785436,2.0049407114624507,1.0078057241977452,1.1900990099009903,0.9258976317799849
2.1990291262135924,0.0837696335078534,0.8125,0.0073260073260073,0.1831501831501831,0.3741721854304636,0.0055187637969094,0.227373068432671,0.3962472406181015,0.3686534216335541,2.074235807860262,1.9333333333333342,1.6206896551724137,1.275862068965517
1.1420518602029313,0.0378787878787878,0.8,0.0563674321503131,0.1711899791231732,0.2704837117472853,0.0039486673247778,0.2221125370187561,0.3988153998025666,0.3277393879565646,1.9578313253012047,1.6,1.866666666666667,0.9310344827586206
1.2986564772587206,0.1063746578021118,0.5330882352941176,0.0274557657107992,0.1606670734187512,0.2017843583902809,0.0034168564920273,0.244874715261959,0.4035687167805619,0.3388382687927107,2.070786190890629,1.473145780051151,1.412820512820513,0.8407350689127105
1.4801512287334593,0.0989010989010989,0.5555555555555556,0.0909090909090909,0.1912225705329153,0.0919540229885057,0.0051085568326947,0.2579821200510855,0.3869731800766283,0.3461047254150702,2.110599078341014,0.622950819672131,0.9166666666666669,0.48051948051948046
1.5122465828823044,0.08878876225815,0.5253731343283582,0.0746363061353573,0.1864326375711575,0.1277525022747952,0.0076433121019108,0.2219593569912041,0.4118289353958144,0.3281164695177434,2.071162046908316,0.8506493506493504,1.0941306755260243,0.8747795414462083
1.5188323917137476,0.09366391184573,0.4411764705882353,0.038235294117647,0.1573529411764705,0.2560446373217607,0.0074395536267823,0.2300061996280223,0.4234345939243645,0.3298202107873527,2.026694045174538,1.036144578313253,0.935897435897436,0.8192771084337349
1.3738396624472573,0.0599250936329588,0.5833333333333334,0.0338524035206499,0.1536899119837508,0.1965601965601965,0.0012285012285012,0.2109950859950859,0.3402948402948403,0.355036855036855,2.102678571428572,1.0479452054794522,1.3565891472868217,0.6465517241379309
1.0815602836879432,0.0379746835443038,0.6666666666666666,0.0451127819548872,0.150375939849624,0.2524590163934426,0.0032786885245901,0.2459016393442623,0.4918032786885246,0.2491803278688524,1.9518072289156627,1.6153846153846154,0.9333333333333332,1.4615384615384615
1.195,0.1601731601731601,0.3783783783783784,0.0324543610547667,0.1582150101419878,0.1725941422594142,0.0125523012552301,0.2322175732217573,0.3619246861924686,0.3671548117154811,2.0371517027863777,1.0217391304347827,1.3823529411764703,0.4705882352941176
1.409356725146199,0.0526315789473684,0.3333333333333333,0.1346153846153846,0.1346153846153846,0.0871369294605809,0.0165975103734439,0.2697095435684647,0.3568464730290456,0.3443983402489626,2.0253164556962027,1.7500000000000002,2.111111111111111,0.375
1.439203354297694,0.0318471337579617,0.4,0.0163666121112929,0.1931260229132569,0.2709395484340859,0.0036416605972323,0.2097596504005826,0.4071376547705754,0.2920611798980335,2.0876288659793816,1.2142857142857142,1.574468085106383,0.6043956043956044
1.1088082901554404,0.1509433962264151,0.25,0.0275229357798165,0.1926605504587156,0.0420560747663551,0.0186915887850467,0.2289719626168224,0.411214953271028,0.3457943925233644,2.1511627906976742,0.625,1.0,0.8666666666666666
1.3591854419410745,0.0914948453608247,0.5211267605633803,0.0781134856300663,0.1694915254237288,0.1169907554988842,0.0051004144086707,0.2384443736053554,0.389544150462225,0.3592604399107427,2.113907284768212,0.7038834951456312,1.198675496688742,0.8325791855203619
1.807443365695793,0.0887573964497041,0.6666666666666666,0.014647137150466,0.1637816245006657,0.1101163831692032,0.0080572963294538,0.2363473589973142,0.3679498657117278,0.3845120859444942,2.0782747603833864,1.1079136690647484,1.1968503937007873,1.4999999999999998
1.559506875296349,0.0909466721785862,0.5863636363636363,0.0975609756097561,0.1943266171792152,0.1378331813114421,0.0054727880814837,0.2385730211817168,0.3608999695956217,0.3803587716631195,2.075702075702076,0.7800586510263929,1.0902255639097742,0.6750330250990753
1.1363636363636365,0.0934065934065934,0.5294117647058824,0.0701298701298701,0.1948051948051948,0.1420689655172413,0.0027586206896551,0.2620689655172414,0.4248275862068965,0.3062068965517241,2.117021276595745,1.2800000000000002,1.9000000000000004,0.4423076923076923
1.4334600760456273,0.050632911392405,1.0,0.1173184357541899,0.0726256983240223,0.1061007957559681,0.0,0.2838196286472148,0.4058355437665782,0.2864721485411141,1.975693338295696,1.1176470588235294,2.8000000000000007,0.9047619047619048
1.3485915492957747,0.0105263157894736,1.0,0.119047619047619,0.0476190476190476,0.0992167101827676,0.0078328981723237,0.2898172323759791,0.4360313315926893,0.2663185378590078,1.975693338295696,1.764705882352941,1.277777777777778,0.48387096774193544
1.4447225698790154,0.0695754716981132,0.635593220338983,0.0730007336757153,0.1922230374174615,0.1827894888824718,0.0049090384060063,0.2593127346231591,0.4718452209067282,0.2575801328328039,2.137006701414743,1.0510204081632655,1.1532033426183845,0.420886075949367
1.265,0.1184210526315789,0.4603174603174603,0.0595667870036101,0.1624548736462094,0.1660079051383399,0.0079051383399209,0.1888449714536671,0.4189723320158103,0.2810715854194115,2.004934210526316,1.4712643678160917,1.5061728395061726,0.6756756756756755
1.4199288256227758,0.0927835051546391,0.5555555555555556,0.0329670329670329,0.1593406593406593,0.2030075187969924,0.0075187969924812,0.238095238095238,0.4661654135338345,0.2832080200501253,2.2972972972972974,2.5384615384615397,0.8636363636363638,0.6400000000000001
1.3118556701030928,0.140625,0.3888888888888889,0.1105527638190954,0.2211055276381909,0.1669941060903732,0.0196463654223968,0.2554027504911591,0.4715127701375246,0.2298624754420432,1.848837209302325,1.1333333333333335,0.9310344827586204,0.5909090909090908
1.6765578635014835,0.0901639344262295,1.0,0.1558441558441558,0.0735930735930736,0.1557522123893805,0.0035398230088495,0.2849557522123894,0.3398230088495575,0.3628318584070796,1.975693338295696,0.7586206896551725,1.2916666666666665,0.7777777777777777
1.557427258805513,0.108433734939759,0.5925925925925926,0.0539215686274509,0.142156862745098,0.1809242871189773,0.0058997050147492,0.2202556538839724,0.4365781710914454,0.336283185840708,2.0953846153846154,1.2115384615384617,1.0392156862745099,0.9538461538461538
1.3507880020335536,0.0837209302325581,0.6111111111111112,0.0976076555023923,0.1933014354066985,0.1328566051938276,0.0052691004892736,0.2175385773428678,0.5284155062100113,0.2457659013925479,1.960843373493976,0.9881656804733727,1.3602941176470589,0.5904761904761904
1.4550898203592817,0.2033898305084746,0.6666666666666666,0.145631067961165,0.2524271844660194,0.0699588477366255,0.0041152263374485,0.2674897119341564,0.3292181069958848,0.4032921810699588,2.302325581395349,0.65,0.8235294117647058,0.35714285714285715
1.575063613231552,0.0866666666666666,0.6923076923076923,0.0223880597014925,0.1343283582089552,0.1324717285945072,0.0048465266558966,0.2520193861066236,0.4103392568659127,0.3247172859450727,2.1132075471698117,1.0303030303030303,1.6538461538461537,0.9069767441860466
1.408450704225352,0.09,0.7777777777777778,0.1329479768786127,0.1849710982658959,0.12,0.0075,0.24,0.4325,0.3225,2.046875,0.6774193548387097,0.7096774193548387,1.0740740740740742
1.3400229357798166,0.0901060070671378,0.5098039215686274,0.063147973609802,0.1894439208294062,0.1373555840821566,0.008130081300813,0.2464698331193838,0.4206247325631151,0.3153615746683783,2.06970509383378,1.1623931623931627,1.1452991452991454,0.5245901639344261
1.396901072705602,0.1072664359861591,0.6774193548387096,0.0772128060263653,0.1657250470809793,0.1279863481228668,0.0136518771331058,0.2568259385665529,0.4061433447098976,0.3225255972696246,2.1242937853107344,1.375,1.4807692307692308,1.125
