player,average_shot_length,net_points_rate,net_points_won_rate,winners_rate,unforced_errors_rate,slices_rate,dropshots_rate,crosscourt_rate,middlecourt_rate,down_the_line_rate,ace_rate,opening_1st_body,opening_1st_down_the_t,opening_1st_out_wide,opening_2nd_ground_fh_bh_ratio,opening_3rd_ground_fh_bh_ratio
Abedallah_Shelbayh,2.161137440758294,0.3770491803278688,0.8260869565217391,0.0673076923076923,0.2307692307692307,0.0571428571428571,0.0653061224489796,0.310204081632653,0.2285714285714285,0.4489795918367347,0.0426540284360189,0.3114754098360656,0.2622950819672131,0.360655737704918,2.571428571428572,2.3333333333333335
Adam_Walton,2.4365079365079363,0.2708333333333333,0.6153846153846154,0.1621621621621621,0.1891891891891892,0.0497237569060773,0.0,0.3922651933701657,0.2265193370165746,0.3756906077348066,0.0396825396825396,0.125,0.4166666666666667,0.4375,1.2999999999999998,1.1176470588235292
Adrian_Andreev,2.727272727272727,0.5,0.6410256410256411,0.0294117647058823,0.196078431372549,0.0559210526315789,0.0230263157894736,0.5164473684210527,0.1381578947368421,0.3453947368421052,0.0284090909090909,0.2051282051282051,0.3461538461538461,0.4487179487179487,2.5500000000000003,2.76923076923077
Adrian_Mannarino,2.5818924111431314,0.2014285714285714,0.6099290780141844,0.1940584571154767,0.2529947292764734,0.0589039016244117,0.0071352664338849,0.3295885835737058,0.278275390921512,0.3886442993775618,0.0547550432276657,0.2235714285714285,0.3292857142857143,0.4271428571428571,1.3772241992882561,1.28
Albert_Ramos,2.371859296482412,0.2727272727272727,0.7222222222222222,0.0789473684210526,0.2017543859649122,0.0549450549450549,0.0109890109890109,0.3626373626373626,0.293040293040293,0.3406593406593406,0.0150753768844221,0.2424242424242424,0.4242424242424242,0.303030303030303,3.1250000000000004,1.7500000000000002
Alejandro_Davidovich_Fokina,2.202355460385439,0.2486437613019891,0.6036363636363636,0.1882978723404255,0.2909574468085106,0.0886019590382903,0.0287177203918076,0.311219946571683,0.2346393588601959,0.4470169189670525,0.0521948608137044,0.3580470162748643,0.3309222423146474,0.2956600361663652,1.2974238875878221,1.12807881773399
Alejandro_Tabilo,1.9366336633663368,0.3057851239669421,0.5675675675675675,0.3659574468085106,0.2893617021276595,0.0782241014799154,0.0486257928118393,0.2748414376321353,0.3298097251585624,0.3805496828752642,0.0693069306930693,0.1818181818181818,0.2809917355371901,0.512396694214876,2.5161290322580645,1.5135135135135138
Aleksandar_Kovacevic,1.9840848806366047,0.1818181818181818,0.782608695652174,0.3354430379746835,0.2637130801687763,0.0817610062893081,0.0224618149146451,0.2353998203054806,0.2398921832884097,0.3809523809523809,0.0857648099027409,0.2608695652173913,0.3952569169960474,0.3241106719367589,2.6029411764705888,2.0
Aleksandar_Vukic,2.0410628019323678,0.1818181818181818,0.7631578947368421,0.4346590909090909,0.2727272727272727,0.0707656612529002,0.0150812064965197,0.2494199535962877,0.1658932714617169,0.2993039443155452,0.1147342995169082,0.3588516746411483,0.277511961722488,0.3444976076555024,2.3965517241379315,2.232142857142857
Aleksandre_Metreveli,2.1066666666666665,0.4418604651162791,0.7368421052631579,0.0675675675675675,0.3108108108108108,0.0602409638554216,0.0240963855421686,0.4216867469879518,0.2108433734939759,0.3614457831325301,0.0466666666666666,0.2325581395348837,0.3720930232558139,0.3720930232558139,2.5454545454545454,2.1
Alex_Bolt,1.994413407821229,0.3695652173913043,0.7647058823529411,0.0941176470588235,0.3176470588235294,0.1685393258426966,0.0393258426966292,0.4101123595505618,0.1910112359550561,0.3932584269662921,0.0446927374301676,0.217391304347826,0.3478260869565217,0.4347826086956521,1.928571428571429,3.6666666666666683
Alex_De_Minaur,2.544692005242464,0.2566804666917576,0.6788856304985337,0.1959928076033907,0.2144875417415874,0.0770405565925674,0.0071270999490921,0.2735448837603937,0.293568640760224,0.427286611233667,0.0437745740498034,0.3138878434324426,0.2988332706059465,0.3695897628904779,1.6180482686253936,1.0705882352941178
Alex_Michelsen,2.275977653631285,0.2869415807560137,0.6347305389221557,0.2762863534675615,0.2237136465324384,0.0761821366024518,0.0170753064798598,0.3086690017513135,0.2570052539404553,0.4286339754816112,0.0642458100558659,0.2938144329896907,0.281786941580756,0.4054982817869416,1.2563025210084033,1.1327014218009481
Alex_Molcan,2.581806282722513,0.2272727272727272,0.648,0.1666666666666666,0.2009803921568627,0.079437318990484,0.0202730657840297,0.302027306578403,0.2519652461729416,0.4418700868845676,0.0647905759162303,0.2563636363636363,0.3909090909090909,0.3309090909090909,2.4200000000000004,1.684848484848485
Alexander_Blockx,3.091549295774648,0.2264150943396226,0.8333333333333334,0.1219512195121951,0.2073170731707317,0.037037037037037,0.0067340067340067,0.2727272727272727,0.3434343434343434,0.3838383838383838,0.0704225352112676,0.2830188679245283,0.2264150943396226,0.490566037735849,2.125,0.9166666666666665
Alexander_Bublik,1.858004385964912,0.4935379644588045,0.5957446808510638,0.3254901960784314,0.2501089324618736,0.0984025559105431,0.0583599574014909,0.3194888178913738,0.2775292864749734,0.356762513312034,0.0928362573099415,0.2310177705977383,0.4701130856219709,0.2786752827140549,1.7369863013698632,1.5290102389078497
Alexander_Cozbinov,3.0123456790123457,0.3478260869565217,0.3333333333333333,0.0212765957446808,0.2553191489361702,0.0398773006134969,0.0061349693251533,0.2208588957055214,0.2852760736196319,0.4815950920245399,0.0123456790123456,0.3478260869565217,0.2463768115942029,0.3478260869565217,1.2000000000000002,1.0800000000000003
Alexander_Shevchenko,2.126885536823425,0.308411214953271,0.7272727272727273,0.267631103074141,0.2477396021699819,0.0543307086614173,0.0259842519685039,0.3543307086614173,0.24251968503937,0.3834645669291338,0.0842945874001774,0.1838006230529595,0.3115264797507788,0.4797507788161994,1.3206106870229009,1.2403846153846154
Alexander_Zverev,2.3277850433955534,0.3436754176610978,0.6828703703703703,0.3789033685763462,0.2426850258175559,0.0585601719197707,0.0108345272206303,0.3102614613180516,0.2693409742120344,0.3944305157593123,0.0876233503745095,0.1845664280031821,0.4224343675417661,0.3766905330151153,1.1289752650176679,1.3234597156398107
Alexandre_Muller,2.261282660332541,0.288135593220339,0.5882352941176471,0.3125,0.2239583333333333,0.1544256120527307,0.0056497175141242,0.2391713747645951,0.4030131826741996,0.3483992467043315,0.0760095011876484,0.1779661016949152,0.4152542372881356,0.4067796610169492,0.6949152542372882,0.74
Alexei_Popyrin,2.001410934744268,0.3853727144866385,0.6715328467153284,0.3549141965678627,0.2379095163806552,0.1246917928848186,0.016907361747094,0.3399084184572032,0.2493835857696372,0.402606551602677,0.0825396825396825,0.2770745428973277,0.3263009845288326,0.3867791842475386,3.109589041095891,2.267123287671233
Alexis_Galarneau,2.3995157384987893,0.3263888888888889,0.7021276595744681,0.1105990783410138,0.1889400921658986,0.0865051903114186,0.0311418685121107,0.3235294117647059,0.2058823529411764,0.4567474048442906,0.0411622276029055,0.3263888888888889,0.2986111111111111,0.3402777777777778,1.1774193548387095,1.3541666666666667
Alvaro_Guillen_Meza,2.8493723849372383,0.1682242990654205,0.6666666666666666,0.2040816326530612,0.1496598639455782,0.1063348416289592,0.0158371040723981,0.2443438914027149,0.2194570135746606,0.4819004524886878,0.0209205020920502,0.0934579439252336,0.4579439252336448,0.4205607476635514,2.2121212121212124,1.7187500000000002
Andrea_Vavassori,1.9433962264150944,0.6909090909090909,0.5789473684210527,0.2061855670103092,0.1958762886597938,0.125,0.005,0.305,0.155,0.525,0.0613207547169811,0.3454545454545454,0.2545454545454545,0.3636363636363636,5.3333333333333375,3.285714285714287
Andreas_Seppi,2.277292576419214,0.1869918699186991,0.782608695652174,0.0841121495327102,0.2429906542056074,0.135042735042735,0.0085470085470085,0.2444444444444444,0.294017094017094,0.4615384615384615,0.0436681222707423,0.3333333333333333,0.3739837398373983,0.2926829268292683,1.3399999999999999,2.428571428571429
Andrej_Martin,2.2907801418439715,0.3170731707317073,0.6923076923076923,0.0416666666666666,0.2083333333333333,0.1318681318681318,0.0109890109890109,0.2692307692307692,0.2472527472527472,0.467032967032967,0.0425531914893617,0.2926829268292683,0.4146341463414634,0.2682926829268293,3.875,3.4285714285714297
Andrey_Rublev,2.091135718012638,0.1976851851851851,0.6744730679156908,0.3814069037656903,0.2247646443514644,0.095372190638117,0.0060570639179639,0.295414696349822,0.2767653153392487,0.4034854683598108,0.093686590526987,0.1902777777777777,0.3960648148148148,0.3974537037037037,1.5933202357563852,1.3171690694626477
Andy_Murray,2.396498455200824,0.2617660242043926,0.678082191780822,0.2004641717435451,0.2120684653321729,0.1163084702907711,0.0260219131900547,0.2956173619890434,0.2343025705857564,0.4666034555415086,0.0667941739002501,0.292693859255939,0.3307933662034962,0.3469296279695203,1.6251655629139075,1.3955555555555554
Antoine_Escoffier,1.872628726287263,0.3086419753086419,0.88,0.4496644295302013,0.2013422818791946,0.0807453416149068,0.0186335403726708,0.3012422360248447,0.3105590062111801,0.3788819875776397,0.1165311653116531,0.3580246913580246,0.2839506172839506,0.3580246913580246,2.571428571428572,2.277777777777778
Aristotelis_Thanos,1.9406779661016949,0.5,0.4375,0.1272727272727272,0.4363636363636363,0.1081081081081081,0.054054054054054,0.3423423423423423,0.2342342342342342,0.4144144144144144,0.0677966101694915,0.3125,0.40625,0.25,1.5,1.5714285714285714
Arthur_Cazaux,2.1647940074906367,0.3066666666666666,0.6847826086956522,0.3319672131147541,0.2131147540983606,0.0699356913183279,0.0209003215434083,0.2909967845659164,0.3135048231511254,0.382636655948553,0.0898876404494382,0.3166666666666666,0.3066666666666666,0.35,1.5045045045045045,2.0533333333333332
Arthur_Fils,1.9449358059914408,0.2617866004962779,0.6682464454976303,0.3822368421052631,0.2934210526315789,0.1005434782608695,0.0181159420289855,0.3209541062801932,0.269927536231884,0.4009661835748792,0.0801711840228245,0.1563275434243176,0.3598014888337469,0.477667493796526,1.5760869565217392,1.2840909090909094
Arthur_Rinderknech,2.000952380952381,0.3294573643410852,0.6235294117647059,0.3451143451143451,0.2328482328482328,0.0647002854424357,0.0161750713606089,0.2873453853472883,0.3111322549952426,0.373929590865842,0.1038095238095238,0.2868217054263566,0.375968992248062,0.3255813953488372,2.1818181818181825,1.6164383561643838
Aslan_Karatsev,2.07631113730112,0.2101123595505618,0.6898395721925134,0.1786395422759059,0.2682771773680865,0.0761018341089515,0.0068436901177114,0.3312346016972352,0.2682726526142896,0.3947440459895976,0.0589275191514437,0.3764044943820224,0.3078651685393258,0.2898876404494382,1.3361344537815125,1.4508474576271186
Attila_Balazs,1.9306049822064055,0.2176870748299319,0.75,0.1213389121338912,0.1924686192468619,0.1185468451242829,0.034416826003824,0.3040152963671128,0.2466539196940726,0.4435946462715105,0.0765124555160142,0.3673469387755102,0.3061224489795918,0.3197278911564626,1.2758620689655173,0.9038461538461541
Ben_Shelton,2.0477204942479763,0.3881469115191986,0.6301075268817204,0.2944496707431797,0.2285983066792097,0.0819438796258641,0.0197234648230988,0.387352582350549,0.2478649857665718,0.3228954859699064,0.0769066893907115,0.2470784641068447,0.3247078464106844,0.3973288814691152,2.4607843137254912,1.7429467084639496
Benjamin_Bonzi,1.993881118881119,0.4136690647482014,0.6434782608695652,0.166023166023166,0.1814671814671814,0.090589270008795,0.0149516270888302,0.3456464379947229,0.2216358839050131,0.4283201407211961,0.0847902097902097,0.3381294964028777,0.3237410071942446,0.2985611510791366,1.53,1.7397260273972608
Benoit_Paire,1.8029498525073744,0.5167173252279635,0.6411764705882353,0.3970588235294117,0.2970588235294117,0.0977222630418809,0.0506980161645848,0.3078618662747979,0.3445995591476855,0.2755326965466568,0.0855457227138643,0.2553191489361702,0.2644376899696048,0.458966565349544,0.891304347826087,1.1764705882352942
Bernabe_Zapata_Miralles,2.524296675191816,0.183206106870229,0.75,0.2401960784313725,0.196078431372549,0.0671140939597315,0.0100671140939597,0.3204697986577181,0.2483221476510067,0.4312080536912752,0.0562659846547314,0.3206106870229007,0.2824427480916031,0.3816793893129771,0.9384615384615383,1.391304347826087
Billy_Harris,1.954887218045113,0.4545454545454545,0.4666666666666667,0.35,0.1,0.1181102362204724,0.0393700787401574,0.3937007874015748,0.2204724409448819,0.3622047244094488,0.0601503759398496,0.3333333333333333,0.2424242424242424,0.3636363636363636,1.7272727272727275,4.0
Borna_Coric,2.300266311584554,0.3490364025695932,0.6748466257668712,0.2217687074829932,0.2353741496598639,0.0793650793650793,0.0184331797235023,0.3261648745519713,0.2406554019457245,0.431131592421915,0.0559254327563249,0.1605995717344753,0.3897216274089936,0.4346895074946467,1.8750000000000004,1.3269230769230766
Borna_Gojo,2.05859375,0.265625,0.7647058823529411,0.415929203539823,0.2654867256637168,0.03690036900369,0.025830258302583,0.4428044280442804,0.2177121771217712,0.3394833948339483,0.09765625,0.21875,0.203125,0.546875,1.5833333333333333,1.7777777777777777
Botic_Van_De_Zandschulp,2.25896236918281,0.3430210325047801,0.6767001114827201,0.1380952380952381,0.2165532879818594,0.099133356915458,0.0212239122744959,0.2983728333922886,0.2695436858860983,0.426335337813937,0.0615675796036517,0.3495219885277246,0.3441682600382409,0.277246653919694,2.1449468085106385,1.888549618320611
Brandon_Holt,2.6589861751152077,0.1585365853658536,0.7692307692307693,0.0756302521008403,0.1428571428571428,0.025,0.0027777777777777,0.225,0.275,0.4916666666666666,0.0460829493087557,0.5609756097560976,0.2073170731707317,0.1463414634146341,1.3823529411764706,1.0285714285714285
Brandon_Nakashima,2.334233625928426,0.2483516483516483,0.6902654867256637,0.3258042436687201,0.2251882272416153,0.0774291497975708,0.0154352226720647,0.3125,0.2882085020242915,0.3906882591093117,0.0735989196488858,0.2395604395604395,0.3373626373626374,0.3989010989010989,1.7284345047923326,1.319218241042345
Bruno_Kuzuhara,2.633838383838384,0.1438848920863309,0.6,0.02803738317757,0.1869158878504672,0.071097372488408,0.0061823802163833,0.2720247295208655,0.3091190108191654,0.4111282843894899,0.0151515151515151,0.3669064748201439,0.2805755395683453,0.3525179856115107,1.9333333333333333,1.9000000000000006
Bu_Yunchaokete,2.231578947368421,0.2,0.5217391304347826,0.3055555555555556,0.2111111111111111,0.0833333333333333,0.0064102564102564,0.2393162393162393,0.3611111111111111,0.3931623931623931,0.0842105263157894,0.3130434782608696,0.2521739130434782,0.4347826086956521,1.0566037735849056,1.5384615384615385
Cameron_Norrie,2.3452188006482984,0.2934362934362934,0.6973684210526315,0.2532362459546926,0.2257281553398058,0.0484939759036144,0.0192771084337349,0.3469879518072289,0.2650602409638554,0.383433734939759,0.059967585089141,0.211068211068211,0.4157014157014157,0.3603603603603603,2.1774891774891776,1.5514403292181072
Camilo_Ugo_Carabelli,2.4133949191685917,0.1496598639455782,0.6818181818181818,0.1376146788990825,0.1880733944954128,0.1454248366013072,0.0212418300653594,0.2352941176470588,0.2777777777777778,0.4558823529411764,0.0369515011547344,0.3537414965986394,0.3197278911564626,0.2857142857142857,1.7500000000000004,1.4680851063829785
Carlos_Alcaraz,2.2004331739012724,0.320144971307762,0.7037735849056603,0.2656084656084656,0.2271604938271605,0.0883325815666817,0.0330025560066155,0.3061945572094421,0.2335738986618553,0.4527138776123891,0.0515296453388683,0.292358803986711,0.307157958320749,0.3841739655693144,1.740150093808631,1.4678243105209399
Carlos_Taberner,2.032258064516129,0.2222222222222222,0.5454545454545454,0.175438596491228,0.2690058479532163,0.0576923076923076,0.0264423076923076,0.2884615384615384,0.2572115384615384,0.4495192307692308,0.0794044665012407,0.3535353535353535,0.404040404040404,0.2121212121212121,2.8000000000000003,1.8620689655172415
Casper_Ruud,2.243582948436435,0.3181934821657685,0.6733870967741935,0.3507701692847338,0.2403538203446698,0.0779956161714564,0.0161349245007306,0.2749025815879201,0.2665611300535801,0.4277277155382367,0.0765503142273037,0.1983577110597895,0.3700282268411599,0.4108288426995124,2.13859649122807,1.7261794634597596
Cem_Ilkel,2.4243542435424352,0.3255813953488372,0.6428571428571429,0.328125,0.2265625,0.0803108808290155,0.0284974093264248,0.3860103626943005,0.2409326424870466,0.3730569948186528,0.047970479704797,0.1627906976744186,0.3488372093023256,0.4883720930232558,1.411764705882353,2.1363636363636362
Christoph_Negritu,2.09,0.4035087719298245,0.6086956521739131,0.4318181818181818,0.2272727272727272,0.0504587155963302,0.0137614678899082,0.3348623853211009,0.2293577981651376,0.4266055045871559,0.1,0.3508771929824561,0.2280701754385964,0.3859649122807017,1.2608695652173916,2.2142857142857153
Christopher_Eubanks,1.82612055641422,0.4940711462450592,0.624,0.3820422535211267,0.2447183098591549,0.1169317118802619,0.0140318054256314,0.2984097287184284,0.3152478952291861,0.3816651075771749,0.0904173106646058,0.1225296442687747,0.4545454545454545,0.4150197628458498,2.1449275362318843,2.3600000000000003
Christopher_Oconnell,2.341509433962264,0.395582329317269,0.6294416243654822,0.1759493670886076,0.2278481012658227,0.1354899203000469,0.0201593999062353,0.3450539146741678,0.1842475386779184,0.4641350210970464,0.0610062893081761,0.2389558232931727,0.3775100401606425,0.357429718875502,2.5241935483870974,2.453608247422681
Coleman_Wong,2.0454545454545454,0.2916666666666667,0.6428571428571429,0.3085106382978723,0.2446808510638297,0.1062801932367149,0.0289855072463768,0.2463768115942029,0.1739130434782608,0.5748792270531401,0.0555555555555555,0.2708333333333333,0.3125,0.3958333333333333,3.777777777777778,1.2142857142857142
Colton_Smith,2.151315789473684,0.3863636363636363,0.7647058823529411,0.2987012987012987,0.1818181818181818,0.0742857142857142,0.0171428571428571,0.3257142857142857,0.2285714285714285,0.44,0.0460526315789473,0.4318181818181818,0.2272727272727272,0.3181818181818182,0.5599999999999999,1.1875000000000002
Constant_Lestienne,1.924812030075188,0.1935483870967742,0.8333333333333334,0.1428571428571428,0.1071428571428571,0.1707317073170731,0.0,0.2520325203252032,0.2113821138211382,0.5365853658536586,0.0601503759398496,0.3870967741935484,0.2258064516129032,0.3548387096774194,3.5,1.3333333333333333
Cooper_Kose,1.8407643312101911,0.2424242424242424,0.75,0.3225806451612903,0.2903225806451613,0.0681818181818181,0.0227272727272727,0.3484848484848485,0.3484848484848485,0.2954545454545454,0.0636942675159235,0.303030303030303,0.3939393939393939,0.2727272727272727,1.7500000000000002,2.25
Corentin_Moutet,2.429184549356223,0.4029850746268656,0.6666666666666666,0.1770244821092278,0.2184557438794727,0.0915915915915916,0.045045045045045,0.3738738738738739,0.1996996996996997,0.4241741741741742,0.0332618025751072,0.2746268656716418,0.3671641791044776,0.3432835820895522,3.1142857142857143,2.4374999999999996
Cristian_Garin,2.316078431372549,0.2425,0.5567010309278351,0.28125,0.2894736842105263,0.0536352800953516,0.0202622169249106,0.2687723480333731,0.2741358760429082,0.4106078665077473,0.0650980392156862,0.2275,0.3325,0.4175,1.9765624999999998,1.3623188405797102
Dalibor_Svrcina,2.1322314049586777,0.6428571428571429,0.6,0.1416666666666666,0.125,0.1167883211678832,0.0437956204379562,0.3467153284671533,0.22992700729927,0.4197080291970803,0.0785123966942148,0.2428571428571428,0.4571428571428571,0.2714285714285714,2.666666666666668,1.5333333333333337
Daniel_Altmaier,2.080858085808581,0.4733727810650887,0.7,0.3010752688172043,0.2043010752688172,0.1435114503816794,0.0061068702290076,0.2885496183206107,0.3587786259541984,0.3480916030534351,0.0808580858085808,0.1775147928994082,0.4556213017751479,0.3609467455621302,2.090909090909091,1.3863636363636365
Daniel_Elahi_Galan,2.458950201884253,0.2289156626506024,0.5964912280701754,0.223667100130039,0.247074122236671,0.044280442804428,0.0059963099630996,0.28690036900369,0.2666051660516605,0.3939114391143911,0.0585464333781965,0.2650602409638554,0.3333333333333333,0.3755020080321285,2.2638888888888893,1.54375
Daniel_Evans,2.2290076335877864,0.4689349112426035,0.6182965299684543,0.2521514629948365,0.1858864027538726,0.2663906142167012,0.0148378191856452,0.2739820565907522,0.26432022084196,0.4537612146307798,0.0623409669211195,0.2958579881656805,0.3505917159763314,0.3387573964497041,6.200000000000003,4.406250000000003
Daniil_Medvedev,2.4533829563889684,0.2703829524397776,0.683038263849229,0.2646650812524772,0.2125445897740784,0.0609323703217334,0.019763624425476,0.2846355876559422,0.2636244254760341,0.4310899540380827,0.0744345834526195,0.211395923409512,0.3449660284126004,0.4215565163681284,1.1650623885918003,0.9857142857142859
David_Goffin,2.520721599219893,0.2338935574229692,0.6946107784431138,0.1847014925373134,0.2350746268656716,0.0971465213209362,0.0089772362936838,0.3283103558832959,0.2526450785508176,0.4161590253286309,0.0399804973183812,0.2464985994397759,0.3431372549019608,0.3879551820728291,1.6511627906976747,1.4345991561181433
Denis_Istomin,2.055944055944056,0.2857142857142857,0.9,0.5238095238095238,0.2539682539682539,0.1125827814569536,0.0132450331125827,0.3443708609271523,0.2980132450331126,0.3311258278145695,0.0979020979020979,0.2857142857142857,0.2857142857142857,0.4,4.500000000000001,2.4444444444444446
Denis_Shapovalov,1.9472012703453752,0.4028268551236749,0.6710526315789473,0.3446732318710833,0.2412712623097583,0.0567896060352053,0.0157166806370494,0.3505867560771165,0.2919111483654652,0.3507963118189438,0.0793965859468043,0.1837455830388692,0.4063604240282685,0.3957597173144876,2.6655052264808368,1.83448275862069
Dennis_Novak,2.1889400921658986,0.3934426229508196,0.5416666666666666,0.0925925925925925,0.2037037037037037,0.1395348837209302,0.0155038759689922,0.2751937984496124,0.2558139534883721,0.4612403100775193,0.0737327188940092,0.2459016393442623,0.2622950819672131,0.4754098360655737,1.523809523809524,0.9130434782608696
Diego_Schwartzman,2.686402613311556,0.1821155943293348,0.7005988023952096,0.096551724137931,0.2344827586206896,0.0602905569007263,0.0092009685230024,0.2411622276029055,0.2958837772397094,0.4084745762711864,0.036749693752552,0.3195201744820065,0.3609596510359869,0.2802617230098146,1.303896103896104,1.2456140350877192
Dimitar_Kuzmanov,3.0601503759398496,0.1864406779661017,0.7272727272727273,0.1975308641975308,0.2098765432098765,0.2080291970802919,0.010948905109489,0.3503649635036496,0.1496350364963503,0.5,0.0225563909774436,0.2542372881355932,0.3389830508474576,0.4067796610169492,1.4500000000000002,1.4705882352941175
Dino_Prizmic,2.6307007786429364,0.2272727272727272,0.4857142857142857,0.126068376068376,0.2072649572649572,0.0941336971350614,0.0177353342428376,0.3192360163710777,0.2537517053206002,0.4229195088676671,0.0545050055617352,0.3733766233766233,0.2727272727272727,0.3149350649350649,1.4416666666666669,1.484848484848485
Dmitry_Popko,2.741424802110818,0.1572327044025157,0.6,0.0319634703196347,0.1643835616438356,0.0575757575757575,0.0121212121212121,0.3272727272727272,0.2166666666666666,0.4469696969696969,0.021108179419525,0.3710691823899371,0.3018867924528302,0.3081761006289308,1.9811320754716981,1.5849056603773586
Dominic_Stricker,1.901015228426396,0.3655913978494624,0.6764705882352942,0.4111111111111111,0.2388888888888889,0.0478873239436619,0.028169014084507,0.3323943661971831,0.2647887323943662,0.4,0.0634517766497461,0.1397849462365591,0.4193548387096774,0.3978494623655914,2.521739130434783,1.5200000000000002
Dominic_Thiem,2.2440339760010786,0.2796252927400468,0.6700167504187605,0.2666666666666666,0.2544951590594744,0.1290777067302481,0.0227592933781294,0.3302265091579061,0.230952638994256,0.4195296412701853,0.0655251449373061,0.2426229508196721,0.3241217798594847,0.4023419203747073,2.681362725450902,1.9094412331406558
Dominik_Koepfer,2.390134529147982,0.3767123287671233,0.6545454545454545,0.26,0.316,0.0629032258064516,0.0129032258064516,0.4064516129032258,0.2612903225806451,0.3241935483870968,0.0739910313901345,0.4178082191780822,0.2260273972602739,0.3356164383561644,1.1076923076923075,1.1914893617021276
Dusan_Lajovic,2.5344295991778005,0.2189349112426035,0.7162162162162162,0.1580817051509769,0.2468916518650089,0.1085063630274614,0.0120562625586068,0.3081044876088412,0.3168117883456128,0.3683858004018754,0.0472764645426515,0.1834319526627219,0.4112426035502958,0.3964497041420118,2.611764705882353,1.817204301075269
Elliot_Benchetrit,2.567708333333333,0.3142857142857143,0.7272727272727273,0.0909090909090909,0.202020202020202,0.2425249169435216,0.0265780730897009,0.3023255813953488,0.2225913621262458,0.4717607973421927,0.0729166666666666,0.3142857142857143,0.2,0.4714285714285714,8.166666666666668,3.100000000000001
Emil_Ruusuvuori,2.450012465719272,0.1804949053857351,0.6370967741935484,0.2495173745173745,0.2929536679536679,0.0553645116918844,0.0092847317744154,0.3311554332874828,0.2587689133425034,0.4045735900962861,0.0491149339316878,0.3056768558951965,0.3129548762736536,0.3508005822416303,1.5009487666034158,1.306513409961686
Emilio_Gomez,2.1571709233791747,0.1838235294117647,0.8,0.2645739910313901,0.2152466367713004,0.0696095076400679,0.0152801358234295,0.2818336162988115,0.2869269949066214,0.4244482173174873,0.0785854616895874,0.4264705882352941,0.2279411764705882,0.3308823529411764,3.571428571428573,1.8095238095238095
Emilio_Nava,2.0831683168316832,0.3,0.6666666666666666,0.3238866396761133,0.2186234817813765,0.0383912248628884,0.0091407678244972,0.3034734917733089,0.2851919561243144,0.4040219378427788,0.0752475247524752,0.3076923076923077,0.2769230769230769,0.3615384615384615,1.0161290322580645,1.2083333333333335
Enzo_Couacaud,2.3828828828828827,0.323943661971831,0.6521739130434783,0.1440677966101695,0.2245762711864407,0.1156351791530944,0.019543973941368,0.2768729641693811,0.3745928338762215,0.3452768729641693,0.0563063063063063,0.2605633802816901,0.4366197183098591,0.2605633802816901,1.0322580645161292,1.372093023255814
Ernests_Gulbis,1.968833481745325,0.1762295081967213,0.627906976744186,0.2731277533039647,0.2665198237885463,0.072610294117647,0.0266544117647058,0.3042279411764705,0.2628676470588235,0.4264705882352941,0.0881567230632235,0.2663934426229508,0.3401639344262295,0.3688524590163934,1.063063063063063,0.958762886597938
Ethan_Quinn,2.080246913580247,0.2765957446808511,0.6153846153846154,0.2133333333333333,0.2933333333333333,0.0685714285714285,0.0057142857142857,0.2914285714285714,0.2571428571428571,0.4514285714285714,0.0679012345679012,0.3829787234042553,0.4042553191489361,0.2127659574468085,1.25,1.6666666666666667
Evan_Zhu,2.6790123456790123,0.21875,0.4285714285714285,0.0638297872340425,0.2978723404255319,0.0808823529411764,0.0147058823529411,0.3529411764705882,0.2279411764705882,0.4117647058823529,0.0,0.4375,0.15625,0.375,0.8235294117647058,0.6875
Evgeny_Donskoy,2.81981981981982,0.1666666666666666,0.8571428571428571,0.3676470588235294,0.0441176470588235,0.0841584158415841,0.0049504950495049,0.2772277227722772,0.2029702970297029,0.5099009900990099,0.054054054054054,0.3809523809523809,0.3333333333333333,0.2857142857142857,2.230769230769231,1.6923076923076927
Fabian_Marozsan,2.250704225352113,0.2664233576642336,0.636986301369863,0.3058305830583058,0.2365236523652365,0.0972972972972973,0.0337837837837837,0.3162162162162162,0.2432432432432432,0.4292792792792793,0.0625352112676056,0.2627737226277372,0.3759124087591241,0.3485401459854014,1.3554502369668249,1.364705882352941
Fabio_Fognini,2.2117296222664016,0.3204225352112676,0.7912087912087912,0.2315369261477046,0.2355289421157684,0.0976210008203445,0.0188679245283018,0.3158326497128794,0.2977850697292863,0.3814602132895816,0.0546719681908548,0.3345070422535211,0.3169014084507042,0.323943661971831,1.5600000000000003,1.326086956521739
Facundo_Bagnis,2.2931596091205213,0.3548387096774194,0.5757575757575758,0.0993377483443708,0.2516556291390728,0.0780856423173803,0.0377833753148614,0.2997481108312342,0.3400503778337531,0.3501259445843829,0.0618892508143322,0.2795698924731182,0.4838709677419355,0.1935483870967742,2.7272727272727275,1.5357142857142854
Facundo_Diaz_Acosta,2.0264900662251657,0.2142857142857142,0.5555555555555556,0.0675675675675675,0.1351351351351351,0.0580645161290322,0.0387096774193548,0.2774193548387096,0.2838709677419355,0.4387096774193548,0.0397350993377483,0.4047619047619047,0.3095238095238095,0.238095238095238,3.0000000000000013,1.8461538461538463
Federico_Cina,1.931372549019608,0.3529411764705882,0.6666666666666666,0.3604651162790697,0.2093023255813953,0.0578947368421052,0.0157894736842105,0.2684210526315789,0.331578947368421,0.3947368421052631,0.0931372549019607,0.3529411764705882,0.2156862745098039,0.4117647058823529,1.2173913043478264,2.333333333333334
Federico_Coria,2.5838323353293413,0.171875,0.5,0.1954022988505747,0.4137931034482758,0.0661625708884688,0.0189035916824196,0.1965973534971644,0.4366729678638941,0.3667296786389414,0.0419161676646706,0.2265625,0.4296875,0.34375,2.588235294117647,1.5609756097560976
Federico_Delbonis,2.258116883116883,0.2378378378378378,0.5454545454545454,0.1597444089456869,0.2076677316293929,0.1019354838709677,0.0283870967741935,0.2696774193548387,0.4,0.3212903225806451,0.0568181818181818,0.2594594594594595,0.4,0.3351351351351351,2.4285714285714284,1.6862745098039216
Feliciano_Lopez,1.8257142857142856,0.6928571428571428,0.563573883161512,0.2509135200974421,0.2046285018270402,0.1695501730103806,0.0196078431372549,0.3638985005767012,0.2306805074971165,0.3973471741637832,0.1042857142857142,0.3095238095238095,0.4285714285714285,0.2214285714285714,4.843137254901962,2.6562499999999996
Felix_Auger_Aliassime,2.1528257719317803,0.2696177062374245,0.673134328358209,0.3216164514586322,0.2384026781444285,0.0643009089151034,0.015374202281957,0.2822471475536646,0.2380584026300522,0.4697350609166505,0.0811503734254821,0.2366197183098591,0.359758551307847,0.378672032193159,1.9490445859872612,1.5965147453083108
Fernando_Verdasco,2.061224489795918,0.2525252525252525,0.68,0.1693989071038251,0.2950819672131147,0.0456730769230769,0.0216346153846153,0.4326923076923077,0.2451923076923076,0.3076923076923077,0.0841836734693877,0.2525252525252525,0.3636363636363636,0.3636363636363636,3.272727272727273,2.115384615384616
Filip_Bergevi,1.89119170984456,0.3469387755102041,0.7058823529411765,0.0909090909090909,0.1428571428571428,0.1686046511627907,0.005813953488372,0.2790697674418604,0.2732558139534883,0.4244186046511627,0.0621761658031088,0.3673469387755102,0.3469387755102041,0.2653061224489796,3.2,3.333333333333333
Filip_Krajinovic,2.158091674462114,0.3229166666666667,0.6666666666666666,0.2932038834951456,0.2077669902912621,0.0743134087237479,0.0234248788368336,0.3037156704361874,0.3529886914378029,0.3416801292407108,0.0767072029934518,0.3333333333333333,0.3645833333333333,0.2986111111111111,1.6237623762376239,1.0576923076923077
Fitriadi_M_Rifqi,3.095238095238096,0.2419354838709677,0.7333333333333333,0.2469135802469135,0.2592592592592592,0.1174242424242424,0.0037878787878787,0.3068181818181818,0.2765151515151515,0.4128787878787879,0.0079365079365079,0.1935483870967742,0.1612903225806451,0.6129032258064516,4.800000000000002,2.428571428571429
Flavio_Cobolli,2.0998336106489184,0.2467532467532467,0.631578947368421,0.1739130434782608,0.2681159420289855,0.1195158850226928,0.0257186081694402,0.3010590015128593,0.2435703479576399,0.4462934947049924,0.0482529118136439,0.1753246753246753,0.3506493506493506,0.461038961038961,1.8297872340425532,1.4888888888888887
Frances_Tiafoe,2.121843269981776,0.3022598870056497,0.5950155763239875,0.2559456398640997,0.2129105322763307,0.0666047806915757,0.025760037131585,0.2993734045022047,0.2139707588767695,0.4075191459735438,0.0723769851601145,0.2297551789077213,0.3691148775894539,0.3775894538606403,1.1295896328293735,1.1861111111111111
Francisco_Cerundolo,2.329004329004329,0.2094594594594594,0.6559139784946236,0.2320441988950276,0.2776243093922652,0.0814332247557003,0.0266015200868621,0.2741585233441911,0.2421281216069489,0.4750271444082519,0.0598845598845598,0.2297297297297297,0.3288288288288288,0.4166666666666667,1.17989417989418,1.5217391304347825
Francisco_Llanes,2.697478991596639,0.2666666666666666,0.5,0.028169014084507,0.2253521126760563,0.0346534653465346,0.0148514851485148,0.2574257425742574,0.2722772277227723,0.4603960396039604,0.0252100840336134,0.2,0.4,0.3333333333333333,1.5625000000000002,2.0000000000000004
Gabriel_Decamps,2.436893203883495,0.2352941176470588,0.5,0.2,0.12,0.1418918918918918,0.0067567567567567,0.304054054054054,0.2635135135135135,0.4324324324324324,0.1067961165048543,0.3529411764705882,0.2352941176470588,0.3529411764705882,2.2000000000000006,1.0
Gabriel_Diallo,1.926991150442478,0.3333333333333333,0.7941176470588235,0.3567567567567568,0.3891891891891892,0.0763723150357995,0.0071599045346062,0.2911694510739857,0.2529832935560859,0.441527446300716,0.0752212389380531,0.2745098039215686,0.3529411764705882,0.3431372549019608,2.066666666666667,2.041666666666667
Gael_Monfils,2.3174036027988687,0.2837092731829574,0.6554770318021201,0.2088116661495501,0.2330127210673285,0.0880325460504011,0.0179681319923155,0.3007119448525257,0.2669228161374166,0.4255848118431461,0.0641655500967693,0.2370927318295739,0.3789473684210526,0.362406015037594,1.9074675324675325,1.5337620578778135
Gijs_Brouwer,2.140422631220177,0.3209876543209876,0.7153846153846154,0.0929919137466307,0.1846361185983827,0.1410639569635385,0.0065750149432157,0.4130304841601913,0.2086072922893006,0.374178123132098,0.0565780504430811,0.182716049382716,0.4518518518518518,0.3407407407407407,3.970588235294118,2.914285714285714
Gilles_Arnaud_Bailly,2.806282722513089,0.189873417721519,0.4666666666666667,0.018348623853211,0.091743119266055,0.0608695652173913,0.0115942028985507,0.2695652173913043,0.3246376811594202,0.4057971014492754,0.0261780104712041,0.4936708860759494,0.2784810126582278,0.1645569620253164,1.5483870967741937,1.0
Gilles_Simon,3.10479375696767,0.1942857142857142,0.6029411764705882,0.0635245901639344,0.1639344262295081,0.0768008474576271,0.0068855932203389,0.305614406779661,0.2733050847457627,0.4168432203389831,0.0445930880713489,0.2742857142857143,0.3142857142857143,0.38,1.0363636363636362,0.8037974683544304
Giovanni_Mpetshi_Perricard,1.671562082777036,0.4461538461538462,0.6896551724137931,0.6273062730627307,0.2546125461254612,0.099403578528827,0.0198807157057654,0.3121272365805169,0.2365805168986083,0.4373757455268389,0.144192256341789,0.1153846153846153,0.5461538461538461,0.3307692307692307,2.142857142857143,1.933333333333334
Giulio_Zeppieri,2.0251256281407035,0.4509803921568627,0.6521739130434783,0.3186813186813186,0.2417582417582417,0.0588235294117647,0.0196078431372549,0.3627450980392157,0.2401960784313725,0.3823529411764705,0.0552763819095477,0.3333333333333333,0.2745098039215686,0.3529411764705882,2.0625,1.375
Gregoire_Barrere,2.078925272879933,0.2804878048780488,0.5434782608695652,0.2462962962962963,0.2537037037037037,0.0747081712062256,0.024124513618677,0.311284046692607,0.2863813229571984,0.3914396887159533,0.0730478589420654,0.2591463414634146,0.3719512195121951,0.3567073170731707,1.6173913043478263,1.59375
Grigor_Dimitrov,2.289772194618918,0.2690582959641255,0.6821428571428572,0.2949683042789223,0.2539619651347068,0.1440616368658235,0.0104666375926733,0.2887047535979066,0.2658089838639337,0.4415612734409071,0.0723727383519265,0.2376681614349775,0.3369634849455477,0.4013452914798206,3.0365497076023393,2.0931174089068825
Guido_Pella,2.4342105263157894,0.2336448598130841,0.76,0.1264367816091954,0.2183908045977011,0.1009174311926605,0.0091743119266055,0.3394495412844037,0.2821100917431192,0.3715596330275229,0.0657894736842105,0.308411214953271,0.3644859813084112,0.2897196261682243,2.4137931034482762,1.2368421052631582
Henri_Laaksonen,2.6260162601626016,0.1020408163265306,0.8,0.2133333333333333,0.4533333333333333,0.17,0.04,0.275,0.435,0.29,0.008130081300813,0.1632653061224489,0.4081632653061224,0.4285714285714285,20.500000000000025,17.50000000000002
Holger_Rune,2.097620203982516,0.3572761194029851,0.6553524804177546,0.3187660668380462,0.2390745501285347,0.0845132743362831,0.0294247787610619,0.2699115044247787,0.3143805309734513,0.4088495575221239,0.0553666828557552,0.1837686567164179,0.3638059701492537,0.4291044776119403,1.8040935672514624,1.4577922077922076
Hubert_Hurkacz,2.11352718797078,0.3564919052214002,0.6706766917293233,0.2167253412389599,0.2466802544623556,0.0750478621569878,0.0179195915762603,0.350427568602425,0.2191703892788768,0.4205232929164008,0.0936016599869247,0.2534577034416211,0.3546692398413208,0.3679639755548408,1.6869319962394234,1.7317961165048543
Hugo_Gaston,1.949778434268833,0.3312883435582822,0.6666666666666666,0.2149837133550488,0.2019543973941368,0.0902021772939346,0.0684292379471228,0.3623639191290824,0.2628304821150855,0.3716951788491446,0.0472673559822747,0.2331288343558282,0.3374233128834356,0.3926380368098159,1.5357142857142858,1.4285714285714286
Hugo_Grenier,2.374485596707819,0.3006993006993007,0.5813953488372093,0.2145922746781116,0.278969957081545,0.1467065868263473,0.0134730538922155,0.3787425149700599,0.2589820359281437,0.3502994011976048,0.0658436213991769,0.3216783216783216,0.2307692307692307,0.4125874125874126,1.9523809523809526,1.7777777777777775
Ilya_Ivashka,2.4918533604887982,0.2454545454545454,0.6790123456790124,0.1035856573705179,0.2031872509960159,0.0511945392491467,0.0163822525597269,0.3146757679180887,0.2580204778156996,0.4218430034129692,0.0427698574338085,0.3545454545454545,0.2878787878787879,0.3363636363636363,1.6083333333333336,1.231404958677686
Ivo_Karlovic,1.5423143350604491,2.5384615384615383,0.5818181818181818,0.4056603773584906,0.1273584905660377,0.0732484076433121,0.019108280254777,0.4522292993630573,0.1783439490445859,0.3598726114649681,0.1398963730569948,0.3692307692307692,0.3384615384615385,0.2461538461538461,7.000000000000008,3.0
J_J_Wolf,1.966589861751152,0.3480392156862745,0.5633802816901409,0.2789473684210526,0.2552631578947368,0.0882002383790226,0.0131108462455303,0.2991656734207389,0.2729439809296782,0.4243146603098927,0.0771889400921659,0.2647058823529412,0.3039215686274509,0.4068627450980392,2.0000000000000004,1.7368421052631582
Jack_Draper,2.2169517884914463,0.2661290322580645,0.6868686868686869,0.2871621621621621,0.206081081081081,0.0364217252396166,0.0274760383386581,0.3929712460063898,0.2389776357827476,0.3578274760383386,0.0707620528771384,0.1774193548387097,0.3629032258064516,0.4381720430107527,2.0789473684210527,1.2214285714285713
Jack_Sock,2.1129032258064515,0.18,0.5555555555555556,0.4021739130434782,0.2608695652173913,0.0966183574879227,0.0096618357487922,0.2318840579710145,0.5120772946859904,0.2560386473429952,0.0806451612903225,0.14,0.36,0.5,1.764705882352941,1.1666666666666667
Jakub_Mensik,2.143859649122807,0.2558528428093645,0.6405228758169934,0.2495029821073558,0.2554671968190855,0.085122699386503,0.0187883435582822,0.2837423312883436,0.2971625766871165,0.4098926380368098,0.0732456140350877,0.2709030100334448,0.31438127090301,0.3929765886287625,1.8131313131313131,1.8509316770186337
James_Duckworth,2.0916398713826365,0.4733333333333333,0.7183098591549296,0.348314606741573,0.2397003745318352,0.1531664212076583,0.0294550810014727,0.3240058910162003,0.2650957290132548,0.4094256259204712,0.0996784565916398,0.2,0.36,0.4133333333333333,1.2280701754385965,1.558823529411765
James_Mccabe,2.2628205128205128,0.2549019607843137,0.6153846153846154,0.175,0.225,0.1065989847715736,0.0355329949238578,0.2944162436548223,0.3604060913705584,0.3451776649746192,0.0897435897435897,0.3333333333333333,0.2156862745098039,0.4117647058823529,0.8400000000000001,0.8571428571428571
Jan_Kumstat,1.823920265780731,0.1833333333333333,0.5454545454545454,0.4677419354838709,0.2419354838709677,0.0766129032258064,0.0161290322580645,0.25,0.4193548387096774,0.3064516129032258,0.1029900332225913,0.5666666666666667,0.25,0.1833333333333333,0.9655172413793105,0.6799999999999999
Jan_Lennard_Struff,1.889029003783102,0.6873786407766991,0.5847457627118644,0.374251497005988,0.2534930139720558,0.0921985815602836,0.0018912529550827,0.2572104018912529,0.2794326241134752,0.3947990543735225,0.1046658259773013,0.2737864077669903,0.341747572815534,0.3708737864077669,1.4424242424242426,1.467153284671533
Jannik_Sinner,2.3144815766923736,0.2330780053149914,0.6981891348088531,0.2578444747612551,0.2424478659130773,0.047732869766768,0.0146675358539765,0.296320440388237,0.2818702013617268,0.408735332464146,0.0653146719984766,0.3368766609348132,0.2718461778958887,0.3714241050492418,1.4894651539708268,1.2576013513513513
Jason_Kubler,2.5384615384615383,0.2714285714285714,0.6140350877192983,0.2177914110429447,0.2208588957055214,0.0531914893617021,0.0074468085106382,0.2638297872340425,0.2212765957446808,0.5074468085106383,0.072013093289689,0.1714285714285714,0.4095238095238095,0.4,1.76056338028169,0.8131868131868133
Jaume_Munar,2.529841656516443,0.1830065359477124,0.6428571428571429,0.1569506726457399,0.1255605381165919,0.1536624203821656,0.0167197452229299,0.3009554140127388,0.3296178343949044,0.3606687898089172,0.0328867235079171,0.2941176470588235,0.3398692810457516,0.349673202614379,2.531645569620253,1.4736842105263155
Jenson_Brooksby,2.820228494623656,0.1712268314210061,0.7061855670103093,0.1280966767371601,0.2078549848942598,0.0751338379176666,0.0188296104855085,0.2669374192357393,0.2859516337456156,0.4391729739708325,0.0393145161290322,0.3345101500441306,0.3045013239187996,0.3353927625772286,0.8896797153024909,0.8099808061420346
Jeremy_Chardy,1.7724137931034485,0.1976744186046511,0.5294117647058824,0.5176470588235295,0.2529411764705882,0.1220238095238095,0.0059523809523809,0.1160714285714285,0.0684523809523809,0.1547619047619047,0.1333333333333333,0.3720930232558139,0.2906976744186046,0.313953488372093,3.4375000000000018,2.0
Jerome_Kym,1.866412213740458,0.4655172413793103,0.6296296296296297,0.1851851851851851,0.0833333333333333,0.0572687224669603,0.0044052863436123,0.3259911894273127,0.2995594713656387,0.3656387665198238,0.1030534351145038,0.3103448275862069,0.4482758620689655,0.2241379310344827,1.409090909090909,1.0476190476190474
Jesper_De_Jong,2.188982402448355,0.2904884318766066,0.7079646017699115,0.1058451816745655,0.1548183254344391,0.0752895752895752,0.0218790218790218,0.2651222651222651,0.2734877734877735,0.4510939510939511,0.0612088752869166,0.3110539845758355,0.3753213367609254,0.2904884318766066,2.333333333333333,1.6754385964912282
Jiri_Lehecka,2.083615273078782,0.3201471941122355,0.6206896551724138,0.3271221532091097,0.2556935817805383,0.083407671721677,0.0113737734165923,0.2899197145405887,0.288135593220339,0.4087867975022301,0.0785403576607056,0.2373505059797608,0.3597056117755289,0.3919043238270469,2.153846153846154,1.4307228915662653
Joao_Fonseca,1.8634751773049645,0.3622047244094488,0.7391304347826086,0.3198380566801619,0.2024291497975708,0.0862422997946611,0.0143737166324435,0.3572895277207392,0.2135523613963039,0.4086242299794661,0.0780141843971631,0.3622047244094488,0.2519685039370078,0.3779527559055118,2.235294117647059,2.321428571428571
Joao_Menezes,1.8475935828877008,0.2179487179487179,0.6470588235294118,0.1059602649006622,0.2185430463576159,0.0630914826498422,0.0,0.2618296529968454,0.3154574132492113,0.416403785488959,0.0614973262032085,0.358974358974359,0.3717948717948718,0.2435897435897435,2.125,1.1379310344827587
Joao_Sousa,2.585858585858586,0.175,0.7142857142857143,0.1818181818181818,0.3454545454545454,0.0509554140127388,0.0127388535031847,0.2802547770700637,0.1910828025477707,0.5286624203821656,0.0101010101010101,0.125,0.275,0.6,8.0,2.4545454545454546
John_Isner,1.7436374922408442,0.4614065180102916,0.6654275092936803,0.5201262825572218,0.2667719021310181,0.0596828046744574,0.0212854757929883,0.270033388981636,0.3121869782971619,0.4090150250417362,0.1402855369335816,0.2933104631217839,0.3499142367066895,0.3396226415094339,1.682051282051282,1.4545454545454546
John_Millman,2.416005291005291,0.2489035087719298,0.5814977973568282,0.1358768406961178,0.2014725568942436,0.0390004670714619,0.0079402148528724,0.3304530593180756,0.2365716954694068,0.3475011676786548,0.0621693121693121,0.3278508771929824,0.2850877192982456,0.3706140350877193,1.431372549019608,1.2165242165242165
Jordan_Thompson,2.246609743847313,0.2989510489510489,0.6842105263157895,0.1931942919868276,0.2239297475301866,0.1107977437550362,0.0068493150684931,0.2856567284448025,0.2864625302175664,0.4186140209508461,0.0617780010045203,0.2395104895104895,0.4073426573426573,0.3251748251748251,2.011904761904762,2.171641791044777
Jozef_Kovalik,1.9144736842105263,0.3333333333333333,0.8333333333333334,0.131578947368421,0.1447368421052631,0.1223021582733813,0.0071942446043165,0.2877697841726618,0.1942446043165467,0.4964028776978417,0.0921052631578947,0.25,0.4444444444444444,0.2777777777777778,1.5384615384615385,2.375
Juan_Manuel_Cerundolo,2.348360655737705,0.3717948717948718,0.7241379310344828,0.0652173913043478,0.1666666666666666,0.0699088145896656,0.0060790273556231,0.364741641337386,0.2462006079027355,0.3799392097264438,0.0368852459016393,0.358974358974359,0.3333333333333333,0.3076923076923077,1.9166666666666665,1.7727272727272732
Juan_Pablo_Varillas,2.4702549575070822,0.1496062992125984,0.8947368421052632,0.3045977011494253,0.2873563218390804,0.0558766859344894,0.02504816955684,0.3140655105973025,0.2716763005780346,0.4065510597302504,0.0623229461756373,0.2047244094488189,0.3779527559055118,0.3937007874015748,1.680851063829787,1.7380952380952381
Juncheng_Shang,2.228370221327968,0.1979522184300341,0.6379310344827587,0.2804878048780488,0.2378048780487804,0.0507780507780507,0.0065520065520065,0.3341523341523341,0.2981162981162981,0.3611793611793611,0.0492957746478873,0.3037542662116041,0.3037542662116041,0.3720136518771331,2.2413793103448283,1.3523809523809522
Jurij_Rodionov,2.3666666666666667,0.2686567164179104,0.5,0.2410714285714285,0.2767857142857143,0.0975609756097561,0.0348432055749128,0.4634146341463415,0.1428571428571428,0.3937282229965156,0.0619047619047619,0.0895522388059701,0.5373134328358209,0.373134328358209,2.277777777777778,2.538461538461539
Karen_Khachanov,2.3125341095142806,0.236983842010772,0.6767676767676768,0.3034734917733089,0.2559414990859232,0.0985446985446985,0.0141372141372141,0.2819126819126819,0.2561330561330561,0.4399168399168399,0.0754957249408768,0.2351885098743267,0.3716337522441651,0.3764213046080191,1.464630225080386,1.4522900763358781
Karim_Mohamed_Maamoun,2.5895953757225434,0.1525423728813559,0.2222222222222222,0.2083333333333333,0.2916666666666667,0.0545454545454545,0.0218181818181818,0.4181818181818181,0.16,0.4181818181818181,0.0635838150289017,0.1016949152542373,0.5084745762711864,0.3898305084745763,1.4999999999999998,1.7000000000000002
Karlis_Ozolins,1.9781021897810216,0.4444444444444444,0.5625,0.4655172413793103,0.3103448275862069,0.0820895522388059,0.0,0.3656716417910448,0.2686567164179104,0.3582089552238806,0.1240875912408759,0.3888888888888889,0.0833333333333333,0.5277777777777778,2.875,2.0000000000000004
Karue_Sell,2.5324675324675323,0.180722891566265,0.4666666666666667,0.0725806451612903,0.2419354838709677,0.0677966101694915,0.0084745762711864,0.4067796610169492,0.2542372881355932,0.3305084745762712,0.0086580086580086,0.3373493975903614,0.253012048192771,0.3734939759036144,0.8571428571428571,1.6666666666666665
Kei_Nishikori,2.4105263157894736,0.19140625,0.5918367346938775,0.1276595744680851,0.2340425531914893,0.0727611940298507,0.0083955223880597,0.291044776119403,0.2145522388059701,0.4850746268656716,0.025,0.296875,0.28125,0.40625,1.308411214953271,1.2444444444444445
Kilian_Feldbausch,2.2026143790849675,0.3404255319148936,0.4375,0.3205128205128205,0.282051282051282,0.1793478260869565,0.0,0.4184782608695652,0.1793478260869565,0.3858695652173913,0.0522875816993464,0.1702127659574468,0.425531914893617,0.3617021276595745,3.444444444444445,29.00000000000007
Kiranpal_Pannu,2.178807947019868,0.5714285714285714,0.75,0.4428571428571428,0.2285714285714285,0.1235955056179775,0.0280898876404494,0.3539325842696629,0.2584269662921348,0.3932584269662921,0.0927152317880794,0.2857142857142857,0.4761904761904761,0.1904761904761904,1.4285714285714284,2.0000000000000004
Kyle_Edmund,2.2819383259911894,0.1733333333333333,0.3846153846153846,0.1578947368421052,0.2894736842105263,0.0274914089347079,0.0034364261168384,0.3539518900343643,0.2405498281786941,0.3951890034364261,0.039647577092511,0.3333333333333333,0.28,0.3466666666666667,1.4827586206896555,1.423076923076923
Kyrian_Jacquet,1.925,0.3103448275862069,0.6666666666666666,0.2523364485981308,0.2710280373831775,0.0945945945945946,0.027027027027027,0.2792792792792792,0.3018018018018018,0.4099099099099099,0.05,0.3793103448275862,0.1896551724137931,0.396551724137931,2.923076923076924,2.25
Laslo_Djere,2.4759746146872166,0.2159090909090909,0.6578947368421053,0.3472727272727273,0.3145454545454546,0.085995085995086,0.0116707616707616,0.3243243243243243,0.2063882063882063,0.4668304668304668,0.0924750679963735,0.2528409090909091,0.2755681818181818,0.4460227272727273,1.3120567375886523,1.7452830188679247
Laurent_Lokoli,2.6449704142011834,0.1818181818181818,0.4,0.0989010989010989,0.1978021978021978,0.0755395683453237,0.0359712230215827,0.302158273381295,0.2877697841726618,0.4100719424460431,0.0650887573964497,0.2909090909090909,0.2,0.4363636363636363,1.5,0.7307692307692307
Leandro_Riedi,2.054635761589404,0.3178807947019867,0.7291666666666666,0.1045296167247386,0.229965156794425,0.0722135007849293,0.0,0.3406593406593406,0.2574568288854003,0.3940345368916798,0.0596026490066225,0.423841059602649,0.2582781456953642,0.2649006622516556,1.826923076923077,1.883720930232558
Learner_Tien,2.5124740124740126,0.2097264437689969,0.6376811594202898,0.1742424242424242,0.25,0.0474226804123711,0.0082474226804123,0.3903780068728522,0.2323024054982818,0.3738831615120275,0.0550935550935551,0.2310030395136778,0.3252279635258359,0.4285714285714285,1.9901960784313726,1.2295081967213113
Leo_Borg,2.084158415841584,0.2407407407407407,0.8461538461538461,0.25,0.2608695652173913,0.0410958904109589,0.0091324200913242,0.2694063926940639,0.2557077625570776,0.4748858447488584,0.0594059405940594,0.3888888888888889,0.1851851851851851,0.3888888888888889,1.0,1.0909090909090908
Li_Tu,2.080575539568345,0.3131313131313131,0.5483870967741935,0.2347560975609756,0.1951219512195122,0.1504660452729693,0.0093209054593874,0.3395472703062583,0.270306258322237,0.3848202396804261,0.0589928057553956,0.2171717171717171,0.3939393939393939,0.3636363636363636,2.744186046511629,2.1190476190476195
Liam_Broady,3.7586206896551726,0.3617021276595745,0.7058823529411765,0.0,0.2280701754385964,0.0583333333333333,0.0166666666666666,0.3708333333333333,0.2333333333333333,0.3916666666666666,0.0,0.2765957446808511,0.2978723404255319,0.4042553191489361,2.1428571428571432,1.4705882352941175
Liam_Draxl,2.2845528455284554,0.3875,0.6774193548387096,0.3652173913043478,0.1478260869565217,0.1075949367088607,0.0126582278481012,0.3037974683544304,0.2943037974683544,0.3860759493670886,0.056910569105691,0.3875,0.2125,0.375,2.842105263157895,1.259259259259259
Lloyd_Harris,2.110939907550077,0.3567251461988304,0.5081967213114754,0.2954545454545454,0.2857142857142857,0.0610263522884882,0.0263522884882108,0.332871012482663,0.1941747572815534,0.449375866851595,0.0708782742681047,0.1871345029239766,0.327485380116959,0.4444444444444444,2.533333333333333,1.5192307692307696
Lorenzo_Musetti,2.2126827259625284,0.2839421088904204,0.6844660194174758,0.207641196013289,0.2279900332225913,0.1356536502546689,0.0293718166383701,0.3258064516129032,0.2444821731748726,0.4247877758913412,0.0479719991764463,0.2432804962095106,0.377670572019297,0.3604410751206064,2.337874659400545,1.976878612716763
Lorenzo_Sonego,2.013251155624037,0.4002389486260454,0.6567164179104478,0.2388250319284802,0.2375478927203065,0.0787712895377129,0.0279805352798053,0.3248175182481752,0.2448296836982968,0.416970802919708,0.0533127889060092,0.1935483870967742,0.3572281959378733,0.4289127837514934,2.6157635467980302,2.1311475409836067
Luca_Nardi,2.1979301423027167,0.2857142857142857,0.7058823529411765,0.1376623376623376,0.2051948051948052,0.0831533477321814,0.0215982721382289,0.3250539956803456,0.212742980561555,0.4524838012958963,0.056921086675291,0.4201680672268907,0.2563025210084033,0.3025210084033613,1.1442307692307692,1.6417910447761193
Luca_Van_Assche,2.1883561643835616,0.2375,0.7368421052631579,0.3875968992248062,0.1550387596899224,0.063400576368876,0.0115273775216138,0.30835734870317,0.2017291066282421,0.4870317002881844,0.1027397260273972,0.35,0.25,0.3875,2.0833333333333335,1.0588235294117647
Lucas_Pouille,2.0380434782608696,0.4038461538461538,0.7619047619047619,0.1208791208791208,0.2747252747252747,0.1361256544502617,0.0104712041884816,0.3926701570680628,0.1570680628272251,0.450261780104712,0.0760869565217391,0.2692307692307692,0.3269230769230769,0.3653846153846153,2.5000000000000004,2.454545454545455
Luciano_Darderi,2.0239043824701195,0.3389830508474576,0.8,0.2884615384615384,0.2307692307692307,0.0739299610894941,0.0155642023346303,0.245136186770428,0.2412451361867704,0.5097276264591439,0.1035856573705179,0.1864406779661017,0.2372881355932203,0.559322033898305,5.625000000000002,1.4705882352941175
Lukas_Klein,1.9625468164794009,0.4411764705882353,0.7,0.1290322580645161,0.1854838709677419,0.1089494163424124,0.0038910505836575,0.3229571984435798,0.2723735408560311,0.4046692607003891,0.0711610486891385,0.2647058823529412,0.2941176470588235,0.3823529411764705,2.4444444444444446,2.214285714285715
Mackenzie_Mcdonald,2.291613722998729,0.2630522088353413,0.6564885496183206,0.2814814814814815,0.2469135802469135,0.0482046237088047,0.0093457943925233,0.3280865715691097,0.2710280373831775,0.3954746679783571,0.0520965692503176,0.1606425702811245,0.3995983935742971,0.4176706827309236,2.610687022900764,1.5833333333333333
Maks_Kasnikowski,2.5278969957081543,0.3086419753086419,0.6,0.0483870967741935,0.1774193548387097,0.0842696629213483,0.0112359550561797,0.3033707865168539,0.2921348314606741,0.4016853932584269,0.03862660944206,0.5555555555555556,0.2098765432098765,0.2222222222222222,1.1428571428571428,1.4230769230769234
Malek_Jaziri,1.913793103448276,0.3333333333333333,0.6,0.08,0.32,0.3018867924528302,0.0188679245283018,0.1698113207547169,0.2452830188679245,0.5471698113207547,0.1034482758620689,0.4,0.2666666666666666,0.2666666666666666,7.000000000000007,2.5000000000000004
Marc_Andrea_Huesler,1.940180586907449,0.5247524752475248,0.5943396226415094,0.1675,0.1975,0.063625450180072,0.0024009603841536,0.3505402160864346,0.2148859543817527,0.4273709483793517,0.0857787810383747,0.2821782178217821,0.3019801980198019,0.400990099009901,2.604166666666667,1.6346153846153848
Marc_Polmans,2.3994126284875184,0.2455357142857142,0.5272727272727272,0.1553133514986376,0.1771117166212534,0.1332633788037775,0.0304302203567681,0.2549842602308499,0.2990556138509968,0.4396642182581322,0.0558002936857562,0.4017857142857143,0.2053571428571428,0.3526785714285714,1.0978260869565217,1.1625
Marco_Cecchinato,1.954248366013072,0.2894736842105263,0.6363636363636364,0.4444444444444444,0.3174603174603174,0.1232876712328767,0.0342465753424657,0.3082191780821918,0.2191780821917808,0.4657534246575342,0.1045751633986928,0.1052631578947368,0.4473684210526316,0.4473684210526316,1.6666666666666667,1.2307692307692306
Marcos_Giron,2.52,0.2330383480825958,0.569620253164557,0.1968348170128585,0.2462908011869436,0.0934903047091412,0.0190443213296398,0.2652354570637119,0.3029778393351801,0.4283240997229917,0.0489473684210526,0.1725663716814159,0.3702064896755162,0.4424778761061947,1.68859649122807,1.3016528925619837
Marin_Cilic,1.938006014341892,0.2157635467980295,0.6712328767123288,0.3276776246023329,0.2582184517497349,0.0986436498150431,0.015043156596794,0.2710234278668311,0.3233045622688039,0.3967940813810111,0.0842007864908628,0.2975369458128079,0.3605911330049261,0.3280788177339901,1.7477477477477479,1.3765060240963853
Martin_Borisiouk,2.573170731707317,0.2580645161290322,0.875,0.238095238095238,0.1904761904761904,0.065891472868217,0.0155038759689922,0.3294573643410852,0.2751937984496124,0.3914728682170542,0.0304878048780487,0.3064516129032258,0.3548387096774194,0.3225806451612903,1.4166666666666665,1.0799999999999998
Martin_Cuevas,2.25506072874494,0.3116883116883117,0.8333333333333334,0.0227272727272727,0.25,0.0483870967741935,0.0064516129032258,0.2935483870967741,0.3,0.4,0.0161943319838056,0.1948051948051948,0.3506493506493506,0.4285714285714285,2.6190476190476195,2.0476190476190474
Martin_Landaluce,2.318681318681319,0.1612903225806451,0.4,0.0208333333333333,0.2916666666666667,0.0333333333333333,0.0083333333333333,0.2916666666666667,0.2,0.4916666666666666,0.0109890109890109,0.1612903225806451,0.5161290322580645,0.1935483870967742,1.5833333333333335,0.75
Marton_Fucsovics,2.418250950570342,0.2470588235294117,0.6802721088435374,0.1612223393045311,0.2297154899894626,0.1738797395633856,0.0107238605898123,0.2899272309459977,0.2910762160091918,0.4117196476445806,0.0374796306355241,0.2689075630252101,0.3008403361344537,0.4084033613445378,2.2812500000000004,2.2030075187969924
Matteo_Arnaldi,2.194599228461209,0.3164739884393063,0.639269406392694,0.2280550774526678,0.2581755593803786,0.0796555435952637,0.0236813778256189,0.3110871905274489,0.2353785432364549,0.4445640473627557,0.0561508786969567,0.1618497109826589,0.3742774566473988,0.4523121387283237,1.407692307692308,1.366666666666667
Matteo_Berrettini,2.045279135580139,0.279835390946502,0.6544117647058824,0.4,0.2876404494382023,0.198867831651489,0.0322421855771597,0.2702436623184839,0.2670440561161703,0.393551562884568,0.1000771803447388,0.3641975308641975,0.2788065843621399,0.3333333333333333,4.006493506493507,2.8227848101265827
Mattia_Bellucci,2.028953229398664,0.2525252525252525,0.64,0.3891891891891892,0.2324324324324324,0.106060606060606,0.0411255411255411,0.3051948051948052,0.3333333333333333,0.3571428571428571,0.0846325167037861,0.1414141414141414,0.3737373737373737,0.4848484848484848,1.5,0.925
Max_Purcell,2.083123425692696,0.7407407407407407,0.6625,0.331578947368421,0.2052631578947368,0.113953488372093,0.0209302325581395,0.3372093023255814,0.227906976744186,0.4325581395348837,0.1108312342569269,0.1574074074074074,0.4814814814814814,0.3518518518518518,1.3823529411764706,2.812500000000001
Maxime_Cressy,1.6347755979575382,1.2960893854748603,0.625,0.5034013605442177,0.1526832955404383,0.0889077053344623,0.0156646909398814,0.3243014394580863,0.2938187976291279,0.3746824724809483,0.1295350712174146,0.2644320297951583,0.3072625698324022,0.3985102420856611,1.8362068965517249,1.7592592592592593
Michael_Mmoh,2.231404958677686,0.2547169811320754,0.7777777777777778,0.1666666666666666,0.1858974358974359,0.0626398210290827,0.0201342281879194,0.3176733780760626,0.3176733780760626,0.3579418344519016,0.0771349862258953,0.3962264150943396,0.2264150943396226,0.3584905660377358,0.8679245283018868,1.9677419354838714
Mikael_Ymer,2.87546699875467,0.1920529801324503,0.5948275862068966,0.0988888888888888,0.24,0.0654050464807436,0.0166002656042496,0.2297476759628154,0.2758964143426294,0.3386454183266932,0.0367372353673723,0.4652317880794702,0.2549668874172185,0.2649006622516556,0.8594771241830064,0.9553903345724906
Mikhail_Kukushkin,2.5265748031496065,0.2780898876404494,0.6565656565656566,0.0735294117647058,0.1764705882352941,0.1025145067698259,0.0186976144422952,0.283043197936815,0.2469374597034171,0.4667956157317859,0.0541338582677165,0.3061797752808989,0.3258426966292135,0.3342696629213483,1.7131147540983611,1.5045871559633026
Milos_Raonic,1.7144298688193744,0.6764705882352942,0.6,0.4089709762532981,0.258575197889182,0.0889830508474576,0.0127118644067796,0.3290960451977401,0.1723163841807909,0.4887005649717514,0.1220988900100908,0.3,0.2352941176470588,0.4176470588235294,5.4782608695652195,3.8181818181818192
Miomir_Kecmanovic,2.3291571753986333,0.1855421686746988,0.6298701298701299,0.147189349112426,0.1937869822485207,0.0742644958583261,0.0151385318480434,0.3281919451585261,0.278206226792345,0.3867466438160525,0.048215641609719,0.272289156626506,0.3337349397590361,0.3626506024096385,1.6928327645051193,1.6614785992217898
Mischa_Zverev,2.411764705882353,0.5757575757575758,0.631578947368421,0.0,0.1666666666666666,0.1333333333333333,0.0,0.2916666666666667,0.35,0.3583333333333333,0.0117647058823529,0.303030303030303,0.1818181818181818,0.4848484848484848,4.750000000000001,1.1428571428571428
Moez_Echargui,2.4605809128630707,0.4133333333333333,0.6129032258064516,0.1083333333333333,0.1333333333333333,0.0767045454545454,0.0255681818181818,0.3494318181818182,0.2443181818181818,0.3948863636363636,0.0622406639004149,0.24,0.4533333333333333,0.28,2.181818181818182,2.0526315789473686
Mohamed_Safwat,2.069672131147541,0.0701754385964912,1.0,0.2242990654205607,0.3925233644859813,0.0421455938697318,0.0306513409961685,0.3908045977011494,0.2298850574712643,0.3793103448275862,0.0614754098360655,0.175438596491228,0.4035087719298245,0.4210526315789473,1.7142857142857142,2.357142857142858
Nick_Kyrgios,1.8995581737849776,0.4755043227665706,0.6121212121212121,0.5306859205776173,0.2411552346570397,0.0599214145383104,0.0530451866404715,0.2832351015062213,0.3366077275703995,0.3670595939751146,0.1428571428571428,0.1512968299711815,0.4769452449567723,0.3602305475504322,1.527426160337553,1.1493775933609958
Nicola_Kuhn,2.376146788990826,0.3561643835616438,0.7307692307692307,0.1869158878504672,0.1682242990654205,0.08,0.03,0.2466666666666666,0.3033333333333333,0.4466666666666666,0.091743119266055,0.3561643835616438,0.2602739726027397,0.273972602739726,1.0625,1.24
Nicolas_Jarry,1.9049034175334325,0.3461538461538461,0.6601307189542484,0.4468325791855204,0.3269230769230769,0.0897646414887794,0.0142309797482211,0.2331691297208538,0.3787629994526546,0.3869731800766283,0.092620108964834,0.17420814479638,0.3936651583710407,0.4298642533936652,1.8510638297872342,1.3642857142857143
Nicolas_Mahut,1.7714285714285714,0.4857142857142857,0.8235294117647058,0.2112676056338028,0.1830985915492957,0.1555555555555555,0.037037037037037,0.2740740740740741,0.2296296296296296,0.4814814814814814,0.1485714285714285,0.2857142857142857,0.4285714285714285,0.2857142857142857,2.750000000000001,3.4000000000000017
Nicolas_Mejia,2.2867132867132867,0.3369565217391304,0.6129032258064516,0.1142857142857142,0.1428571428571428,0.1114130434782608,0.0163043478260869,0.2717391304347826,0.266304347826087,0.4619565217391304,0.0629370629370629,0.2826086956521739,0.2934782608695652,0.4021739130434782,2.0000000000000004,1.3333333333333335
Nikoloz_Basilashvili,2.137111517367459,0.0934256055363321,0.6666666666666666,0.24609375,0.375,0.0337620578778135,0.0072347266881028,0.2548231511254019,0.2845659163987138,0.3183279742765273,0.0475319926873857,0.301038062283737,0.2906574394463668,0.4013840830449827,1.5405405405405406,1.4666666666666666
Nishesh_Basavareddy,2.2554455445544552,0.2789115646258503,0.7073170731707317,0.3209366391184573,0.2162534435261708,0.0856992639327024,0.0184016824395373,0.3796004206098843,0.2103049421661409,0.4037854889589905,0.0646864686468646,0.2698412698412698,0.3061224489795918,0.4126984126984127,1.2282608695652177,1.3741496598639455
Novak_Djokovic,2.3515546374278298,0.2939112124934199,0.6597014925373135,0.3239113827349121,0.2278729673687657,0.0739535977425928,0.0187725348800752,0.3184276532371845,0.2353425301771437,0.422793541307415,0.0744213146882779,0.2489910510615897,0.3414634146341463,0.3830496578347078,1.3010425716768028,1.3605442176870748
Nuno_Borges,2.0667870036101084,0.2550335570469799,0.6842105263157895,0.228395061728395,0.2469135802469135,0.0981387478849407,0.0219966159052453,0.3595600676818951,0.2385786802030456,0.3908629441624365,0.0649819494584837,0.2416107382550335,0.3288590604026846,0.412751677852349,2.168674698795181,1.2058823529411764
Oleksii_Krutykh,2.2512195121951217,0.1854838709677419,0.7391304347826086,0.0796019900497512,0.1990049751243781,0.1052631578947368,0.0077972709551656,0.2475633528265107,0.2358674463937621,0.5126705653021443,0.0439024390243902,0.4032258064516129,0.3629032258064516,0.1935483870967742,0.9661016949152542,0.8269230769230771
Omar_Jasika,2.8091603053435112,0.2407407407407407,0.6923076923076923,0.0405405405405405,0.2567567567567567,0.0548523206751054,0.0126582278481012,0.3966244725738396,0.1434599156118143,0.459915611814346,0.0458015267175572,0.1666666666666666,0.2777777777777778,0.4444444444444444,1.476190476190476,1.7058823529411766
Oscar_Otte,1.7702702702702702,0.4864864864864865,0.6666666666666666,0.2681159420289855,0.2463768115942029,0.0631578947368421,0.0280701754385964,0.3368421052631579,0.1789473684210526,0.4596491228070175,0.1243243243243243,0.3108108108108108,0.2972972972972973,0.3918918918918919,1.727272727272727,2.3076923076923084
Otto_Virtanen,2.0165198237885464,0.4366812227074236,0.6,0.4292682926829268,0.2390243902439024,0.0303358613217768,0.0238353196099674,0.3553629469122427,0.2134344528710726,0.4214517876489707,0.0947136563876652,0.4279475982532751,0.2489082969432314,0.296943231441048,1.8767123287671232,0.8651685393258425
Ozan_Baris,2.0915032679738563,0.2954545454545454,0.3846153846153846,0.2028985507246377,0.3043478260869565,0.1017964071856287,0.0,0.2455089820359281,0.3772455089820359,0.3652694610778443,0.0718954248366013,0.2954545454545454,0.3636363636363636,0.3409090909090909,1.411764705882353,2.0
Pablo_Andujar,2.633093525179856,0.4356435643564356,0.6363636363636364,0.2418300653594771,0.3202614379084967,0.026431718061674,0.0198237885462555,0.2048458149779735,0.4933920704845815,0.3017621145374449,0.0467625899280575,0.2574257425742574,0.3366336633663366,0.4059405940594059,2.285714285714286,1.3888888888888888
Pablo_Carreno_Busta,2.299723332308638,0.2031403336604514,0.6570048309178744,0.2281437125748503,0.2239520958083832,0.0702459791863765,0.0130085146641438,0.3107852412488174,0.2793282876064333,0.4039735099337748,0.0627113433753458,0.3326790971540726,0.2855740922473013,0.3650637880274779,1.6602209944751383,1.5202492211838006
Patrick_Kypson,2.1354466858789625,0.25,0.7272727272727273,0.2848101265822785,0.2278481012658227,0.1040609137055837,0.0126903553299492,0.2360406091370558,0.3147208121827411,0.4467005076142132,0.0922190201729106,0.4090909090909091,0.2954545454545454,0.2727272727272727,2.32,1.6153846153846156
Paul_Jubb,2.293286219081272,0.3125,0.6666666666666666,0.0714285714285714,0.2207792207792207,0.1256830601092896,0.0027322404371584,0.4180327868852459,0.1967213114754098,0.3852459016393442,0.03886925795053,0.3125,0.2916666666666667,0.34375,2.8181818181818192,2.142857142857143
Pavel_Kotov,2.290178571428572,0.2567567567567567,0.5789473684210527,0.0990990990990991,0.2702702702702703,0.0934256055363321,0.0138408304498269,0.3044982698961938,0.1937716262975778,0.4913494809688581,0.0401785714285714,0.2027027027027027,0.3378378378378378,0.4324324324324324,2.0,1.8999999999999997
Pedro_Cachin,2.4554973821989527,0.2551020408163265,0.76,0.1061643835616438,0.184931506849315,0.0743405275779376,0.0047961630695443,0.2529976019184652,0.250599520383693,0.486810551558753,0.0610820244328097,0.4642857142857143,0.3010204081632653,0.1938775510204081,1.2409638554216869,1.0394736842105263
Pedro_Martinez,2.565807327001357,0.291743119266055,0.6792452830188679,0.1753958587088916,0.1632155907429963,0.102686308492201,0.0303292894280762,0.3180242634315424,0.2764298093587521,0.3990467937608319,0.0427408412483039,0.2954128440366972,0.3247706422018349,0.3522935779816514,2.3129251700680276,1.5641025641025643
Peter_Gojowczyk,2.1475029036004645,0.1688311688311688,0.5384615384615384,0.1234567901234567,0.3037037037037037,0.0698380566801619,0.0172064777327935,0.2591093117408907,0.3340080971659919,0.402834008097166,0.0429732868757259,0.3376623376623376,0.316017316017316,0.3246753246753247,1.1958762886597938,1.2891566265060241
Pierre_Hugues_Herbert,1.880294659300184,0.7863247863247863,0.717391304347826,0.3829787234042553,0.2382978723404255,0.0606694560669456,0.006276150627615,0.3451882845188284,0.1527196652719665,0.4874476987447699,0.0755064456721915,0.2307692307692307,0.3846153846153846,0.3418803418803419,2.0322580645161294,0.7948717948717947
Quentin_Halys,1.923344947735192,0.3707317073170731,0.8289473684210527,0.5153061224489796,0.211734693877551,0.0880503144654088,0.0226415094339622,0.30062893081761,0.1924528301886792,0.5006289308176101,0.1080139372822299,0.1804878048780487,0.3853658536585366,0.3951219512195122,1.3544303797468356,1.474576271186441
Radu_Albot,2.143312101910828,0.2228571428571428,0.5384615384615384,0.2154882154882154,0.2154882154882154,0.1128133704735376,0.0194986072423398,0.3272980501392757,0.277158774373259,0.3899721448467966,0.0605095541401273,0.3085714285714285,0.32,0.3428571428571428,2.375,2.3250000000000006
Rafael_Nadal,2.281087170821011,0.2681432610744581,0.6590509666080844,0.2576530612244898,0.207766439909297,0.0685940419918654,0.0156095416071232,0.3669341541167418,0.2129273386830823,0.3988127954270639,0.0701309674693705,0.2342130065975494,0.3934967012252592,0.3374175306314797,3.016096579476862,1.7990115321252063
Raphael_Collignon,2.8043478260869565,0.4102564102564102,0.625,0.0754716981132075,0.0943396226415094,0.0662650602409638,0.0060240963855421,0.3072289156626506,0.253012048192771,0.4277108433734939,0.0434782608695652,0.3333333333333333,0.4871794871794871,0.1538461538461538,1.5333333333333334,1.7000000000000002
Rei_Sakamoto,2.0088105726872247,0.3278688524590163,0.65,0.4579439252336448,0.2429906542056074,0.0524017467248908,0.0131004366812227,0.3056768558951965,0.2838427947598253,0.3973799126637554,0.079295154185022,0.360655737704918,0.2950819672131147,0.3114754098360656,2.1111111111111116,1.5294117647058825
Reilly_Opelka,1.7480512249443207,0.390625,0.628,0.5557217651458489,0.2655198204936425,0.1030889467807964,0.0163751395608485,0.2538146631931522,0.3427614439895795,0.3550427986602159,0.1378062360801781,0.25,0.39375,0.334375,1.8167539267015707,1.449197860962567
Richard_Gasquet,2.340921409214092,0.2734082397003745,0.6438356164383562,0.2548596112311015,0.2224622030237581,0.0901374292643492,0.028698464025869,0.2930476960388035,0.2817299919159256,0.4215844785772029,0.065040650406504,0.1853932584269663,0.3614232209737827,0.4344569288389513,1.370731707317073,1.2378378378378379
Rinky_Hijikata,2.0137614678899083,0.3679245283018867,0.5641025641025641,0.3764510779436152,0.2802653399668325,0.0610859728506787,0.0052790346907993,0.3031674208144796,0.2518853695324283,0.4374057315233786,0.0940366972477064,0.2830188679245283,0.3050314465408805,0.3993710691823899,1.7522935779816518,1.4368932038834952
Rio_Noguchi,2.0508474576271185,0.25,0.375,0.2807017543859649,0.3333333333333333,0.0725806451612903,0.0,0.2419354838709677,0.4516129032258064,0.3064516129032258,0.059322033898305,0.09375,0.34375,0.5625,2.2222222222222223,1.2727272727272727
Roberto_Bautista_Agut,2.6014709262238567,0.2270916334661354,0.6345029239766082,0.2639549978364344,0.216789268714842,0.083955223880597,0.0186567164179104,0.284443168771527,0.2682261768082664,0.4437428243398392,0.0664215122960239,0.1752988047808765,0.3804780876494024,0.4189907038512616,1.8941908713692948,1.2598870056497176
Roberto_Carballes_Baena,2.631578947368421,0.2560975609756097,0.6428571428571429,0.1645833333333333,0.1708333333333333,0.1202956989247311,0.0255376344086021,0.2600806451612903,0.2620967741935484,0.4724462365591398,0.043859649122807,0.3384146341463415,0.2256097560975609,0.4146341463414634,2.441860465116279,1.3047619047619048
Roberto_Quiroz,2.6989247311827955,0.303030303030303,0.7,0.04,0.36,0.2594936708860759,0.0126582278481012,0.2974683544303797,0.1835443037974683,0.5126582278481012,0.021505376344086,0.303030303030303,0.3939393939393939,0.303030303030303,23.000000000000004,24.0
Robin_Haase,2.1350087668030397,0.32,0.7039473684210527,0.1172839506172839,0.1716049382716049,0.1575695159629248,0.0375901132852729,0.2739443872296601,0.2631307929969104,0.4521112255406797,0.0683810637054354,0.3326315789473684,0.3557894736842105,0.2821052631578947,3.773809523809526,2.247422680412372
Roger_Federer,2.1171277221895237,0.3640256959314775,0.6941176470588235,0.1904205607476635,0.1939252336448598,0.1101159114857745,0.0094836670179135,0.3108535300316122,0.2228661749209694,0.4615384615384615,0.0747498528546203,0.2312633832976445,0.3554603854389722,0.3747323340471092,1.8461538461538467,1.9732142857142858
Roman_Safiullin,2.077793493635078,0.2873563218390804,0.63,0.1927710843373494,0.2816265060240964,0.0518372703412073,0.0177165354330708,0.3536745406824147,0.2093175853018372,0.4271653543307087,0.0671852899575671,0.3132183908045977,0.278735632183908,0.3850574712643678,1.7563025210084036,1.3333333333333335
Sam_Querrey,1.6176470588235294,0.3095238095238095,0.6923076923076923,0.4238095238095238,0.2333333333333333,0.0280112044817927,0.0196078431372549,0.299719887955182,0.299719887955182,0.392156862745098,0.1245674740484429,0.3452380952380952,0.369047619047619,0.25,2.3750000000000004,1.2
Sebastian_Baez,2.696835443037975,0.2192242833052276,0.5615384615384615,0.1638608305274972,0.2570145903479237,0.0835509138381201,0.0205147333084669,0.2976501305483028,0.2905632226781052,0.3972398358821335,0.0462025316455696,0.2175379426644182,0.4266441821247892,0.3372681281618887,1.8217821782178216,1.4761904761904763
Sebastian_Korda,2.2077952571026063,0.2739950779327317,0.6467065868263473,0.2857850421000495,0.2842991579990094,0.0806765163297045,0.0120528771384136,0.3244556765163297,0.2282270606531881,0.4414852255054432,0.0662127259920169,0.2165709598031173,0.3511074651353568,0.40935192780968,1.2985971943887777,1.2291666666666667
Sebastian_Ofner,2.095486111111111,0.2264150943396226,0.75,0.2656826568265683,0.2361623616236162,0.0839936608557844,0.0475435816164817,0.3692551505546751,0.1980982567353407,0.4278922345483359,0.0677083333333333,0.320754716981132,0.3018867924528302,0.3522012578616352,1.4363636363636367,1.3653846153846154
Sergiy_Stakhovsky,1.8727272727272728,0.746031746031746,0.5957446808510638,0.1239669421487603,0.1900826446280991,0.1166666666666666,0.0041666666666666,0.3125,0.2625,0.4125,0.0763636363636363,0.4126984126984127,0.3492063492063492,0.2063492063492063,1.3000000000000003,1.2352941176470589
Soon_Woo_Kwon,2.078326180257511,0.2130434782608695,0.7551020408163265,0.1850117096018735,0.1756440281030445,0.1004975124378109,0.0398009950248756,0.299502487562189,0.263681592039801,0.4308457711442786,0.0729613733905579,0.2304347826086956,0.308695652173913,0.4347826086956521,2.618181818181818,1.2533333333333334
Stan_Wawrinka,2.27138834741174,0.2492668621700879,0.6794117647058824,0.277753009362461,0.2639322336156933,0.1076660988074957,0.0156729131175468,0.3373083475298126,0.2487223168654173,0.4080068143100511,0.0658436213991769,0.1928152492668621,0.3255131964809384,0.4596774193548387,1.9904534606205255,1.68586387434555
Stefan_Kozlov,2.310185185185185,0.2317073170731707,0.6842105263157895,0.112,0.136,0.0565371024734982,0.0494699646643109,0.3109540636042402,0.1802120141342756,0.5053003533568905,0.074074074074074,0.1707317073170731,0.2439024390243902,0.5853658536585366,2.523809523809524,2.875
Stefanos_Tsitsipas,2.0907196443456515,0.3544336908187287,0.6952029520295203,0.3617528692800715,0.2425100611119391,0.0629219207744236,0.0203158833269647,0.3333970194879633,0.1992102916825882,0.4476499808941536,0.074812447902195,0.2521579911064609,0.3672508501177086,0.3612346324875752,2.257380073800738,1.5492831541218641
Steve_Darcis,2.962264150943396,0.2613636363636363,0.5,0.0464135021097046,0.2151898734177215,0.2620192307692308,0.0096153846153846,0.2620192307692308,0.3004807692307692,0.4290865384615384,0.0377358490566037,0.3181818181818182,0.2443181818181818,0.3977272727272727,2.6486486486486487,2.258064516129033
Steve_Johnson,1.9272727272727272,0.25,0.6851851851851852,0.342042755344418,0.2779097387173396,0.1949250288350634,0.0126874279123414,0.3044982698961938,0.2514417531718569,0.4175317185697808,0.0844919786096256,0.2777777777777778,0.3518518518518518,0.3611111111111111,2.638297872340426,3.0270270270270268
Steven_Diez,2.184049079754601,0.2,0.6363636363636364,0.0229885057471264,0.1494252873563218,0.0207253886010362,0.0155440414507772,0.2694300518134715,0.2072538860103626,0.5129533678756477,0.0552147239263803,0.1636363636363636,0.4909090909090909,0.3272727272727272,2.8571428571428577,1.5789473684210527
Strong_Kirchheimer,2.0727272727272728,0.4166666666666667,0.55,0.2125,0.25,0.0903954802259887,0.0056497175141242,0.2824858757062147,0.3163841807909605,0.384180790960452,0.0484848484848484,0.2083333333333333,0.4375,0.3125,3.5000000000000004,7.250000000000003
Tallon_Griekspoor,1.9123165744527304,0.419183889772125,0.6738305941845765,0.2052834342322509,0.2052834342322509,0.0990112063282795,0.018457481872116,0.3497692814765985,0.2090969017798286,0.4350692155570204,0.0898484484002886,0.2527821939586645,0.3386327503974563,0.3751987281399046,2.182692307692308,2.2506329113924055
Taro_Daniel,2.2857142857142856,0.1802325581395348,0.7419354838709677,0.2544802867383512,0.2544802867383512,0.0699588477366255,0.0123456790123456,0.3168724279835391,0.223593964334705,0.4567901234567901,0.0476190476190476,0.191860465116279,0.436046511627907,0.3604651162790697,1.6612903225806455,1.0447761194029852
Taylor_Fritz,2.21122599704579,0.2359741584495069,0.7017291066282421,0.3537143995220075,0.2318263294164509,0.0638719512195122,0.0143292682926829,0.2858993902439024,0.2801067073170731,0.3994664634146341,0.0829948301329394,0.2485549132947976,0.3747024821489289,0.361101666099966,1.362627986348123,1.3188824662813101
Tennys_Sandgren,2.1595845136921623,0.2526690391459075,0.7183098591549296,0.2649572649572649,0.2136752136752136,0.1164495114006514,0.021986970684039,0.2866449511400651,0.3004885993485342,0.4047231270358306,0.1019830028328611,0.2918149466192171,0.3238434163701068,0.3558718861209964,2.024390243902439,1.6025641025641024
Thanasi_Kokkinakis,2.0379901960784315,0.2252396166134185,0.7163120567375887,0.2742805755395683,0.2302158273381295,0.1086186540731995,0.0066902794175521,0.3164108618654073,0.2140889413616686,0.4309327036599764,0.1062091503267973,0.2939297124600639,0.3099041533546325,0.3674121405750798,2.2078651685393265,2.103896103896104
Thiago_Monteiro,1.9503311258278144,0.3636363636363636,0.6666666666666666,0.4566929133858268,0.2283464566929134,0.1324041811846689,0.0209059233449477,0.3205574912891986,0.3344947735191638,0.337979094076655,0.1324503311258278,0.2424242424242424,0.4090909090909091,0.303030303030303,2.0,1.5500000000000003
Thiago_Seyboth_Wild,1.952941176470588,0.2660098522167488,0.7037037037037037,0.1925,0.215,0.0938271604938271,0.0209876543209876,0.3358024691358025,0.2777777777777778,0.3765432098765432,0.08,0.1921182266009852,0.4137931034482758,0.3694581280788177,1.170731707317073,1.507692307692308
Thijs_Boogaard,2.04093567251462,0.3478260869565217,0.6875,0.3333333333333333,0.2,0.0505617977528089,0.0168539325842696,0.3820224719101123,0.196629213483146,0.4157303370786517,0.0584795321637426,0.3260869565217391,0.217391304347826,0.4565217391304347,1.3,0.7391304347826086
Tim_Van_Rijthoven,1.8250790305584823,0.4350282485875706,0.7662337662337663,0.3116531165311653,0.2466124661246612,0.1021711366538952,0.0166028097062579,0.3652618135376756,0.1787994891443167,0.3256704980842911,0.1285563751317176,0.2146892655367231,0.3559322033898305,0.3954802259887006,3.6470588235294117,3.5555555555555567
Timofey_Skatov,2.2291666666666665,0.15,0.4444444444444444,0.0326086956521739,0.2934782608695652,0.0508474576271186,0.0042372881355932,0.3983050847457627,0.3516949152542373,0.2330508474576271,0.0260416666666666,0.45,0.2,0.3333333333333333,1.521739130434783,3.0000000000000013
Tomas_Barrios_Vera,2.1144578313253013,0.1886792452830188,0.5,0.0823529411764705,0.188235294117647,0.027027027027027,0.0486486486486486,0.2864864864864865,0.2594594594594595,0.4378378378378378,0.0602409638554216,0.320754716981132,0.3584905660377358,0.320754716981132,1.0,1.5625
Tomas_Machac,2.1000425713069397,0.3349358974358974,0.6794258373205742,0.2662565905096661,0.2390158172231986,0.0638544891640866,0.0058049535603715,0.3192724458204334,0.2407120743034055,0.4330495356037152,0.0659855257556406,0.2692307692307692,0.3878205128205128,0.328525641025641,1.053191489361702,1.0042735042735043
Tomas_Martin_Etcheverry,2.591769547325103,0.2551724137931034,0.6666666666666666,0.1281645569620253,0.2104430379746835,0.0739400206825232,0.0077559462254395,0.2761116856256463,0.2414684591520165,0.4731127197518097,0.0543209876543209,0.3862068965517241,0.2597701149425287,0.328735632183908,2.0218978102189786,1.4246575342465753
Tommy_Paul,2.241961414790997,0.3127753303964757,0.6566901408450704,0.2698724239450442,0.2518809290153745,0.0702912621359223,0.0098381877022653,0.3136569579288026,0.212168284789644,0.4617475728155339,0.0572347266881028,0.2813876651982379,0.2990088105726872,0.3937224669603524,1.6484374999999998,1.3523489932885906
Tristan_Schoolkate,1.7899686520376177,0.3816793893129771,0.64,0.2921348314606741,0.2434456928838951,0.0833333333333333,0.0119047619047619,0.3630952380952381,0.1865079365079365,0.4404761904761904,0.0564263322884012,0.2366412213740458,0.4503816793893129,0.2748091603053435,3.285714285714287,2.7499999999999996
Tung_Lin_Wu,2.038022813688213,0.1666666666666666,0.5,0.4065040650406504,0.1544715447154471,0.0476190476190476,0.0,0.3406593406593406,0.3003663003663003,0.358974358974359,0.0646387832699619,0.2,0.3833333333333333,0.4166666666666667,1.6818181818181823,2.6428571428571432
Ugo_Blanchet,2.0528169014084505,0.4202898550724637,0.5862068965517241,0.4014598540145985,0.2554744525547445,0.0735785953177257,0.0301003344481605,0.3812709030100334,0.2341137123745819,0.3779264214046823,0.0739436619718309,0.3333333333333333,0.3333333333333333,0.3333333333333333,3.285714285714285,2.0
Ugo_Humbert,2.180880185302169,0.2050708426547352,0.6618181818181819,0.2906468531468531,0.2574300699300699,0.0904065620542082,0.0110556348074179,0.3450427960057061,0.2924393723252496,0.3585948644793152,0.0686460307433143,0.1409395973154362,0.4668158090976883,0.3818046234153616,1.4889779559118237,1.1746031746031746
Vasek_Pospisil,1.911349520045172,0.528,0.6767676767676768,0.2998661311914324,0.2476572958500669,0.1078066914498141,0.0130111524163568,0.2670384138785626,0.2893432465923172,0.3358116480793061,0.0779220779220779,0.2933333333333333,0.368,0.328,2.6506024096385548,1.8571428571428574
Viktor_Durasovic,2.043771043771044,0.2631578947368421,0.6,0.2302158273381295,0.237410071942446,0.0741935483870967,0.0290322580645161,0.3903225806451613,0.2354838709677419,0.3709677419354839,0.0437710437710437,0.1973684210526315,0.4605263157894737,0.3421052631578947,2.3809523809523814,1.153846153846154
Yannick_Hanfmann,1.9855072463768115,0.39,0.5897435897435898,0.334975369458128,0.3103448275862069,0.0735294117647058,0.034313725490196,0.3039215686274509,0.2990196078431372,0.3799019607843137,0.0603864734299516,0.29,0.38,0.32,1.5714285714285716,1.88
Yasutaka_Uchiyama,2.2286585365853657,0.2111111111111111,0.6842105263157895,0.4049079754601227,0.1226993865030674,0.0694789081885856,0.009925558312655,0.3052109181141439,0.2357320099255583,0.4540942928039702,0.0853658536585365,0.2555555555555555,0.3777777777777777,0.3666666666666666,2.107142857142857,1.6296296296296295
Yibing_Wu,2.2052067381317,0.2395833333333333,0.6956521739130435,0.2095238095238095,0.1746031746031746,0.1003811944091486,0.0190597204574332,0.3074968233799237,0.2350698856416772,0.4434561626429479,0.0612557427258805,0.2760416666666667,0.3489583333333333,0.3541666666666667,1.608695652173913,2.386363636363637
Yoshihito_Nishioka,2.472670484122853,0.2091603053435114,0.6715328467153284,0.2439729990356798,0.2651880424300868,0.0554966419229409,0.0102509720749381,0.280311063980205,0.3761046306115235,0.3336868151290209,0.0489328474752732,0.2412213740458015,0.4030534351145038,0.3450381679389313,1.5263157894736845,1.5090090090090094
Yosuke_Watanuki,2.0625,0.1351351351351351,0.6,0.3114754098360656,0.360655737704918,0.0392156862745098,0.0130718954248366,0.3071895424836601,0.2222222222222222,0.4705882352941176,0.0555555555555555,0.2702702702702703,0.1891891891891892,0.4594594594594595,0.8421052631578947,1.2000000000000002
Yu_Hsiou_Hsu,2.213740458015267,0.3043478260869565,0.5714285714285714,0.1291866028708134,0.2583732057416268,0.0628930817610062,0.0062893081761006,0.3438155136268344,0.2285115303983228,0.4213836477987421,0.0839694656488549,0.3130434782608696,0.3217391304347826,0.3391304347826087,2.333333333333334,2.0800000000000005
Zachary_Svajda,2.045774647887324,0.1772151898734177,0.7142857142857143,0.3461538461538461,0.1615384615384615,0.0673400673400673,0.0101010101010101,0.2794612794612794,0.303030303030303,0.4141414141414141,0.0880281690140845,0.4556962025316455,0.2784810126582278,0.2658227848101265,1.1714285714285715,1.133333333333333
Zhizhen_Zhang,1.9814492753623187,0.2874109263657957,0.6363636363636364,0.2952755905511811,0.2677165354330709,0.0614294152392203,0.008860011813349,0.3325457767277023,0.2528056704075605,0.3998818665091553,0.0933333333333333,0.2565320665083135,0.3539192399049881,0.3491686460807601,2.2868852459016398,2.271844660194175
Zizou_Bergs,2.033512064343164,0.3473684210526316,0.6515151515151515,0.3431952662721893,0.2840236686390532,0.0661478599221789,0.0389105058365758,0.3229571984435798,0.2217898832684824,0.4461738002594034,0.0938337801608579,0.331578947368421,0.3368421052631579,0.2894736842105263,2.107142857142858,2.222222222222223
